title,note,url,tags,comment,source_list,status
The Lamb,,https://www.google.com/maps/place/The+Lamb/data=!4m2!3m1!1s0x85d1ff3a610c0001:0x8bcbfa604970f4aa,,,CDMX,visited
La Once Mil - Roma Norte,,https://www.google.com/maps/place/La+Once+Mil+-+Roma+Norte/data=!4m2!3m1!1s0x85d1ff005adfb7d3:0xd652330b4035e930,,,CDMX,visited
Panadería Rosetta,,https://www.google.com/maps/place/Panader%C3%ADa+Rosetta/data=!4m2!3m1!1s0x85d1ff3a738df1fb:0xc83c192f6107982c,,,CDMX,visited
Bagels Lepu,Bagels buenos y grandes,https://www.google.com/maps/place/Bagels+Lepu/data=!4m2!3m1!1s0x85d1ff0065cb765f:0xf8a886f115699fec,,,CDMX,visited
La Americana,,https://www.google.com/maps/place/La+Americana/data=!4m2!3m1!1s0x85d1ff003bc753e3:0x76b532c620328387,,,CDMX,visited
Boogie's Pizza,Gran spot para comer rapido y echar una chela porque no hay mucho donde sentarte. La pizza de burrata espectacular. Me quedé con antojo de la de ricotta.,https://www.google.com/maps/place/Boogie's+Pizza/data=!4m2!3m1!1s0x85d1ff2f278baafb:0xf7484f59030a5e3b,,,CDMX,visited
Lardo,Muy agusto lugar. La hamburguesa buenísima y la lasagna de conejo tambien.,https://www.google.com/maps/place/Lardo/data=!4m2!3m1!1s0x85d1ff45bd47fe73:0x4528d0b3c4abd2b8,,,CDMX,visited
Félix Parque,,https://www.google.com/maps/place/F%C3%A9lix+Parque/data=!4m2!3m1!1s0x85d1ff0016f49711:0x7694266ba31b39e1,,,CDMX,visited
GIA,,https://www.google.com/maps/place/GIA/data=!4m2!3m1!1s0x85d1ff6a02f13025:0x8efd2b9f750d53a3,,,CDMX,visited
Tetetlán,,https://www.google.com/maps/place/Tetetl%C3%A1n/data=!4m2!3m1!1s0x85cdfff13e2a69a7:0x2c5bca334690c7cd,,,CDMX,visited
Museo de Arte Moderno,,https://www.google.com/maps/place/Museo+de+Arte+Moderno/data=!4m2!3m1!1s0x85d1f92b75aa014d:0x75a3b54be4cda224,,,CDMX,visited
Museo Tamayo Arte Contemporáneo,,https://www.google.com/maps/place/Museo+Tamayo+Arte+Contempor%C3%A1neo/data=!4m2!3m1!1s0x85d1ff53d2614b4b:0x2cd41906d3e91652,,,CDMX,visited
Chalino Chino,De sonora mezcla con chino! Buenisismo como de mariscos y asi tipo el fishers,https://www.google.com/maps/place/Chalino+Chino/data=!4m2!3m1!1s0x85d1ff46959eee01:0xf512e3d48eb15566,,,CDMX,visited
Pisca,,https://www.google.com/maps/place/Pisca/data=!4m2!3m1!1s0x85d1ffc6c0614d69:0xf4037d9a57662c8f,,,CDMX,visited
Mendl Delicatessen,,https://www.google.com/maps/place/Mendl+Delicatessen/data=!4m2!3m1!1s0x85d1fff467584079:0x5f5782a1e1db88a1,,,CDMX,visited
MARU CAFÉ ( 마루 ),,https://www.google.com/maps/place/MARU+CAF%C3%89+(+%EB%A7%88%EB%A3%A8+)/data=!4m2!3m1!1s0x85d1ffb9fb008987:0x6eb46cb01f10a621,,,CDMX,visited
Saint,,https://www.google.com/maps/place/Saint/data=!4m2!3m1!1s0x85d1ffcd3784285d:0xe7ab200d54e4fe35,,,CDMX,visited
Helados Meñique,,https://www.google.com/maps/place/Helados+Me%C3%B1ique/data=!4m2!3m1!1s0x85d1ff403c9b6687:0x1dad179c083f56a5,,,CDMX,visited
El Minutito,,https://www.google.com/maps/place/El+Minutito/data=!4m2!3m1!1s0x85d1ff0043621877:0x8f6a5afdf1420789,,,CDMX,visited
Lagerbar Hércules,Pub mexicano,https://www.google.com/maps/place/Lagerbar+H%C3%A9rcules/data=!4m2!3m1!1s0x85d1ff2aaf89182d:0x14240ca0eb2203a1,,,CDMX,visited
Nils ı Café de especialidad y Gente Increíble,Buen lugar para cafe y compu,https://www.google.com/maps/place/Nils+%C4%B1+Caf%C3%A9+de+especialidad+y+Gente+Incre%C3%ADble/data=!4m2!3m1!1s0x85d1ff3097bcdd63:0x9fe15247da2899b3,,,CDMX,visited
ANOTHeR,,https://www.google.com/maps/place/ANOTHeR/data=!4m2!3m1!1s0x85d1ff0010a095fb:0x874144f1becf6e9c,,,CDMX,visited
Cucurucho Condesa,,https://www.google.com/maps/place/Cucurucho+Condesa/data=!4m2!3m1!1s0x85d1ff1678d3b9a5:0x2a2c396d71052da1,,,CDMX,visited
Shoma Hand Roll Bar,,https://www.google.com/maps/place/Shoma+Hand+Roll+Bar/data=!4m2!3m1!1s0x85d1ffcffac7bf81:0xd94aa7771b68c1db,,,CDMX,visited
Qūentin Café,,https://www.google.com/maps/place/Q%C5%ABentin+Caf%C3%A9/data=!4m2!3m1!1s0x85d1ff881f301079:0xa29b2ea96d56a4f7,,,CDMX,visited
Chabela Bocaderia & Ultramarinos,"Gran lugar de tapas, vermut y asi! ",https://www.google.com/maps/place/Chabela+Bocaderia+%26+Ultramarinos/data=!4m2!3m1!1s0x85d1ff00506da84f:0x5d5778254a9f0bf,,,CDMX,visited
Del Rio Café,Deli cafe chiquito para sentarte (mxn hjem),https://www.google.com/maps/place/Del+Rio+Caf%C3%A9/data=!4m2!3m1!1s0x85d1ff0007e2fdd9:0x8d6001df6b2205ca,,,CDMX,visited
Castacán,"Tacos de cochinita deli, me quede con ganas de probar el de verduras",https://www.google.com/maps/place/Castac%C3%A1n/data=!4m2!3m1!1s0x85d1ffe455fe5163:0xef73e31f17baebfd,,,CDMX,visited
Cedrón,,https://www.google.com/maps/place/Cedr%C3%B3n/data=!4m2!3m1!1s0x85d1ff45ade25bd5:0x790a7f333843cc92,,,CDMX,visited
Restaurante Torino Santa Fe,,https://www.google.com/maps/place/Restaurante+Torino+Santa+Fe/data=!4m2!3m1!1s0x85d20188fdfc6111:0x39ebe85736e890f,,,CDMX,visited
SARDE,,https://www.google.com/maps/place/SARDE/data=!4m2!3m1!1s0x85d1ffda2e3c4625:0x4f6da15866a4129a,,,CDMX,visited
Merotoro,,https://www.google.com/maps/place/Merotoro/data=!4m2!3m1!1s0x85d1ff4041c7d6cd:0xc942a461f2b15ad5,,,CDMX,visited
Chiquitito Café,,https://www.google.com/maps/place/Chiquitito+Caf%C3%A9/data=!4m2!3m1!1s0x85d1ff003c836799:0x93c1c2ab4e07ed7,,,CDMX,visited
TRAMPA,Buenos drinks,https://www.google.com/maps/place/TRAMPA/data=!4m2!3m1!1s0x85d1ffa0cb54bb0f:0x69f391760918ecee,,,CDMX,visited
Caiman,Buen bar,https://www.google.com/maps/place/Caiman/data=!4m2!3m1!1s0x85d1ff474cf3aba9:0x251fd7705986d040,,,CDMX,visited
El Mekong ទន្លេមេគង្គ,Cantina asiatica con un taco de birria deli! Lo demas pica demasiado como asiatico spicy,https://www.google.com/maps/place/El+Mekong+%E1%9E%91%E1%9E%93%E1%9F%92%E1%9E%9B%E1%9F%81%E1%9E%98%E1%9F%81%E1%9E%82%E1%9E%84%E1%9F%92%E1%9E%82/data=!4m2!3m1!1s0x85d1ff0074baeca7:0xea92db7da3f4c31b,,,CDMX,visited
Hugo,Wine bar favorito de la cdmx. Gran lugar para cenar en date y compartir platos. Buena musica. Los ñoquis son buenisimos,https://www.google.com/maps/place/Hugo/data=!4m2!3m1!1s0x85d1ffdaf4634243:0xd185f7e52f6b9716,,,CDMX,visited
Botánico,Muy buen restaurante y tiene una terraza que puedes apartar para drinks y botanas con mas personas. Las tostadas de atun impresionantes,https://www.google.com/maps/place/Bot%C3%A1nico/data=!4m2!3m1!1s0x85d1ffa6074f148f:0x72687d1fd40d86cd,,,CDMX,visited
Restaurante Castizo,Buen restaurante español con muchas opciones de mesa depende el plan. Buenisimos los arroces y las flores de calabaza rellenas de queso,https://www.google.com/maps/place/Restaurante+Castizo/data=!4m2!3m1!1s0x85d1ff09aa344311:0xb7eb81da3b6c75dd,,,CDMX,visited
Koku,"Sushi casual favorito de la cdmx. El menu es muy extenso y tienen de todo, desde rollos hasta ramen. Sushi cakes de atun y rollo callo con elote",https://www.google.com/maps/place/Koku/data=!4m2!3m1!1s0x85d1ff5fb2fc892f:0x99cab7751b11c703,,,CDMX,visited
ODETTE CONDESA,Muy buen cafe y excelente ubicacion y local. El pan lo hacen al momento,https://www.google.com/maps/place/ODETTE+CONDESA/data=!4m2!3m1!1s0x85d1ff05f3996019:0x4fbf318d62cb98d7,,,CDMX,visited
Canton Mexicali 廣東墨西加利,El mejor restaurante chino de la CDMX probablemente. Buenos los dan dan cacahuate y el pollo general. Cierra tarde,https://www.google.com/maps/place/Canton+Mexicali+%E5%BB%A3%E6%9D%B1%E5%A2%A8%E8%A5%BF%E5%8A%A0%E5%88%A9/data=!4m2!3m1!1s0x85d1ff8cad92027f:0x5c6cc10b834e50fa,,,CDMX,visited
Bobo Burgers & Café (Condesa),,https://www.google.com/maps/place/Bobo+Burgers+%26+Caf%C3%A9+(Condesa)/data=!4m2!3m1!1s0x85d1ff69ffdd7f8d:0x4da164a55500a1c0,,,CDMX,visited
CIENA,,https://www.google.com/maps/place/CIENA/data=!4m2!3m1!1s0x85d1ff42c8645973:0x345df2fea91984a,,,CDMX,visited
Tacos Los Caramelos - Condesa,,https://www.google.com/maps/place/Tacos+Los+Caramelos+-+Condesa/data=!4m2!3m1!1s0x85d1ff1a09ae75db:0x86da44977d2c5293,,,CDMX,visited
El Jugador Número 12,,https://www.google.com/maps/place/El+Jugador+N%C3%BAmero+12/data=!4m2!3m1!1s0x85d1ffe60ac6f3fd:0x62c19ebcbcb9cf6,,,CDMX,visited
Nima Local House Hotel & Spa,,https://www.google.com/maps/place/Nima+Local+House+Hotel+%26+Spa/data=!4m2!3m1!1s0x85d1ff39f1ac222b:0x179fc326efc6b5e7,,,CDMX,visited
Huset,,https://www.google.com/maps/place/Huset/data=!4m2!3m1!1s0x85d1ff39c1498751:0x1da7bb872877380e,,,CDMX,visited
Maizajo,,https://www.google.com/maps/place/Maizajo/data=!4m2!3m1!1s0x85d1f8662726bc5d:0xd437703208a9d19a,,,CDMX,visited
Café de Nadie,,https://www.google.com/maps/place/Caf%C3%A9+de+Nadie/data=!4m2!3m1!1s0x85d1ff1edbce70ff:0xdb713a3a894989bc,,,CDMX,visited
Marmota,,https://www.google.com/maps/place/Marmota/data=!4m2!3m1!1s0x85d1ff15961c2aaf:0xcd3331459a131b84,,,CDMX,visited
ODETTE,,https://www.google.com/maps/place/ODETTE/data=!4m2!3m1!1s0x85d2019ed4e5d627:0xb699296e5b1042c,,,CDMX,visited
Koku,Rollo de elote,https://www.google.com/maps/place/Koku/data=!4m2!3m1!1s0x85d1ff35125b2955:0xe1b2bed9ffa11fb,,,CDMX,visited
Miru,,https://www.google.com/maps/place/Miru/data=!4m2!3m1!1s0x85d2016e34b602c5:0x6373183a8add04ad,,,CDMX,visited
Tokyo Music Bar,,https://www.google.com/maps/place/Tokyo+Music+Bar/data=!4m2!3m1!1s0x85d1ff8d7e6f294d:0x6f07f510fc94e4aa,,,CDMX,visited
Le Tachinomi Desu,Restaurante mini y de mis favoritos,https://www.google.com/maps/place/Le+Tachinomi+Desu/data=!4m2!3m1!1s0x85d1ff4aec23a511:0x282bd999a031aec,,,CDMX,visited
ololo,Bar deli,https://www.google.com/maps/place/ololo/data=!4m2!3m1!1s0x85d1ff789601db3b:0x185e5746da0e77f6,,,CDMX,visited
Sesame,Baos deli,https://www.google.com/maps/place/Sesame/data=!4m2!3m1!1s0x85d1ff3a7484228b:0xa00a3a365e24ff87,,,CDMX,visited
Niddo Oxford,,https://www.google.com/maps/place/Niddo+Oxford/data=!4m2!3m1!1s0x85d1ffeb20a1918b:0x80ec2e159839511d,,,CDMX,visited
Máximo,,https://www.google.com/maps/place/M%C3%A1ximo/data=!4m2!3m1!1s0x85d1ff3be3010d77:0x61a7328c1d52cc2b,,,CDMX,visited
Puntarena,,https://www.google.com/maps/place/Puntarena/data=!4m2!3m1!1s0x85d2010d1a10adcb:0xf4fee3504d49b2b6,,,CDMX,visited
Puntarena,,https://www.google.com/maps/place/Puntarena/data=!4m2!3m1!1s0x85d200cc992871b1:0x98e7835f6311b5cb,,,CDMX,visited
Ginza Barra,,https://www.google.com/maps/place/Ginza+Barra/data=!4m2!3m1!1s0x85d2013b301e79df:0x9e5b05af4ce0ee1d,,,CDMX,visited
Eno,,https://www.google.com/maps/place/Eno/data=!4m2!3m1!1s0x85d201f2d77708b7:0xd31fb2657959d798,,,CDMX,visited
Zeru Lomas,,https://www.google.com/maps/place/Zeru+Lomas/data=!4m2!3m1!1s0x85d2016386a96733:0x55c7fcbfdf53822b,,,CDMX,visited
LaMari,,https://www.google.com/maps/place/LaMari/data=!4m2!3m1!1s0x85d201922fec07dd:0xcf17aaf71c77af2e,,,CDMX,visited
Sandoi,,https://www.google.com/maps/place/Sandoi/data=!4m2!3m1!1s0x85d2015adacd450f:0x7d8d3d132d12ff6c,,,CDMX,visited
Roca,,https://www.google.com/maps/place/Roca/data=!4m2!3m1!1s0x85d2018d1482e875:0x1e27dedf1a25f0a2,,,CDMX,visited
One Pound Terraza,,https://www.google.com/maps/place/One+Pound+Terraza/data=!4m2!3m1!1s0x85d201d2ba6fdcd1:0x3bd34519d6b1e3e5,,,CDMX,visited
Ajoblanco,,https://www.google.com/maps/place/Ajoblanco/data=!4m2!3m1!1s0x85d201c42d492ddd:0x4914428c6e0f11b3,,,CDMX,visited
Prendes,,https://www.google.com/maps/place/Prendes/data=!4m2!3m1!1s0x85d1ff634e2a7971:0xa619806d91d2be80,,,CDMX,visited
Boccado Prendes La Mexicana,,https://www.google.com/maps/place/Boccado+Prendes+La+Mexicana/data=!4m2!3m1!1s0x85d201b6d809bb5b:0x50994797b7d24440,,,CDMX,visited
Estoril,,https://www.google.com/maps/place/Estoril/data=!4m2!3m1!1s0x85d200c4b98ed481:0xcae37a051ee80a0a,,,CDMX,visited
Jin San,,https://www.google.com/maps/place/Jin+San/data=!4m2!3m1!1s0x85d200e7c7857b93:0xa65d797e529e51c3,,,CDMX,visited
Sakai Santa Fe,,https://www.google.com/maps/place/Sakai+Santa+Fe/data=!4m2!3m1!1s0x85d201e2c6ec0c8d:0xf0735b8e46bbe3d8,,,CDMX,visited
Onomura Santa Fe,,https://www.google.com/maps/place/Onomura+Santa+Fe/data=!4m2!3m1!1s0x85d201446353c655:0x5d069ee5e1c4c774,,,CDMX,visited
Onomura Prado Norte,,https://www.google.com/maps/place/Onomura+Prado+Norte/data=!4m2!3m1!1s0x85d2015439d13f33:0x2c380b9de92d6fe2,,,CDMX,visited
Contramar,,https://www.google.com/maps/place/Contramar/data=!4m2!3m1!1s0x85d1ff2fbf2f3f7b:0xe8a4468e5f14a3f,,,CDMX,visited
La Esquina Del Chilaquil,,https://www.google.com/maps/place/La+Esquina+Del+Chilaquil/data=!4m2!3m1!1s0x85d1ff428f61a6a3:0xec757c64e0f05944,,,CDMX,visited
Restaurante Rosetta,,https://www.google.com/maps/place/Restaurante+Rosetta/data=!4m2!3m1!1s0x85d1ff035a802175:0x617fedb7ee58dbc0,,,CDMX,visited
ULTRAMARINOS DEMAR,,https://www.google.com/maps/place/ULTRAMARINOS+DEMAR/data=!4m2!3m1!1s0x85d1ff003cb5ceeb:0x9ecb12cbee322204,,,CDMX,visited
Havre 77,,https://www.google.com/maps/place/Havre+77/data=!4m2!3m1!1s0x85d1ff316923c3f7:0xe06e213a196ed97c,,,CDMX,visited
La Bonvi - Virreyes,,https://www.google.com/maps/place/La+Bonvi+-+Virreyes/data=!4m2!3m1!1s0x85d2010043cda13f:0x4eccf415d50fb02b,,,CDMX,visited
Sartoria,,https://www.google.com/maps/place/Sartoria/data=!4m2!3m1!1s0x85d1ff30eb7ba479:0xa401b90a6b1a4276,,,CDMX,visited
Daquise,,https://www.google.com/maps/place/Daquise/data=!4m2!3m1!1s0x4876054287efb657:0x3fe1394e30aee8cd,,,London,visited
Slayer Pizzeria,,https://www.google.com/maps/place/Slayer+Pizzeria/data=!4m2!3m1!1s0x48760f89c4c83589:0x3c143ae68b4237f2,,,London,visited
Bancone Kensington,,https://www.google.com/maps/place/Bancone+Kensington/data=!4m2!3m1!1s0x48760f8c39a8ffe9:0x9b6e7b3b6425fcd7,,,London,visited
Boxcar Hyde Park,,https://www.google.com/maps/place/Boxcar+Hyde+Park/data=!4m2!3m1!1s0x4876050078b577db:0x9375de91c9a944ea,,,London,visited
Zeit für Brot (The German Bakery),,https://www.google.com/maps/place/Zeit+f%C3%BCr+Brot+(The+German+Bakery)/data=!4m2!3m1!1s0x48761bfe170e7797:0x318186cf63bd8c16,,,London,visited
Space Talk,,https://www.google.com/maps/place/Space+Talk/data=!4m2!3m1!1s0x48761baee3dde51b:0xea4369e0477a649,,,London,visited
St Dunstan in the East Church Garden,,https://www.google.com/maps/place/St+Dunstan+in+the+East+Church+Garden/data=!4m2!3m1!1s0x48760351ff31196f:0xbd3d6d2fb43ff52d,,,London,visited
Sky Garden,,https://www.google.com/maps/place/Sky+Garden/data=!4m2!3m1!1s0x487603526c3ca281:0xd5156ccc2c6a9284,,,London,visited
BAO City,Bowl de carne con arroz!!,https://www.google.com/maps/place/BAO+City/data=!4m2!3m1!1s0x487603158bfb60f3:0x5115ec091e674819,,,London,visited
The Mall Tavern,,https://www.google.com/maps/place/The+Mall+Tavern/data=!4m2!3m1!1s0x48760ff958a389e5:0xe0cd754160141ff0,,,London,visited
The Camberwell Arms,"Gran pub en camberwell. Muy bueno para date con muy buena comida y muy buen ambiente. Sirven aperitivos, vinos diferentes y esta separada la parte de restaurante y pub. Gran lugar!",https://www.google.com/maps/place/The+Camberwell+Arms/data=!4m2!3m1!1s0x4876037f4e67aca1:0xe0e6552a2be04399,,,London,visited
Grove House Tavern,Pub local en camberwell y sirven los sandwiches de cafe mondo. Muy cool para estar adentro o afuera para todo tipo de plan! ,https://www.google.com/maps/place/Grove+House+Tavern/data=!4m2!3m1!1s0x48760381f7b6ee6d:0x4e3a74cd2941f40f,,,London,visited
Los Mochis Notting Hill,,https://www.google.com/maps/place/Los+Mochis+Notting+Hill/data=!4m2!3m1!1s0x48760f5b2b3c6ff7:0xe74911fd4ec778c3,,,London,visited
Rooftop Cinema Club Peckham,,https://www.google.com/maps/place/Rooftop+Cinema+Club+Peckham/data=!4m2!3m1!1s0x487603a1a9981c29:0xfd3d218d62a85f9c,,,London,visited
The Ox,,https://www.google.com/maps/place/The+Ox/data=!4m2!3m1!1s0x487605c51a2b4b47:0x55f42d21b0297418,,,London,visited
Cafe Linea,,https://www.google.com/maps/place/Cafe+Linea/data=!4m2!3m1!1s0x4876057bf025c365:0x48df07ea798b8fd9,,,London,visited
Devonshire Arms Kensington,,https://www.google.com/maps/place/Devonshire+Arms+Kensington/data=!4m2!3m1!1s0x48760ff4614c42bb:0xfd7b1b6e6d8c4d95,,,London,visited
Wonton Charlie's,,https://www.google.com/maps/place/Wonton+Charlie's/data=!4m2!3m1!1s0x48761d32ff23b1ab:0x613f2aff5e885739,,,London,visited
Hagen Espresso Bar (Hagen Belgravia),,https://www.google.com/maps/place/Hagen+Espresso+Bar+(Hagen+Belgravia)/data=!4m2!3m1!1s0x487605314f1e5e1b:0x82a48a138ac51e97,,,London,visited
Cafe Kowloon,,https://www.google.com/maps/place/Cafe+Kowloon/data=!4m2!3m1!1s0x48761ddb88949213:0xac803f23d8f8cd3f,,,London,visited
Jolene Redchurch Street,,https://www.google.com/maps/place/Jolene+Redchurch+Street/data=!4m2!3m1!1s0x48761d5419f8081b:0x7fc417d07ef391c0,,,London,visited
The Knave of Clubs,Muy buen pub,https://www.google.com/maps/place/The+Knave+of+Clubs/data=!4m2!3m1!1s0x48761cb71267af4d:0xa10a333a3ad70129,,,London,visited
"Popin - Coffee, Deli & Groceries",Tiendita linda,"https://www.google.com/maps/place/Popin+-+Coffee,+Deli+%26+Groceries/data=!4m2!3m1!1s0x487605738469506d:0x5871f568abbef448",,,London,visited
Where's Fred's,,https://www.google.com/maps/place/Where's+Fred's/data=!4m2!3m1!1s0x487603d2e9efb5c5:0xf7c2e569bee5336a,,,London,visited
Hanbaagaasuuteeki,,https://www.google.com/maps/place/Hanbaagaasuuteeki/data=!4m2!3m1!1s0x487605003bfeea69:0x5f37f7246fd725a8,,,London,visited
WatchHouse Hanover,,https://www.google.com/maps/place/WatchHouse+Hanover/data=!4m2!3m1!1s0x4876055ecc798819:0x57110cdfb3505d6c,,,London,visited
Marjorie's,,https://www.google.com/maps/place/Marjorie's/data=!4m2!3m1!1s0x4876059b6037e591:0x14c911aa3dd64969,,,London,visited
Hidden Grooves,,https://www.google.com/maps/place/Hidden+Grooves/data=!4m2!3m1!1s0x48761d000ddcaa7d:0x7349c2c72dba0da4,,,London,visited
Lagana,,https://www.google.com/maps/place/Lagana/data=!4m2!3m1!1s0x48761d14904cb057:0x225c79e31ffaf0d8,,,London,visited
Taq,,https://www.google.com/maps/place/Taq/data=!4m2!3m1!1s0x487611005b50d56f:0x260b9c1412ffa4a,,,London,visited
A Bar with Shapes for a Name,,https://www.google.com/maps/place/A+Bar+with+Shapes+for+a+Name/data=!4m2!3m1!1s0x48761d62f3361eaf:0x4008bf508ccde14d,,,London,visited
Lucia's,,https://www.google.com/maps/place/Lucia's/data=!4m2!3m1!1s0x48761d002ec82b4d:0x81d6277e7d23c0bb,,,London,visited
CRATE Bar & Pizzeria Hackney Wick,,https://www.google.com/maps/place/CRATE+Bar+%26+Pizzeria+Hackney+Wick/data=!4m2!3m1!1s0x48761d6cc179a7cf:0xf10e028226dd377e,,,London,visited
The Two Brewers,,https://www.google.com/maps/place/The+Two+Brewers/data=!4m2!3m1!1s0x48767afb221e3157:0x5fe1ec3c489edee4,,,London,visited
It's Bagels Primrose Hill,,https://www.google.com/maps/place/It's+Bagels+Primrose+Hill/data=!4m2!3m1!1s0x48761b0d04dd3f67:0xfb4c147087661575,,,London,visited
MOTH Club,,https://www.google.com/maps/place/MOTH+Club/data=!4m2!3m1!1s0x48761ce4c41f26d3:0xc0d56d30ff53f675,,,London,visited
Ria's,,https://www.google.com/maps/place/Ria's/data=!4m2!3m1!1s0x487611c8842cff15:0xa6ab6703fef50896,,,London,visited
Aragon House,Pub con terraza increible,https://www.google.com/maps/place/Aragon+House/data=!4m2!3m1!1s0x48760fa276181f67:0x1dbc6ea20d2b78df,,,London,visited
Pappa Ciccia,Buena pizza para take away,https://www.google.com/maps/place/Pappa+Ciccia/data=!4m2!3m1!1s0x48760f9f0554af5b:0xb339d2676a155fa2,,,London,visited
The Princess Royal Pub & Boutique Hotel Notting Hill,,https://www.google.com/maps/place/The+Princess+Royal+Pub+%26+Boutique+Hotel+Notting+Hill/data=!4m2!3m1!1s0x487610021b5df5a1:0x5cf37bdb30b9451e,,,London,visited
AGORA souvla bar,,https://www.google.com/maps/place/AGORA+souvla+bar/data=!4m2!3m1!1s0x48760355467ce93b:0x1aeee3ddc86c07b5,,,London,visited
B Bagel,,https://www.google.com/maps/place/B+Bagel/data=!4m2!3m1!1s0x4876056364e36f0f:0x889aec2a11393685,,,London,visited
La Fromagerie,,https://www.google.com/maps/place/La+Fromagerie/data=!4m2!3m1!1s0x48761ad20372fc43:0x1757998f7724c280,,,London,visited
Crunch - sandwich[up]rising,,https://www.google.com/maps/place/Crunch+-+sandwich%5Bup%5Drising/data=!4m2!3m1!1s0x487605514ffcd71b:0x726ad1fc9059863d,,,London,visited
Brat x Climpson's Arch,,https://www.google.com/maps/place/Brat+x+Climpson's+Arch/data=!4m2!3m1!1s0x48761dd50689a233:0xd7e85b76f70f8f98,,,London,visited
Mad Cats,,https://www.google.com/maps/place/Mad+Cats/data=!4m2!3m1!1s0x48761d075a3f37d5:0x29664a8094ef8b1b,,,London,visited
Josephine Bouchon - Chelsea,Buenísimo frances,https://www.google.com/maps/place/Josephine+Bouchon+-+Chelsea/data=!4m2!3m1!1s0x4876050049d1ec0d:0xe43cc0c98587981a,,,London,visited
District - Battersea Park,Lugar deli para trabajar ,https://www.google.com/maps/place/District+-+Battersea+Park/data=!4m2!3m1!1s0x487605270392b365:0x875cbc96eae973f7,,,London,visited
BookBar Chelsea,Libreria para leer o trabajar con cafesito muy agusto,https://www.google.com/maps/place/BookBar+Chelsea/data=!4m2!3m1!1s0x487605b4d11b3eef:0x128b3f1cc890087f,,,London,visited
New Forms,Bar y cafe muy agusto para platicar. El matcha esta deli! Tienen viniles y musica con audio muy pro,https://www.google.com/maps/place/New+Forms/data=!4m2!3m1!1s0x487605dd70c906c3:0xc032c01ca696e02c,,,London,visited
ACRE,Comida deli! El toast de ostiones uff,https://www.google.com/maps/place/ACRE/data=!4m2!3m1!1s0x4876111056f8d687:0xa5f8696374cee5fb,,,London,visited
The Faltering Fullback,Pub para ver deportes y hay comida thai,https://www.google.com/maps/place/The+Faltering+Fullback/data=!4m2!3m1!1s0x48761b90611aa6a9:0xdbcd51b011b3430c,,,London,visited
Over Under Coffee,,https://www.google.com/maps/place/Over+Under+Coffee/data=!4m2!3m1!1s0x48760f8b68e4904f:0xf4bc8f5e12c977e9,,,London,visited
FILTRD,,https://www.google.com/maps/place/FILTRD/data=!4m2!3m1!1s0x4876053afa7b5da5:0xd6859bfa86f1c7c6,,,London,visited
Eel Sushi Bar,Deli el winter menu! Super calidad,https://www.google.com/maps/place/Eel+Sushi+Bar/data=!4m2!3m1!1s0x487611001bbbe42d:0xd552e77a435971e5,,,London,visited
Story Coffee - Brunch and Cafe,,https://www.google.com/maps/place/Story+Coffee+-+Brunch+and+Cafe/data=!4m2!3m1!1s0x48760f1f3bcc62b9:0xd70f0879442a3cc7,,,London,visited
It's Bagels Notting Hill,,https://www.google.com/maps/place/It's+Bagels+Notting+Hill/data=!4m2!3m1!1s0x48760f629ff54ba5:0xbefb0767cac3af92,,,London,visited
Dove Restaurant,,https://www.google.com/maps/place/Dove+Restaurant/data=!4m2!3m1!1s0x4876118aacddb611:0x12530b5e47bc4324,,,London,visited
Dorian Restaurant,La mejor carne del mundo por mucho,https://www.google.com/maps/place/Dorian+Restaurant/data=!4m2!3m1!1s0x48761165d6785947:0x13c5c116da4ae866,,,London,visited
"The Holland, Kensington",Gastropub local deli y muy agusto,"https://www.google.com/maps/place/The+Holland,+Kensington/data=!4m2!3m1!1s0x48760f83be90b989:0x2bb23347c964bd2b",,,London,visited
Compane,,https://www.google.com/maps/place/Compane/data=!4m2!3m1!1s0x48761b08aba486b5:0x2854e65e43875863,,,London,visited
BAO Noodle Shop,,https://www.google.com/maps/place/BAO+Noodle+Shop/data=!4m2!3m1!1s0x48761ddde7c030f1:0xab65baefda1490f0,,,London,visited
EQUAL PARTS,,https://www.google.com/maps/place/EQUAL+PARTS/data=!4m2!3m1!1s0x48761d6230a1de73:0xcd8d2e442311bfa2,,,London,visited
Miga,,https://www.google.com/maps/place/Miga/data=!4m2!3m1!1s0x48761d00378845b5:0xa11dc3975c479366,,,London,visited
Katsute 100,,https://www.google.com/maps/place/Katsute+100/data=!4m2!3m1!1s0x48761b5d3da5113f:0xc721de43fb65c1d7,,,London,visited
Bancone Covent Garden,Pasta deli! Pedirse la tradicional con yema y nuez,https://www.google.com/maps/place/Bancone+Covent+Garden/data=!4m2!3m1!1s0x487604ce7e57942f:0x2ba07c05296427b,,,London,visited
Zephyr Notting Hill,,https://www.google.com/maps/place/Zephyr+Notting+Hill/data=!4m2!3m1!1s0x48760f73148e5029:0x2c3d98b80abddcdf,,,London,visited
Tamila,,https://www.google.com/maps/place/Tamila/data=!4m2!3m1!1s0x487605f775554e5d:0x6a1694154dae82e0,,,London,visited
Dāku Coffee Kensington,,https://www.google.com/maps/place/D%C4%81ku+Coffee+Kensington/data=!4m2!3m1!1s0x48760fb34cba3ed5:0x9949825642abe13b,,,London,visited
The Delaunay,,https://www.google.com/maps/place/The+Delaunay/data=!4m2!3m1!1s0x487605b13a03ae5d:0xae1464e156fc8208,,,London,visited
Cahoots Underground,,https://www.google.com/maps/place/Cahoots+Underground/data=!4m2!3m1!1s0x487604d507ab69fb:0xbbfbc270f421a878,,,London,visited
The Wigmore,Cheese tostie deliii!! Un pub muy bueno como para invierno,https://www.google.com/maps/place/The+Wigmore/data=!4m2!3m1!1s0x48761ad5a81aaaab:0xae8e509962b393a5,,,London,visited
Firebird | Restaurant & Wine Bar,"Tuna tartar, stake tartar y halloumi deli!!! El lugar muy agusto, la margarita con mezcal buenisima",https://www.google.com/maps/place/Firebird+%7C+Restaurant+%26+Wine+Bar/data=!4m2!3m1!1s0x48761b3d79fc3b5b:0x2b517b3f5f64160,,,London,visited
Waxy O'Connor's London,,https://www.google.com/maps/place/Waxy+O'Connor's+London/data=!4m2!3m1!1s0x487604d3cadafa23:0x13b38a07e7631340,,,London,visited
Experimental Cocktail Club Chinatown,Lugar que cierra tarde para drinksx pedirse el Kota ternate y negroni. Buen ambiente,https://www.google.com/maps/place/Experimental+Cocktail+Club+Chinatown/data=!4m2!3m1!1s0x487604d24c1e7bd3:0xdef97653196fb5fd,,,London,visited
The Devonshire,,https://www.google.com/maps/place/The+Devonshire/data=!4m2!3m1!1s0x487605074d79cfb1:0x3f0b094216e3000e,,,London,visited
It’s Bagels Soho,,https://www.google.com/maps/place/It%E2%80%99s+Bagels+Soho/data=!4m2!3m1!1s0x487605002a732007:0x6439c4de46a39aa5,,,London,visited
Berners Tavern,,https://www.google.com/maps/place/Berners+Tavern/data=!4m2!3m1!1s0x48761b2b657c41e5:0x5593682c9b218977,,,London,visited
OMA,Muy buen restaurante de comida griega. El orzo con oxtail impresionante. Bueno el martini tambien. Se ve que puede tener mejor ambiente el restaurante de abajo.,https://www.google.com/maps/place/OMA/data=!4m2!3m1!1s0x487603999336cae1:0xc90fb04e06d5a838,,,London,visited
Bar Levan,Gran wine bar con platillos para paicar. Muy cool el ambiente y muy buena la comida. Tienen dias de oysters y de wine tastings.,https://www.google.com/maps/place/Bar+Levan/data=!4m2!3m1!1s0x4876038f3490fdf3:0x4fae307dc5305a6e,,,London,visited
SUSHISAMBA London,,https://www.google.com/maps/place/SUSHISAMBA+London/data=!4m2!3m1!1s0x48761cb296f1fb8b:0x105009a373c43f23,,,London,visited
Kings Mediterranean,Mejor kebab de london! Esta casi abierto 24/7. El chicken shawarma deli ,https://www.google.com/maps/place/Kings+Mediterranean/data=!4m2!3m1!1s0x48760f8bb499b089:0xc4ad0b0f07dddcdd,,,London,visited
Wild Tavern,,https://www.google.com/maps/place/Wild+Tavern/data=!4m2!3m1!1s0x487605513eb8165b:0xfd5206ddade44221,,,London,visited
The Duke of Edinburgh,,https://www.google.com/maps/place/The+Duke+of+Edinburgh/data=!4m2!3m1!1s0x4876045d27c0a51b:0xb321b3946c7883bc,,,London,visited
Crisp W1,Best pizza ever,https://www.google.com/maps/place/Crisp+W1/data=!4m2!3m1!1s0x4876050052989425:0x3add31d977ed5dab,,,London,visited
21 Grams fulham,,https://www.google.com/maps/place/21+Grams+fulham/data=!4m2!3m1!1s0x48760f5f21cbd1cd:0xd2efb74081675f78,,,London,visited
Italo,Muy rico deli en un lugar muy original y con estilo neighborhood. Tienen dos sandwiches que cambian diario y muy buenos. Te atiende un niño de 6 años muy chistoso,https://www.google.com/maps/place/Italo/data=!4m2!3m1!1s0x487604ed9fd2877b:0x4998b1e56982cc49,,,London,visited
The Wallace Collection,,https://www.google.com/maps/place/The+Wallace+Collection/data=!4m2!3m1!1s0x48761acd7d993b73:0xc11d6276bbfec573,,,London,visited
"""mu""",,https://www.google.com/maps/place/%22mu%22/data=!4m2!3m1!1s0x48761db487301e21:0x9677392c5f0f06ae,,,London,visited
Canal Restaurant,,https://www.google.com/maps/place/Canal+Restaurant/data=!4m2!3m1!1s0x4876111a366d2413:0xa55b4fe77b056536,,,London,visited
London Cheesemongers,,https://www.google.com/maps/place/London+Cheesemongers/data=!4m2!3m1!1s0x48760515fd1fd291:0x41eee47ab111bdf0,,,London,visited
The Walmer Castle,,https://www.google.com/maps/place/The+Walmer+Castle/data=!4m2!3m1!1s0x48761002a8bb5b93:0x30d26166d518ff3f,,,London,visited
Sol's,Cool wine bar para ir pero solo en date porque se llena y esta chiquito. La comida se ve rica.,https://www.google.com/maps/place/Sol's/data=!4m2!3m1!1s0x487605d83b0741ad:0x747bb114d7bef64,,,London,visited
Colbert,A fran no le gusto pero es spot para comer si es que quieres afyera,https://www.google.com/maps/place/Colbert/data=!4m2!3m1!1s0x487605163ec39119:0xc92aef651ac0cfca,,,London,visited
Dozo,Deli el bowl! Take away,https://www.google.com/maps/place/Dozo/data=!4m2!3m1!1s0x48760567ef4d1361:0x4fa2f0d12e3eff33,,,London,visited
Carousel,,https://www.google.com/maps/place/Carousel/data=!4m2!3m1!1s0x48761acc50a4c787:0x7283ba1c4de0551,,,London,visited
Granger & Co. Marylebone,,https://www.google.com/maps/place/Granger+%26+Co.+Marylebone/data=!4m2!3m1!1s0x48761b1437c74c55:0x215fa4ed5984bded,,,London,visited
Granger & Co. Chelsea,,https://www.google.com/maps/place/Granger+%26+Co.+Chelsea/data=!4m2!3m1!1s0x4876053e01c1a39d:0x80619661c1c7d468,,,London,visited
Super Kebab,Buen kebab para acabar la noche en Dalston,https://www.google.com/maps/place/Super+Kebab/data=!4m2!3m1!1s0x48761c8b8cef14b1:0xee5a2dbb29270b4e,,,London,visited
Supernova,Muy buenas burgers,https://www.google.com/maps/place/Supernova/data=!4m2!3m1!1s0x487605931f125e57:0x255978e99789e741,,,London,visited
The Elder Press Cafe,Lugar deli para cafesito! Quedarse en la terraza y esta wow,https://www.google.com/maps/place/The+Elder+Press+Cafe/data=!4m2!3m1!1s0x48760f355517ca2b:0xb9afd8f1cd6c3a42,,,London,visited
The Falcon,Pub sports bar con terraza muy cool y local,https://www.google.com/maps/place/The+Falcon/data=!4m2!3m1!1s0x487604590de750f7:0x3abd6d43e39fa058,,,London,visited
Cinnamon Bazaar,,https://www.google.com/maps/place/Cinnamon+Bazaar/data=!4m2!3m1!1s0x487604cc0eb02233:0xee4641360219bb94,,,London,visited
The Cock and Bottle,,https://www.google.com/maps/place/The+Cock+and+Bottle/data=!4m2!3m1!1s0x4876100285637903:0x253946df7dc7d03,,,London,visited
Marta,Foccaccia di Marta la mejor!!! Con trufa,https://www.google.com/maps/place/Marta/data=!4m2!3m1!1s0x48760548249f3035:0x1ec72698439e51c4,,,London,visited
Lyle's,,https://www.google.com/maps/place/Lyle's/data=!4m2!3m1!1s0x48761cb0cce43ccd:0xda438df0c880096f,,,London,visited
The Waterman’s Arms,"De los mejores restaurantes de Londres. La zona esta increible muy tipo pueblito. Neighbourhood restaurant buenisimo que tiene vista al rio. Vale la pena pedir mesa arriba en la terraza si esta bueno el clima. El pescado esta de otro nivel, se deshace.",https://www.google.com/maps/place/The+Waterman%E2%80%99s+Arms/data=!4m2!3m1!1s0x48760f403f821d2b:0x1c98f23df2d67f51,,,London,visited
HIMI,Buenisimo sushi en Soho. Vale la pena sentarse en la barra para ver que se antoja y platicar con los cocineros. El temaki de otoro y los camarones wow. Carisisisimo eso si.,https://www.google.com/maps/place/HIMI/data=!4m2!3m1!1s0x48760500222197e7:0xc3c27f904feac7f3,,,London,visited
Mother Vine,Deli pa un vino,https://www.google.com/maps/place/Mother+Vine/data=!4m2!3m1!1s0x48760506927f9be3:0x1a515697459b9934,,,London,visited
Mildreds Soho,Bueno vegano con salsas ricas y comida asiatica/mexicana y de mundo bien sazonada,https://www.google.com/maps/place/Mildreds+Soho/data=!4m2!3m1!1s0x487604d4925cc9b1:0x1382b06767ef178b,,,London,visited
Sushi Shop,Mejor takeaway sushi,https://www.google.com/maps/place/Sushi+Shop/data=!4m2!3m1!1s0x48760542a06ff037:0xb61f54d783c33683,,,London,visited
Yashin Ocean House,Bueno take away,https://www.google.com/maps/place/Yashin+Ocean+House/data=!4m2!3m1!1s0x48760566e077a957:0xd2fccf934847f156,,,London,visited
HJEM,,https://www.google.com/maps/place/HJEM/data=!4m2!3m1!1s0x487605e3975d3c41:0xf6d10df5cfb9329e,,,London,visited
NAC,"El postre, la hamburguesa y la pasta delis!! ",https://www.google.com/maps/place/NAC/data=!4m2!3m1!1s0x4876053286565dc9:0x5e8818df1bc3dea1,,,London,visited
Bank of Friendship,,https://www.google.com/maps/place/Bank+of+Friendship/data=!4m2!3m1!1s0x48761b81eb2bbdf7:0xf6846b1eb7860d40,,,London,visited
The Wolseley,,https://www.google.com/maps/place/The+Wolseley/data=!4m2!3m1!1s0x4876052f571cfeaf:0x5350dedd3b5bb322,,,London,visited
Granger and Co. Notting Hill,,https://www.google.com/maps/place/Granger+and+Co.+Notting+Hill/data=!4m2!3m1!1s0x48760ffd63068e2b:0xecefe50d6423ac66,,,London,visited
Dishoom Covent Garden,,https://www.google.com/maps/place/Dishoom+Covent+Garden/data=!4m2!3m1!1s0x487604b7c7d895c5:0x9c3887a3670e0076,,,London,visited
The Dreamery,,https://www.google.com/maps/place/The+Dreamery/data=!4m2!3m1!1s0x48761d342d569415:0x3b5cb337d6947d8,,,London,visited
Naked & Famous Bar,,https://www.google.com/maps/place/Naked+%26+Famous+Bar/data=!4m2!3m1!1s0x48760fcd26e671f7:0xf237a203802c3c6b,,,London,visited
Jeru,,https://www.google.com/maps/place/Jeru/data=!4m2!3m1!1s0x48760505ec5a430f:0x715a14cfb14b98fa,,,London,visited
Bar Daskal,,https://www.google.com/maps/place/Bar+Daskal/data=!4m2!3m1!1s0x48760394cdbe851b:0xe2fdff51b4c19617,,,London,visited
B London,,https://www.google.com/maps/place/B+London/data=!4m2!3m1!1s0x48760567e904c233:0xc2ed82992d17fe6a,,,London,visited
Afternoon Tea at The Ritz,,https://www.google.com/maps/place/Afternoon+Tea+at+The+Ritz/data=!4m2!3m1!1s0x48760529cd5fd799:0x207a8754eb7d3a92,,,London,visited
Kiln,,https://www.google.com/maps/place/Kiln/data=!4m2!3m1!1s0x487604d46eeab9ff:0x327d3035b194d3b8,,,London,visited
"Mestizo Mexican Market, Chelsea",,"https://www.google.com/maps/place/Mestizo+Mexican+Market,+Chelsea/data=!4m2!3m1!1s0x4876053372cd0ff7:0xbb84f2bfd9e5443",,,London,visited
Al Hamra,,https://www.google.com/maps/place/Al+Hamra/data=!4m2!3m1!1s0x4876052f2e056ca3:0x56627775f2f8f922,,,London,visited
Mayyil - Lebanese On The Go,,https://www.google.com/maps/place/Mayyil+-+Lebanese+On+The+Go/data=!4m2!3m1!1s0x48760fcd47577805:0xa674756eb92b0a55,,,London,visited
"The Churchill Arms, Kensington",,"https://www.google.com/maps/place/The+Churchill+Arms,+Kensington/data=!4m2!3m1!1s0x48760ffa31d53019:0x379aa0d23b50cf3a",,,London,visited
Blend Juice+Coffee Bar,,https://www.google.com/maps/place/Blend+Juice%2BCoffee+Bar/data=!4m2!3m1!1s0x48760f57a42a32ed:0xa70e3bf0ea5d946d,,,London,visited
Cafe Jumo,Muy buen lugar para desayunar y buenisimo el avo toast,https://www.google.com/maps/place/Cafe+Jumo/data=!4m2!3m1!1s0x48760f1907828049:0xa75168db191e6472,,,London,visited
The Pig's Ear,,https://www.google.com/maps/place/The+Pig's+Ear/data=!4m2!3m1!1s0x4876056e3a418ddf:0xf62b72282dc89185,,,London,visited
Canonbury Tavern,,https://www.google.com/maps/place/Canonbury+Tavern/data=!4m2!3m1!1s0x48761b631a936b87:0xb49d93aa26321bbd,,,London,visited
Lore of the Land,Pub imposible de encontrar reservacion pero famoso por su sunday roast. ,https://www.google.com/maps/place/Lore+of+the+Land/data=!4m2!3m1!1s0x48761b783c613277:0x9979279b7986df20,,,London,visited
Roebuck,,https://www.google.com/maps/place/Roebuck/data=!4m2!3m1!1s0x48760c3dee1bbaf3:0xaff5c18ce5922c96,,,London,visited
White Cross,,https://www.google.com/maps/place/White+Cross/data=!4m2!3m1!1s0x48760c470ed0a25b:0x97a5c19d6066202f,,,London,visited
Pear Tree Cafe,Cafeteria linda en el parque,https://www.google.com/maps/place/Pear+Tree+Cafe/data=!4m2!3m1!1s0x4876050595eea9fb:0x92eb238934f035eb,,,London,visited
Sessions Arts Club,Lugar increible!! La comida equis pero vale la pena ir,https://www.google.com/maps/place/Sessions+Arts+Club/data=!4m2!3m1!1s0x48761b03660fcde5:0xb606de409a3692ee,,,London,visited
Brutto,Deli muy italiano. ,https://www.google.com/maps/place/Brutto/data=!4m2!3m1!1s0x48761b8e0f5df703:0x9e21a6a190df2cd1,,,London,visited
tease,Lugar de smoothies deli. Matcha con seasalt y datil,https://www.google.com/maps/place/tease/data=!4m2!3m1!1s0x487605645de31267:0xee3b25698031276b,,,London,visited
Cleo,,https://www.google.com/maps/place/Cleo/data=!4m2!3m1!1s0x487605006fb1366f:0xd1802ca5455de129,,,London,visited
Kiss the Hippo Coffee Chelsea,,https://www.google.com/maps/place/Kiss+the+Hippo+Coffee+Chelsea/data=!4m2!3m1!1s0x4876058572d60a83:0x3f5c6b0b17f86e93,,,London,visited
Phat Phuc Noodle Bar,Increíble restaurante en Chelsea. Muy sencillo pero muy cool. La comida espectacular y muy barato. A las 4 pm no habia cola en domingo.,https://www.google.com/maps/place/Phat+Phuc+Noodle+Bar/data=!4m2!3m1!1s0x4876056c10d1bbc1:0xfa1f46a6b0952116,,,London,visited
Crisp Pizza,La mejor pizza de Londres sin duda. Todas las pizzas están excelentes y padre experiencia al ser un pub normal. Vale la pena hacer la cola. Dura como 1 hora pero si lo valen.,https://www.google.com/maps/place/Crisp+Pizza/data=!4m2!3m1!1s0x48760f005bf2e35d:0x98d36dbbdb5d2f55,,,London,visited
Julie's Restaurant,Gran restaurante en una muy buena zona de Notting Hill. El ambiente muy fancy pero de gente joven. Bueno para echar drinks.,https://www.google.com/maps/place/Julie's+Restaurant/data=!4m2!3m1!1s0x4876057dae80cd7d:0x871bbd44f24c027a,,,London,visited
The Plimsoll,"De los mejores restaurantes/pubs de Londres. La comida espectacular pero casual. Ambiente casual, casero, cozy y friendly. La hamburguesa esta impresionante y si es la mejor de la ciudad hasta lo que vamos.",https://www.google.com/maps/place/The+Plimsoll/data=!4m2!3m1!1s0x48761b4b35a84039:0xcf341b5e3f1b3a92,,,London,visited
Bar Crispin,Buen wine bar en soho. La comida rica pero tampoco nada del otro mundo y ni cierra muy tarde para ser soho. Buena opcion de vinos de todo tipo eso si.,https://www.google.com/maps/place/Bar+Crispin/data=!4m2!3m1!1s0x487605f81badaf13:0x77926e447f3dfc91,,,London,visited
"Kricket Shoreditch - Kafé, Restaurant & Bar",,"https://www.google.com/maps/place/Kricket+Shoreditch+-+Kaf%C3%A9,+Restaurant+%26+Bar/data=!4m2!3m1!1s0x48761d00685e0c01:0x5e2b81bff913a090",,,London,visited
Rochelle Canteen,,https://www.google.com/maps/place/Rochelle+Canteen/data=!4m2!3m1!1s0x48761cb9d954f035:0x761c3b782e228426,,,London,visited
JUNK SOHO,,https://www.google.com/maps/place/JUNK+SOHO/data=!4m2!3m1!1s0x4876053aea7cbcab:0xdd6e0679405aa433,,,London,visited
The Mayfair Chippy,"Buen fish and chips en central. Perfecto para llevar a invitados turistas, hay camarones igual y lobster roll. Se llena entonces tratar de ir con reservacion o hacer cola. ",https://www.google.com/maps/place/The+Mayfair+Chippy/data=!4m2!3m1!1s0x4876053296ce3eeb:0x49900da706103950,,,London,visited
Mercato Mayfair,,https://www.google.com/maps/place/Mercato+Mayfair/data=!4m2!3m1!1s0x48760509d1f4d6b7:0xeb4ea82d4f8172d1,,,London,visited
Hollywood Arms,,https://www.google.com/maps/place/Hollywood+Arms/data=!4m2!3m1!1s0x48760563a7c77abb:0xbe31db066db8ca02,,,London,visited
The Goods Shed Market,,https://www.google.com/maps/place/The+Goods+Shed+Market/data=!4m2!3m1!1s0x47decb007bdad96f:0xc66e877e5187c0f5,,,London,visited
sketch,Ya paso de moda pero bueno porq el bar cierra tarde,https://www.google.com/maps/place/sketch/data=!4m2!3m1!1s0x4876052a8fed866b:0xb07500db019d0324,,,London,visited
KURO BAGELS,Buenisismos para un picnic en el parque. Pedimos el de huevo y salchicha y el de salmon. Nos quedamos con antojo del de tomato,https://www.google.com/maps/place/KURO+BAGELS/data=!4m2!3m1!1s0x48760fee2f924395:0xa65afff227c1aef4,,,London,visited
Fonda,Buenisimo mexicano que fuimos del cumple de Fran! ,https://www.google.com/maps/place/Fonda/data=!4m2!3m1!1s0x4876059b322a97cf:0xbcf3aa9bcbf15484,,,London,visited
EVE X Proper Slice,Lugar muy agusto que tambien es hotel. La pizza New York buenisisima! ,https://www.google.com/maps/place/EVE+X+Proper+Slice/data=!4m2!3m1!1s0x48760fe43f63d479:0x3b3dc85e2119a5ac,,,London,visited
Hjem,Cafe alado de la casa muy agusto! En sabados se llena toda la glorieta y tiene ambiente familiar cool.,https://www.google.com/maps/place/Hjem/data=!4m2!3m1!1s0x48760558d4acfa2d:0x738610b77c958cda,,,London,visited
The Sporting Page,Excelente pub familiar para ver partidos y estar instalado un buen rato. Hay juegos de mesa y todo. ,https://www.google.com/maps/place/The+Sporting+Page/data=!4m2!3m1!1s0x48760564e7549303:0x12d85e449ceadf7e,,,London,visited
Cafe Laville,Lugar deli para ir un dia de sol para una date por drinks. Se ven delis las pizzas y a super buen precio todo. Sentarse afuerzas en la ventana que da al rio. ,https://www.google.com/maps/place/Cafe+Laville/data=!4m2!3m1!1s0x48761aafe0d1c809:0xde0e88c114d41ff4,,,London,visited
The Hero - Maida Vale,,https://www.google.com/maps/place/The+Hero+-+Maida+Vale/data=!4m2!3m1!1s0x48761100339e9c6d:0xbe5fa4c6b84c0357,,,London,visited
Morito,,https://www.google.com/maps/place/Morito/data=!4m2!3m1!1s0x48761cb8d5f8c7c7:0x88446fbc0e05ad0d,,,London,visited
Tacos MX Fulham,,https://www.google.com/maps/place/Tacos+MX+Fulham/data=!4m2!3m1!1s0x48760fcfbb42dccf:0x8c3b1b6ec0ef5285,,,London,visited
Cheeky Scone,Buenisimos los scones. Muy recomendado para llevartelos de take-out. El de cheese and chives y original buenerrimos.,https://www.google.com/maps/place/Cheeky+Scone/data=!4m2!3m1!1s0x48760fa7c9fc0977:0x9ab7ed64f364f82b,,,London,visited
The Crabtree,Gran pub que da al rio. La terraza esta padrisima y muy grande. Mucha gente joven y muy buen ambiente. Ideal para el verano.,https://www.google.com/maps/place/The+Crabtree/data=!4m2!3m1!1s0x48760fb01d5f454f:0x661c3039a59c37c8,,,London,visited
Duke on the Green,Muy buen pub en Parsons Green. Una opcion mas chill en comparacion del White Horse pero muy cool. Tienen juegos de mesa.,https://www.google.com/maps/place/Duke+on+the+Green/data=!4m2!3m1!1s0x48760f77e0d925a5:0x509957f21c9ca3c1,,,London,visited
The White Horse,Muy buen pub con mucho ambiente en Parsons Green. Hay musica adentro y afuera una terraza muy grande. Se pone bien antes de los partidos del chelsea tambien.,https://www.google.com/maps/place/The+White+Horse/data=!4m2!3m1!1s0x48760f82b1549cc9:0x6c495a8fb435b87b,,,London,visited
Panzer's Delicatessen,,https://www.google.com/maps/place/Panzer's+Delicatessen/data=!4m2!3m1!1s0x48761abcadb9a683:0xd6181630c7795859,,,London,visited
Bambi,Muy buen restaurante en Hackney. Esta lejos pero vale la pena ir y mas en fin de semana que se pone un dj con viniles y se hace bar. Los miercoles son de oysters. Los camarones bbq wow. Buen plan sentarte en la barra del dj.,https://www.google.com/maps/place/Bambi/data=!4m2!3m1!1s0x48761d9f9db0e291:0x6bcac6d55fab1b92,,,London,visited
Doppo,,https://www.google.com/maps/place/Doppo/data=!4m2!3m1!1s0x487605511067aba5:0x81a0fda60a8c9c01,,,London,visited
The Tamil Crown,"Muy buen pub de comida hindu con ambiente muy relajado. Los platos son muy chicos entonces se presta para snacks. El pollo, los camarones y las samosas buenisimos. Las costillas de cordero no valen la pena. Hay que hacer reservacion aunque sea pub.",https://www.google.com/maps/place/The+Tamil+Crown/data=!4m2!3m1!1s0x48761b274ef04cc5:0x3b89f9854e659957,,,London,visited
Goodbye Horses,Increible restaurante. Es un neighborhood restaurant/wine bar. Tienen musica de viniles pero la verdad no le suben mucho. Tienen mesas grandes entonces es ideal para ir con grupo grandes. El arroz de ox y los toasties valen mucho la pena. Tambien aceptan walk ins y te puedes sentar en la barra o en las barras de la pared.,https://www.google.com/maps/place/Goodbye+Horses/data=!4m2!3m1!1s0x48761d005a358855:0xb3b483971196a35b,,,London,visited
"Petersham Nurseries Restaurant, Richmond","Increible lugar en Richmond. Es un invernadero, vivero, tienda de cosas de casa, restaurante y cafe. Fuimos al cafe y se come deli. Muy bueno el roast chicken. Vale la pena mucho ir y caminar por Richmond.","https://www.google.com/maps/place/Petersham+Nurseries+Restaurant,+Richmond/data=!4m2!3m1!1s0x48760da1ef8f193f:0x9f500a1d4f1906d7",,,London,visited
Brilliant Corners,Gran restaurante muy cool y original. Es de sushi y con ambiente como oscuro cozy y al final como a las 9:30 te quitan tu mesa y vuelve bar con dj de vinyl. Tambien se puede entrar como walk in al bar.,https://www.google.com/maps/place/Brilliant+Corners/data=!4m2!3m1!1s0x48761c93d08f9a1b:0xb19fa8dd3a12ae54,,,London,visited
La Crêperie de Hampstead,"Muy buenas crepas que llevan como 45 años en el mismo lugar. La de cheddar, feta y alcachofa buenisima. Hay mucha fila y no son muy rapidos.",https://www.google.com/maps/place/La+Cr%C3%AAperie+de+Hampstead/data=!4m2!3m1!1s0x48761a87e073bc2b:0x116936285cbf7056,,,London,visited
"The Holly Bush, Hampstead","Increible pub. Muy cozy, mucha gente y algo tranquilo. Vale la pena si vas a hampstead porque esta metido entre puras callesitas.","https://www.google.com/maps/place/The+Holly+Bush,+Hampstead/data=!4m2!3m1!1s0x48761a7d79e6492d:0x889e4328f575d95c",,,London,visited
The Spaniards Inn,Muy buen pub si vas a hampstead heath. No aceptan a personas paradas adentro entonces es o hacer reservacion o ir al patio de afuera que ha de estar muy bien con buen clima.,https://www.google.com/maps/place/The+Spaniards+Inn/data=!4m2!3m1!1s0x48761a6fae9a1d8b:0xc617dadf313904e8,,,London,visited
Redemption Roasters - Hampstead Heath,Muy buen lugar para agarrar un sandwich antes de ir a hampstead heath. El cafe buenisimo y lleno de gente,https://www.google.com/maps/place/Redemption+Roasters+-+Hampstead+Heath/data=!4m2!3m1!1s0x48761bd8869ffc5d:0xe6dc9079f7792c4a,,,London,visited
Sumi Restaurant,Muy cool restaurante de sushi en donde su especialidad son los tacos de sushi. Muy poco mexicanisado para mi gusto.,https://www.google.com/maps/place/Sumi+Restaurant/data=!4m2!3m1!1s0x48760f523d584a2b:0xa30f0c91aa005b61,,,London,visited
De Beauvoir Arms,"Wow super pub con techos altos, espacio y super concurrencia!!! Para regresar a comer un dia con loml",https://www.google.com/maps/place/De+Beauvoir+Arms/data=!4m2!3m1!1s0x48761c9a2c906ee1:0xc5c6de7e7968e647,,,London,visited
Plaquemine Lock,,https://www.google.com/maps/place/Plaquemine+Lock/data=!4m2!3m1!1s0x48761b5c255a7c0f:0x2f82bf09793fe3e0,,,London,visited
The Barbary Next Door,,https://www.google.com/maps/place/The+Barbary+Next+Door/data=!4m2!3m1!1s0x487605837fc44395:0xada8e68e3a83a70b,,,London,visited
manteca,,https://www.google.com/maps/place/manteca/data=!4m2!3m1!1s0x487605af3a2cdb1b:0xa231cb4af8b93b19,,,London,visited
"The Dove, Hammersmith",,"https://www.google.com/maps/place/The+Dove,+Hammersmith/data=!4m2!3m1!1s0x48760fb4d29f86fd:0x3ca6bbf35eada845",,,London,visited
Chiltern Firehouse,"Recomendadisimo el restaurante. Afuera y adentro esta muy cool, la comida muy buena y el ambiente increible. El bar tambien se ve muy cool.",https://www.google.com/maps/place/Chiltern+Firehouse/data=!4m2!3m1!1s0x48761acdba2f8901:0x7f4744c9bfe711f8,,,London,visited
Chesham Arms,Gran pub con una terraza muy grande. Muy local y se ve que en dias soleados puede estar muy bien.,https://www.google.com/maps/place/Chesham+Arms/data=!4m2!3m1!1s0x48761cfcdc6213a7:0x85efa482f04c138b,,,London,visited
Caia,Restaurante muy cool para echar drinks. La comida esta mas o menos buena pero las ribs buenisimas. Vale mas la pena reservar en la parte de abajo que tiene musica de vinyl.,https://www.google.com/maps/place/Caia/data=!4m2!3m1!1s0x48761132664cfafd:0x11a460d5cd3fa789,,,London,visited
The Pig and Butcher,Muy buen restaurante/pub con muy buena comida. Especialmente buenos los mussels y la carne. El ambiente un poco apagado para ser pub en east.,https://www.google.com/maps/place/The+Pig+and+Butcher/data=!4m2!3m1!1s0x48761b6812f60359:0x501729b45945c149,,,London,visited
Bottarga,"Increíble restaurante en Chelsea. Muy cozy y la comida excelente. La cocina se puede ver y eso esta muy cool. Buenisimo el dip de spicy feta, las courgette tempura, el bluefin tuna con pimiento y el seabass con mantequilla. Vale mucho la pena",https://www.google.com/maps/place/Bottarga/data=!4m2!3m1!1s0x487605d7513d2299:0x2a4d9dff5a8bb349,,,London,visited
Columbia Road Flower Market,Muy padre mercado para ir en domingo. No es muy grande pero tiene de todo tipo de plantas y flores. Tambien hay muchos cafesitos por la zona.,https://www.google.com/maps/place/Columbia+Road+Flower+Market/data=!4m2!3m1!1s0x48761cb35fc4ef51:0xdbbae99319852b53,,,London,visited
Cambio De Tercio,,https://www.google.com/maps/place/Cambio+De+Tercio/data=!4m2!3m1!1s0x487605611972cae5:0x84e1e0ce6c21ac8b,,,London,visited
Scalini,,https://www.google.com/maps/place/Scalini/data=!4m2!3m1!1s0x487605407a7768b7:0x502160bd700c46d1,,,London,visited
The roasting party,,https://www.google.com/maps/place/The+roasting+party/data=!4m2!3m1!1s0x48760515fd276371:0x39bd2cf1481c2d18,,,London,visited
Titu,Restaurante cozy y trending de comida japonesa para echar drinks. Imperdible el pescado.,https://www.google.com/maps/place/Titu/data=!4m2!3m1!1s0x48760528ce513c2f:0x5574557a65cf6373,,,London,visited
The Fox and Pheasant,Gran pub cerca de Stamford Bridge. El dueño es James Blunt. Muy recomendable ir al sunday roast y pedir mesa en la terraza de afuera. En los partidos del Chelsea se llena.,https://www.google.com/maps/place/The+Fox+and+Pheasant/data=!4m2!3m1!1s0x4876057d60e01771:0xabaef6e4fb8e9248,,,London,visited
The Cinnamon Club,Muy buen restaurante de comida hindu en Westminster. Esta en una biblioteca antigua y todo mundo va muy elegante. Es un poco caro. El lamb muy recomendado.,https://www.google.com/maps/place/The+Cinnamon+Club/data=!4m2!3m1!1s0x487604dcbaf70a7b:0x5ac9d64cad7e9dc3,,,London,visited
Dishoom Shoreditch,Buenisimo restaurante de comida hindu. Muy recomendable hacer reservacion y pedir al centro para compartir. El pollo curry es un must. Muy buen ambiente de noche para drinks.,https://www.google.com/maps/place/Dishoom+Shoreditch/data=!4m2!3m1!1s0x48761cba02358bc5:0xe77da8b93c776df8,,,London,visited
Duck & Waffle,Vale la pena ir en un buen dia por la vista de todo Londres. La comida es buena pero un poco caro para lo que es. Lo que vale mucho la pena es el creme brule de fois gras.,https://www.google.com/maps/place/Duck+%26+Waffle/data=!4m2!3m1!1s0x48761cb295f6ff5f:0xb3e4152c8e522a3c,,,London,visited
Gold,"Muy buen restaurante con muy buen ambiente de noche. Muy recoemndable para echar drinks y la comida tambien muy buena. El pollo, la picanha y las sweet potatos buenisimas.",https://www.google.com/maps/place/Gold/data=!4m2!3m1!1s0x48760faec5b1b095:0xb0c0d04e0707c0d7,,,London,visited
Daunt Books Marylebone,Libreria muy cozy y muy padre para pasar el rato. Tienen muchos libros de muchas partes del mundo. Muy cool experiencia ir.,https://www.google.com/maps/place/Daunt+Books+Marylebone/data=!4m2!3m1!1s0x48761ad1f747024d:0xe690429c82b85882,,,London,visited
The Anglesea Arms,Pub con muy buen ambiente y gente joven con lugar para estar en la terraza. No hay musica pero excelente para ir con grupo de amigos y llegar temprano para tener mesa afuera.,https://www.google.com/maps/place/The+Anglesea+Arms/data=!4m2!3m1!1s0x487605663d2a06f5:0xed389bbb2012abe6,,,London,visited
The Orange Pub & Boutique Hotel Belgravia,Muy buen gastropub para comer/cenar mas tranquilo. La comida esta muy buena y si tienen la hamburguesa especial hay que pedirla. Tienen una parte de arriba que no conocimos pero que se ve muy cozy si hay mas gente.,https://www.google.com/maps/place/The+Orange+Pub+%26+Boutique+Hotel+Belgravia/data=!4m2!3m1!1s0x48760519d862fe39:0x9bac33c16e699909,,,London,visited
The Cow,Gran pub con muy buen ambiente y muy buena musica. Tambien hay comida y se ve muy buena y su especialidad son los ostiones. Hay un salon arriba pero si vas a comer que sea en la parte de abajo donde hay mejor ambiente.,https://www.google.com/maps/place/The+Cow/data=!4m2!3m1!1s0x48761003933af31b:0x529a0c34137ba8a5,,,London,visited
Borough Market,"Increible mercado de comida para comer ahi o para llevarte a tu casa como quesos, vinos, verduras, etc. Muy recomendables las fresas con chocolate. Hay varios pubs alrededor con buen ambiente.",https://www.google.com/maps/place/Borough+Market/data=!4m2!3m1!1s0x4876035775cf660f:0x3128e7e59ca044b9,,,London,visited
Duke of York Square,"Muy recomendado ir los sabados a comer al mercado. Se ponen muchos puestos en la pista de correr y puedes pedir desde sandwiches de carne, paella, callo de hacha y mas.",https://www.google.com/maps/place/Duke+of+York+Square/data=!4m2!3m1!1s0x48760515cdacfafb:0x2f07d2140f8c5c83,,,London,visited
BAO Soho,Buenisimo restaurante en Soho. Los baos todos muy buenos en especial el clasico y el de fried chicken. Hay que hacer cola entonces es recomendable ir a horas que no son tipicas de comida.,https://www.google.com/maps/place/BAO+Soho/data=!4m2!3m1!1s0x487604d4932fcec5:0xecf6cfbf979a9d8c,,,London,visited
Mestizo Restaurant & Margarita Bar,Restaurante mexicano con muy buen ambiente en Chelsea. La comida no la hemos probado pero muy buenas las margaritas. Esta bueno para comer tarde y quedarse en la sobremesa.,https://www.google.com/maps/place/Mestizo+Restaurant+%26+Margarita+Bar/data=!4m2!3m1!1s0x487605cefff4c6bb:0x26734e3aa234b582,,,London,visited
The Elephant And Castle,Pub muy local con buen ambiente en las tardes para estar en la parte de afuera. Buenisimo para ir despues de jugar tennis o estar en Holland Park.,https://www.google.com/maps/place/The+Elephant+And+Castle/data=!4m2!3m1!1s0x48760ff746d0bb39:0x2ce5aee8cacfbe7c,,,London,visited
The Westbourne,Pub con increible ambiente en dias soleados. Llenisimo de gente en la parte de afuera y gente joven. Tiene puras mesas diferentes muy cool.,https://www.google.com/maps/place/The+Westbourne/data=!4m2!3m1!1s0x48761003eff8ab8f:0xde267f642e991699,,,London,visited
The Pelican,Gastropub con muy buen ambiente. Muy cozy para cenar tambien y la comida buenisima. Super recomendado para ir a cenar temprano y quedarse en el pub a echar drinks. Hay que hacer reservacion para cenar.,https://www.google.com/maps/place/The+Pelican/data=!4m2!3m1!1s0x4876101c15a9da53:0xcdc6cad9ff55d224,,,London,visited
La mia Mamma Notting Hill,"Restaurante Italiano en donde cambian de region cada 3 meses, a nosotros nos toco Sicilia. Traen a señoras italianas a vivir a Londres y a cocinar. El carpaccio de res espectacular y las pastas de pistache y cacio pepe impresionantes. Las mejores pastas que hemos probado. Hay 3 sucursales, en esta vale la pena comer en la parte de adentro muy cozy.",https://www.google.com/maps/place/La+mia+Mamma+Notting+Hill/data=!4m2!3m1!1s0x487611c81c59c60b:0xf9bf668b162f790b,,,London,visited
FishWorks,Restaurante cool con un fish and chips buenisimo y tambien muy buenas las oysters. Tienen vino del dia que esta de descuento.,https://www.google.com/maps/place/FishWorks/data=!4m2!3m1!1s0x4876050fd21fdcbd:0x5f06b03425282491,,,London,visited
WatchHouse Somerset House,Una cafeteria increible en Somerset House. El chai helado esta impresionante. Muy buen lugar para trabajar con tu compu. Es entre cafeteria y restaurante.,https://www.google.com/maps/place/WatchHouse+Somerset+House/data=!4m2!3m1!1s0x487605589b05710f:0xcd74dc021abaf588,,,London,visited
L'Antica Pizzeria da Michele,Pizzeria traida desde Napoli. La pizza es de las mejores que hemos probado. Pedimos la margarita y estuvo buenisima.,https://www.google.com/maps/place/L'Antica+Pizzeria+da+Michele/data=!4m2!3m1!1s0x48761aced7722add:0x229ee7467eb2d385,,,London,visited
"The Surprise, Chelsea",Un pub en plena zona habitacional en Chelsea. Muy buen ambiente afuera del pub. La lager de la casa esta buenisima.,"https://www.google.com/maps/place/The+Surprise,+Chelsea/data=!4m2!3m1!1s0x487605131f28dfaf:0x1a2eeba010597169",,,London,visited
Payna,,https://www.google.com/maps/place/Payna/data=!4m2!3m1!1s0x85d1ff37d04d962d:0x23eacb5b039a2e3f,,,Wanna go,wanna_go
Salón Tropical Cartagena,,https://www.google.com/maps/place/Sal%C3%B3n+Tropical+Cartagena/data=!4m2!3m1!1s0x8ef62f480a027d9b:0xdada42e154f9a8ce,,,Wanna go,wanna_go
Ro upstairs,,https://www.google.com/maps/place/Ro+upstairs/data=!4m2!3m1!1s0x85d203000a2067b7:0xf0f9961f3624e05f,,,Wanna go,wanna_go
BRNO,,https://www.google.com/maps/place/BRNO/data=!4m2!3m1!1s0x85d1ff00698c6243:0x49a687d9808b5990,,,Wanna go,wanna_go
Votion Roma Norte,,https://www.google.com/maps/place/Votion+Roma+Norte/data=!4m2!3m1!1s0x85d1ff965aeb7375:0xd6792f3559222448,,,Wanna go,wanna_go
Baby Bar,,https://www.google.com/maps/place/Baby+Bar/data=!4m2!3m1!1s0x85d1ff899ac0312d:0x49890086eddc06a9,,,Wanna go,wanna_go
Rallado Quesería,,https://www.google.com/maps/place/Rallado+Queser%C3%ADa/data=!4m2!3m1!1s0x85d1ff12e9abe659:0x79f1a5c685fcb2ef,,,Wanna go,wanna_go
Lalo!,,https://www.google.com/maps/place/Lalo!/data=!4m2!3m1!1s0x85d1ff395f34802d:0x1c6328f5be71ded7,,,Wanna go,wanna_go
Ticuchi,,https://www.google.com/maps/place/Ticuchi/data=!4m2!3m1!1s0x85d1f8ab75cf106d:0xcb7b042857cecaa,,,Wanna go,wanna_go
Bar Mauro,,https://www.google.com/maps/place/Bar+Mauro/data=!4m2!3m1!1s0x85d1ffdbbe56d071:0x45466e37cb489b4e,,,Wanna go,wanna_go
Difane,,https://www.google.com/maps/place/Difane/data=!4m2!3m1!1s0x85d2012fd6bf3d65:0xd892d431e7783d93,,,Wanna go,wanna_go
Malcriado ( Condesa ),,https://www.google.com/maps/place/Malcriado+(+Condesa+)/data=!4m2!3m1!1s0x85d1ff2388c3b9df:0xa101bb145cf07a25,,,Wanna go,wanna_go
Alboroto,,https://www.google.com/maps/place/Alboroto/data=!4m2!3m1!1s0x85d1ff006b54ca05:0xff7c9993c6aae7a9,,,Wanna go,wanna_go
HART bagels & specialty coffee,,https://www.google.com/maps/place/HART+bagels+%26+specialty+coffee/data=!4m2!3m1!1s0x85d1ff7c98c95e73:0xb490a4cfee1e4581,,,Wanna go,wanna_go
ARDA,,https://www.google.com/maps/place/ARDA/data=!4m2!3m1!1s0x85d1ff2595aa187d:0x9026332b65e8111a,,,Wanna go,wanna_go
ACTIVO,,https://www.google.com/maps/place/ACTIVO/data=!4m2!3m1!1s0x85d201526f25cb59:0xabcafa3d155afe50,,,Wanna go,wanna_go
Pistilo,,https://www.google.com/maps/place/Pistilo/data=!4m2!3m1!1s0x85d1ff00253b00e7:0xabeb958ca599802c,,,Wanna go,wanna_go
Olaf Osteria,,https://www.google.com/maps/place/Olaf+Osteria/data=!4m2!3m1!1s0x85d1ffb336cff7a5:0xec109aad9279368a,,,Wanna go,wanna_go
Orbita,,https://www.google.com/maps/place/Orbita/data=!4m2!3m1!1s0x85d1ff9c2c5d9a45:0x5c77ef01daf4e725,,,Wanna go,wanna_go
Belly,,https://www.google.com/maps/place/Belly/data=!4m2!3m1!1s0x48761b1366d70ab5:0x7236ebf9cffe1b27,,,Wanna go,wanna_go
Hule,,https://www.google.com/maps/place/Hule/data=!4m2!3m1!1s0x85d1ffd6c927f8ed:0x80ed711da812e129,,,Wanna go,wanna_go
Makan,,https://www.google.com/maps/place/Makan/data=!4m2!3m1!1s0x85d1ff49dd1a3c8f:0xaad80010c54aa382,,,Wanna go,wanna_go
CASTIZO ROMA,,https://www.google.com/maps/place/CASTIZO+ROMA/data=!4m2!3m1!1s0x85d1ffca7137cb4b:0x314bab62f97065ab,,,Wanna go,wanna_go
Casa Imperial Polanco,,https://www.google.com/maps/place/Casa+Imperial+Polanco/data=!4m2!3m1!1s0x85d20171a6acf073:0x901368e73909b6a4,,,Wanna go,wanna_go
Momiji,,https://www.google.com/maps/place/Momiji/data=!4m2!3m1!1s0x85d2016299407225:0x614b4fd4dc84a173,,,Wanna go,wanna_go
El 98,,https://www.google.com/maps/place/El+98/data=!4m2!3m1!1s0x85d1ff1b34632371:0xeb3091a5e158c6e0,,,Wanna go,wanna_go
The Latimer Pub & Restaurant,,https://www.google.com/maps/place/The+Latimer+Pub+%26+Restaurant/data=!4m2!3m1!1s0x4876113495218749:0x40f2ca9630ce7ca0,,,Wanna go,wanna_go
Tiella Trattoria & Bar,,https://www.google.com/maps/place/Tiella+Trattoria+%26+Bar/data=!4m2!3m1!1s0x48761dd706640e2f:0xfe78aec95e185361,,,Wanna go,wanna_go
Quiero Gelato,,https://www.google.com/maps/place/Quiero+Gelato/data=!4m2!3m1!1s0x85d1fff22d0a5f0b:0xe003d1d99b56178b,,,Wanna go,wanna_go
Esca,,https://www.google.com/maps/place/Esca/data=!4m2!3m1!1s0x85d1ff007125a61f:0x39d02fbee6e85be4,,,Wanna go,wanna_go
Masa viva,,https://www.google.com/maps/place/Masa+viva/data=!4m2!3m1!1s0x85d1ff26d39d4461:0xe51596899e5c465a,,,Wanna go,wanna_go
Disco Café & Bar,,https://www.google.com/maps/place/Disco+Caf%C3%A9+%26+Bar/data=!4m2!3m1!1s0x85d1ff46f30578cb:0xde893c16847e101d,,,Wanna go,wanna_go
Recio,,https://www.google.com/maps/place/Recio/data=!4m2!3m1!1s0x85d1ffc691d27117:0xb58fceea4e66b5f5,,,Wanna go,wanna_go
El Mandarino,,https://www.google.com/maps/place/El+Mandarino/data=!4m2!3m1!1s0x85d1ff435497292d:0x6b87c036ec400145,,,Wanna go,wanna_go
Spruce,,https://www.google.com/maps/place/Spruce/data=!4m2!3m1!1s0x48760550bbe9764d:0x10809be46563bba2,,,Wanna go,wanna_go
Como La Flor,,https://www.google.com/maps/place/Como+La+Flor/data=!4m2!3m1!1s0x85d1ff0079e13f9b:0xfbe16451b105bd4,,,Wanna go,wanna_go
Calma Nail Bar - Condesa,,https://www.google.com/maps/place/Calma+Nail+Bar+-+Condesa/data=!4m2!3m1!1s0x85d1ff0f4c40f3d5:0x196aea7d3c137952,,,Wanna go,wanna_go
Tacos Domingo - Reforma,,https://www.google.com/maps/place/Tacos+Domingo+-+Reforma/data=!4m2!3m1!1s0x85d1ff00595b5a33:0xcc5d87bc7ef4bbba,,,Wanna go,wanna_go
Crissis Crissis,,https://www.google.com/maps/place/Crissis+Crissis/data=!4m2!3m1!1s0x85d20100428409c9:0xd37259e1da8313f6,,,Wanna go,wanna_go
Buna - Café Rico,,https://www.google.com/maps/place/Buna+-+Caf%C3%A9+Rico/data=!4m2!3m1!1s0x85d1ff30eb858d85:0x263ee4f447c7779,,,Wanna go,wanna_go
Café De Las Artes,,https://www.google.com/maps/place/Caf%C3%A9+De+Las+Artes/data=!4m2!3m1!1s0x85d200024b1065c7:0x8bed44b572baea2a,,,Wanna go,wanna_go
Señor Croissant,,https://www.google.com/maps/place/Se%C3%B1or+Croissant/data=!4m2!3m1!1s0x85d1ffefb45019c5:0xd0fa00958aab4789,,,Wanna go,wanna_go
Carajo Maria,,https://www.google.com/maps/place/Carajo+Maria/data=!4m2!3m1!1s0x85d1ffd81206d9e7:0x95cf1ddc65226d66,,,Wanna go,wanna_go
Don Vergas Mariscos,,https://www.google.com/maps/place/Don+Vergas+Mariscos/data=!4m2!3m1!1s0x85d1ff00223f0985:0x845ca35be33d5d44,,,Wanna go,wanna_go
Crown & Hart Pub,,https://www.google.com/maps/place/Crown+%26+Hart+Pub/data=!4m2!3m1!1s0x85d1ffdb9bebd49b:0xe2686928a9779648,,,Wanna go,wanna_go
COMPAY CAFÉ,,https://www.google.com/maps/place/COMPAY+CAF%C3%89/data=!4m2!3m1!1s0x85d1ff000df55091:0x60416c36683f2733,,,Wanna go,wanna_go
ISMO,,https://www.google.com/maps/place/ISMO/data=!4m2!3m1!1s0x85d1ffb615ff1e5b:0x504df8c1db0fe6ad,,,Wanna go,wanna_go
El Compita Taquería,,https://www.google.com/maps/place/El+Compita+Taquer%C3%ADa/data=!4m2!3m1!1s0x85d1ff4fa8a0f1d7:0x296825968fcbf38d,,,Wanna go,wanna_go
MAMAPAPA,,https://www.google.com/maps/place/MAMAPAPA/data=!4m2!3m1!1s0x85d1ff9082346959:0xea8acd0204d2afe4,,,Wanna go,wanna_go
FRITANGUITA,,https://www.google.com/maps/place/FRITANGUITA/data=!4m2!3m1!1s0x85d1ff001507d631:0x11156d096795c88d,,,Wanna go,wanna_go
TONCHIN MEXICO CITY,,https://www.google.com/maps/place/TONCHIN+MEXICO+CITY/data=!4m2!3m1!1s0x85d1ffdcd181c567:0x78122a348a8049f7,,,Wanna go,wanna_go
LENEZ Bar de vinos,,https://www.google.com/maps/place/LENEZ+Bar+de+vinos/data=!4m2!3m1!1s0x85d1ff49d8e1aaab:0x1eaa2dfa0c756edc,,,Wanna go,wanna_go
Magazzino,,https://www.google.com/maps/place/Magazzino/data=!4m2!3m1!1s0x85d1ff13b1b519ff:0xe5dab33cb6c097fe,,,Wanna go,wanna_go
Taqueria La Estrella,,https://www.google.com/maps/place/Taqueria+La+Estrella/data=!4m2!3m1!1s0x85d1ff811b62782f:0x296a70bf9ca236dc,,,Wanna go,wanna_go
Cafe Ocaso,,https://www.google.com/maps/place/Cafe+Ocaso/data=!4m2!3m1!1s0x85d1ff0061c69e11:0xd1615e6b923b89c2,,,Wanna go,wanna_go
Taverna,,https://www.google.com/maps/place/Taverna/data=!4m2!3m1!1s0x85d1ffa2da192337:0xb10c3bd5a92fe6dd,,,Wanna go,wanna_go
Balagán,,https://www.google.com/maps/place/Balag%C3%A1n/data=!4m2!3m1!1s0x85d1ffe1d3d46337:0x2abd8ab96d5fbe5d,,,Wanna go,wanna_go
SUKAI,,https://www.google.com/maps/place/SUKAI/data=!4m2!3m1!1s0x85d1ff5f6842e4f7:0x575f150ac02534e,,,Wanna go,wanna_go
MILPA,,https://www.google.com/maps/place/MILPA/data=!4m2!3m1!1s0x85d1ff958ed5ef63:0xba90a3dadbc0b403,,,Wanna go,wanna_go
The Carpenter's Arms,,https://www.google.com/maps/place/The+Carpenter's+Arms/data=!4m2!3m1!1s0x48760e49c13d8b97:0x746ffd4c0de3d29c,,,Wanna go,wanna_go
Vacaciones,,https://www.google.com/maps/place/Vacaciones/data=!4m2!3m1!1s0x85d1f90026714a33:0x1a7fb25dc99b8b48,,,Wanna go,wanna_go
La Cocina del Bizco,,https://www.google.com/maps/place/La+Cocina+del+Bizco/data=!4m2!3m1!1s0x85d1ff0000f03b53:0x3315b5b8246ad3ca,,,Wanna go,wanna_go
Lindy,,https://www.google.com/maps/place/Lindy/data=!4m2!3m1!1s0x85d1ffedb5413041:0x6b82503ff7926e00,,,Wanna go,wanna_go
Tacos Hola El Güero,,https://www.google.com/maps/place/Tacos+Hola+El+G%C3%BCero/data=!4m2!3m1!1s0x85d1ff410c04e265:0x3a4d191d1fd40fa5,,,Wanna go,wanna_go
Amorcita Gelato,,https://www.google.com/maps/place/Amorcita+Gelato/data=!4m2!3m1!1s0x85d1ffbb381cf8bb:0xc78eefaaa75e438a,,,Wanna go,wanna_go
madde.,Pedir pastel de platano,https://www.google.com/maps/place/madde./data=!4m2!3m1!1s0x85d1ff817b2a0a41:0x15d64941276b5953,,,Wanna go,wanna_go
Owl Bar (Speakeasy),,https://www.google.com/maps/place/Owl+Bar+(Speakeasy)/data=!4m2!3m1!1s0x85d1ff00569089ab:0x960cb4a293bf3845,,,Wanna go,wanna_go
Principal Cafe,Cafe en las mananas y cenar y sobremesa,https://www.google.com/maps/place/Principal+Cafe/data=!4m2!3m1!1s0x85d1ff001c3a8697:0x7b66aa6e592a4346,,,Wanna go,wanna_go
Lounge Fernando,,https://www.google.com/maps/place/Lounge+Fernando/data=!4m2!3m1!1s0x85d1ff405cd15555:0xe377fac36ae63e79,,,Wanna go,wanna_go
Marea Restaurante de Mar,,https://www.google.com/maps/place/Marea+Restaurante+de+Mar/data=!4m2!3m1!1s0x85d1ffe4cca9f1db:0xf05d4319427df20d,,,Wanna go,wanna_go
tu es,Matcha deli y cozy,https://www.google.com/maps/place/tu+es/data=!4m2!3m1!1s0x85d1ffa3684e24a5:0xfc010582c416ce26,,,Wanna go,wanna_go
Testarudo Café,Buen lugar para trabajar,https://www.google.com/maps/place/Testarudo+Caf%C3%A9/data=!4m2!3m1!1s0x85d1ff8037353ecb:0x54b49e5fcb2bfd16,,,Wanna go,wanna_go
Cupido Café,,https://www.google.com/maps/place/Cupido+Caf%C3%A9/data=!4m2!3m1!1s0x85d1ff0039f140ab:0xc89bdc526d523c27,,,Wanna go,wanna_go
Constela Café,Cafesito para trabajar,https://www.google.com/maps/place/Constela+Caf%C3%A9/data=!4m2!3m1!1s0x85d203c10855d2a9:0xb9435b110ab81699,,,Wanna go,wanna_go
Constela Café,Cafesito para trabajar,https://www.google.com/maps/place/Constela+Caf%C3%A9/data=!4m2!3m1!1s0x85d1ffd011d51ab5:0xc7c263276fb7a5b,,,Wanna go,wanna_go
Fugu Sushi,Sushi q le pides am chef lo q te recomiende y es deli. Mini barra de 7 lugares,https://www.google.com/maps/place/Fugu+Sushi/data=!4m2!3m1!1s0x85d1ff0c3a06dd6b:0xefbf26874070d653,,,Wanna go,wanna_go
Kotsu,"Niguiris, cerveza y sake ilimitados por dos horas",https://www.google.com/maps/place/Kotsu/data=!4m2!3m1!1s0x85d1ff37f783ffff:0x1d28489e315eaa53,,,Wanna go,wanna_go
KOYI SUSHI SAN MIGUEL,"Sushi casual, bowl de cangrejo es bueno dicen",https://www.google.com/maps/place/KOYI+SUSHI+SAN+MIGUEL/data=!4m2!3m1!1s0x85d1ffbdf82301ef:0xde6d49379f71532f,,,Wanna go,wanna_go
Nommo Sushi,Sushi casual y no muy caro,https://www.google.com/maps/place/Nommo+Sushi/data=!4m2!3m1!1s0x85d1ff055d19ce3b:0x75edd4be7b372a4e,,,Wanna go,wanna_go
Diamantina,,https://www.google.com/maps/place/Diamantina/data=!4m2!3m1!1s0x85d1ff0008b5826f:0x4e78411e15977e14,,,Wanna go,wanna_go
RUIDO,,https://www.google.com/maps/place/RUIDO/data=!4m2!3m1!1s0x85d1ff65981a1229:0x1420219c5f0ee22b,,,Wanna go,wanna_go
Jellyfish,"Lugar para desconectarte, leer y postre",https://www.google.com/maps/place/Jellyfish/data=!4m2!3m1!1s0x85d1ff0052d169a9:0x648adc229d486d54,,,Wanna go,wanna_go
Cafeteria Ideal,Para romantic dinner,https://www.google.com/maps/place/Cafeteria+Ideal/data=!4m2!3m1!1s0x85d1ff30fd8584ab:0xce6b4316e5138ff3,,,Wanna go,wanna_go
Izakalle,,https://www.google.com/maps/place/Izakalle/data=!4m2!3m1!1s0x85d1ff007546263f:0x3cee10abbf464a7f,,,Wanna go,wanna_go
orkidé,,https://www.google.com/maps/place/orkid%C3%A9/data=!4m2!3m1!1s0x85d1ff65686ed511:0x1da8955e188164a0,,,Wanna go,wanna_go
Marne Café,,https://www.google.com/maps/place/Marne+Caf%C3%A9/data=!4m2!3m1!1s0x85d1ff005e7841fd:0xd91fd699ac561e8,,,Wanna go,wanna_go
Raku Café,,https://www.google.com/maps/place/Raku+Caf%C3%A9/data=!4m2!3m1!1s0x85d1ff461e705985:0x42680ca337973ddb,,,Wanna go,wanna_go
Ritmo Café,,https://www.google.com/maps/place/Ritmo+Caf%C3%A9/data=!4m2!3m1!1s0x85d1ff9434f2ae51:0x992303fb322bc28,,,Wanna go,wanna_go
Via Romana Deli,,https://www.google.com/maps/place/Via+Romana+Deli/data=!4m2!3m1!1s0x48760da897d2acb1:0xd2c7a92b1e0d0e,,,Wanna go,wanna_go
Av. Clavería 157,Taqueria el paisa. Tacos de pstor favoritos de tacotios,https://www.google.com/maps/place/Av.+Claver%C3%ADa+157/data=!4m2!3m1!1s0x85d1f89ade7726f1:0xa21e1e5c3bcfb9ff,,,Wanna go,wanna_go
Taqueria los pacientes,Pedir el de hamburguesa aplastada,https://www.google.com/maps/place/Taqueria+los+pacientes/data=!4m2!3m1!1s0x85d1ff601e30d541:0x800e331a6c92a236,,,Wanna go,wanna_go
Siembra Taquería,,https://www.google.com/maps/place/Siembra+Taquer%C3%ADa/data=!4m2!3m1!1s0x85d1f950aa53b059:0x8544886ee93134c8,,,Wanna go,wanna_go
Tacos del Valle (Roma Norte),,https://www.google.com/maps/place/Tacos+del+Valle+(Roma+Norte)/data=!4m2!3m1!1s0x85d1ff0038236413:0x95ae6d6cb0ac8681,,,Wanna go,wanna_go
Chetito,,https://www.google.com/maps/place/Chetito/data=!4m2!3m1!1s0x85d1ff80711c2cdd:0x3be6f44926d9896a,,,Wanna go,wanna_go
Chetito,,https://www.google.com/maps/place/Chetito/data=!4m2!3m1!1s0x85d1ff391e26f125:0xa280eaf18c3a58ea,,,Wanna go,wanna_go
Jowong,,https://www.google.com/maps/place/Jowong/data=!4m2!3m1!1s0x85d1ffefce767dcf:0xe4daa53078519269,,,Wanna go,wanna_go
Ostería 8,Barato italiano,https://www.google.com/maps/place/Oster%C3%ADa+8/data=!4m2!3m1!1s0x85d1ffe970c5d2dd:0x57eca2efc8975aa6,,,Wanna go,wanna_go
Sente,Lo vi caminando en la calle,https://www.google.com/maps/place/Sente/data=!4m2!3m1!1s0x85d1ff00587012eb:0x8e327df52d136bb1,,,Wanna go,wanna_go
CANA,,https://www.google.com/maps/place/CANA/data=!4m2!3m1!1s0x85d1ff2d8c095555:0xa9c930b3964cf28c,,,Wanna go,wanna_go
The Mat MX,,https://www.google.com/maps/place/The+Mat+MX/data=!4m2!3m1!1s0x85d1ff8010a6cb99:0x224175631e2ad0a6,,,Wanna go,wanna_go
Filigrana,,https://www.google.com/maps/place/Filigrana/data=!4m2!3m1!1s0x85d1ff0a75bd0915:0x5642f90afc58edfd,,,Wanna go,wanna_go
Roselle,Para echar drink en la noche,https://www.google.com/maps/place/Roselle/data=!4m2!3m1!1s0x85d1ff0d7c91da47:0x4b32da45c83260f8,,,Wanna go,wanna_go
99 Records,,https://www.google.com/maps/place/99+Records/data=!4m2!3m1!1s0x85d1ffa0ce9d8e61:0xf9042e0082074c0,,,Wanna go,wanna_go
Roma Records,,https://www.google.com/maps/place/Roma+Records/data=!4m2!3m1!1s0x85d1ff39a7969ee1:0xa2e99b92a09f1146,,,Wanna go,wanna_go
Cafe Milou,,https://www.google.com/maps/place/Cafe+Milou/data=!4m2!3m1!1s0x85d1ff4591b6aaab:0x75a15484dd5fc449,,,Wanna go,wanna_go
SAN さん Matcha,,https://www.google.com/maps/place/SAN+%E3%81%95%E3%82%93+Matcha/data=!4m2!3m1!1s0x85d1ffd40b32a277:0x47acdf9cbc2fc2e7,,,Wanna go,wanna_go
PLONK,,https://www.google.com/maps/place/PLONK/data=!4m2!3m1!1s0x85d1ffcb11c2ccfb:0xd325bce679981c20,,,Wanna go,wanna_go
La Once Mil - Lomas,,https://www.google.com/maps/place/La+Once+Mil+-+Lomas/data=!4m2!3m1!1s0x85d201651c52ff7b:0x21373fd666b1fb33,,,Wanna go,wanna_go
Biblioteca Vasconcelos,,https://www.google.com/maps/place/Biblioteca+Vasconcelos/data=!4m2!3m1!1s0x85d1f8d97f5adfe9:0xab381ade506b433d,,,Wanna go,wanna_go
Derretido,,https://www.google.com/maps/place/Derretido/data=!4m2!3m1!1s0x85d1ffa3170d81f9:0x769546951e55f3c9,,,Wanna go,wanna_go
Barra Lupe,Mezcalitas,https://www.google.com/maps/place/Barra+Lupe/data=!4m2!3m1!1s0x85d1ff00095ae2d5:0x7e404f5d44f42518,,,Wanna go,wanna_go
Redonda,,https://www.google.com/maps/place/Redonda/data=!4m2!3m1!1s0x85d1ff10988c9837:0x55731fcf91c7ca43,,,Wanna go,wanna_go
Dr. Pizza,,https://www.google.com/maps/place/Dr.+Pizza/data=!4m2!3m1!1s0x85d1ff0178515a0f:0xe736594f719f2747,,,Wanna go,wanna_go
Lolo Miscelánea Editorial,,https://www.google.com/maps/place/Lolo+Miscel%C3%A1nea+Editorial/data=!4m2!3m1!1s0x85d1ff002e9b9b07:0x36d409b740d3ddeb,,,Wanna go,wanna_go
La Emperatriz Café,,https://www.google.com/maps/place/La+Emperatriz+Caf%C3%A9/data=!4m2!3m1!1s0x85d20100766be061:0x789f9c51b5dca46d,,,Wanna go,wanna_go
Poppy Wellness Lounge,,https://www.google.com/maps/place/Poppy+Wellness+Lounge/data=!4m2!3m1!1s0x85d1ff5233c0cdc9:0xd96be8145f602bc3,,,Wanna go,wanna_go
Filosa,,https://www.google.com/maps/place/Filosa/data=!4m2!3m1!1s0x85b8f9d4c7e09ee3:0x1505c31e8a708aa3,,,Wanna go,wanna_go
La 89,,https://www.google.com/maps/place/La+89/data=!4m2!3m1!1s0x85d1ff004a74dfcb:0xf5d95518a31be835,,,Wanna go,wanna_go
Campobaja,,https://www.google.com/maps/place/Campobaja/data=!4m2!3m1!1s0x85d1ff3a9ef407fb:0x71e17d14526c047b,,,Wanna go,wanna_go
Supplì,,https://www.google.com/maps/place/Suppl%C3%AC/data=!4m2!3m1!1s0x85d1fffc5ad85f3b:0x7ab6f475134e71b8,,,Wanna go,wanna_go
Voraz,,https://www.google.com/maps/place/Voraz/data=!4m2!3m1!1s0x85d1ff5ab968c011:0xca3530e5a39c8c8f,,,Wanna go,wanna_go
Jenni’s Quesadillas,,https://www.google.com/maps/place/Jenni%E2%80%99s+Quesadillas/data=!4m2!3m1!1s0x85d1ff3a9c183333:0x3c2f53f32906ed92,,,Wanna go,wanna_go
Cannizaro Park,,https://www.google.com/maps/place/Cannizaro+Park/data=!4m2!3m1!1s0x487608d6f32f7757:0x9b28eb6f71bcdba5,,,Wanna go,wanna_go
Caracol de Mar,,https://www.google.com/maps/place/Caracol+de+Mar/data=!4m2!3m1!1s0x85d1f9955f1ae91f:0x2c3bab0e35842447,,,Wanna go,wanna_go
Café Nin,,https://www.google.com/maps/place/Caf%C3%A9+Nin/data=!4m2!3m1!1s0x85d1ff31688a74b9:0xe7e20e8437e5d3c5,,,Wanna go,wanna_go
Taller Masa,,https://www.google.com/maps/place/Taller+Masa/data=!4m2!3m1!1s0x85d1ff006e48d04f:0x2c9b07a1fe8f737,,,Wanna go,wanna_go
MADO CAFÉ,,https://www.google.com/maps/place/MADO+CAF%C3%89/data=!4m2!3m1!1s0x85d1ff0030a806a5:0xdfd721912a06de2e,,,Wanna go,wanna_go
Futari,,https://www.google.com/maps/place/Futari/data=!4m2!3m1!1s0x85d1ff00136817eb:0xdcd958f27a67904a,,,Wanna go,wanna_go
El Rey del Falafel,,https://www.google.com/maps/place/El+Rey+del+Falafel/data=!4m2!3m1!1s0x85d1ff43e046644f:0xf99a040f289b353d,,,Wanna go,wanna_go
Gaba Restaurante,,https://www.google.com/maps/place/Gaba+Restaurante/data=!4m2!3m1!1s0x85d1ff25de7966d5:0x4cda98d171604732,,,Wanna go,wanna_go
Auguste,,https://www.google.com/maps/place/Auguste/data=!4m2!3m1!1s0x48761d85ac6dba7d:0x5576219f0d615e97,,,Wanna go,wanna_go
Meroma,,https://www.google.com/maps/place/Meroma/data=!4m2!3m1!1s0x85d1ff3a83e4a1f7:0x1b1cd8a36ed7701f,,,Wanna go,wanna_go
El Tigre Silencioso,,https://www.google.com/maps/place/El+Tigre+Silencioso/data=!4m2!3m1!1s0x85d1ff3081faaaab:0x8e868dafabf86dfe,,,Wanna go,wanna_go
Tirso's Coffee Roma,,https://www.google.com/maps/place/Tirso's+Coffee+Roma/data=!4m2!3m1!1s0x85d1ff0036dd4e05:0x468163d9fada8b9e,,,Wanna go,wanna_go
Parla,,https://www.google.com/maps/place/Parla/data=!4m2!3m1!1s0x85d201e055165d09:0xe89ecbaa3c8578c,,,Wanna go,wanna_go
Étranger,,https://www.google.com/maps/place/%C3%89tranger/data=!4m2!3m1!1s0x85d1ff59302d8261:0x2e43092a5a205008,,,Wanna go,wanna_go
Kazu's Kitchen,,https://www.google.com/maps/place/Kazu's+Kitchen/data=!4m2!3m1!1s0x85d2020075e9dd69:0xdb3845b85a1037bc,,,Wanna go,wanna_go
L'enfant,,https://www.google.com/maps/place/L'enfant/data=!4m2!3m1!1s0x85d1ffff61cf8a5f:0xb4d33659fa41d52,,,Wanna go,wanna_go
El Maldito de Jalisco,,https://www.google.com/maps/place/El+Maldito+de+Jalisco/data=!4m2!3m1!1s0x85d1ff006e4f3b19:0xbf8caa27825305d5,,,Wanna go,wanna_go
Tosco Restaurante,,https://www.google.com/maps/place/Tosco+Restaurante/data=!4m2!3m1!1s0x85d1ff001e7f1c57:0x11a3e8a9b8432e87,,,Wanna go,wanna_go
Max Tachinomi,,https://www.google.com/maps/place/Max+Tachinomi/data=!4m2!3m1!1s0x85d1ff005eb5769d:0x377fca973e7c5e19,,,Wanna go,wanna_go
Tamales Madre,,https://www.google.com/maps/place/Tamales+Madre/data=!4m2!3m1!1s0x85d1ff2f7a492681:0xd1537e11a4c4d209,,,Wanna go,wanna_go
"Versalles 19 Restaurante mariscos, carnes y buenos tragos",,"https://www.google.com/maps/place/Versalles+19+Restaurante+mariscos,+carnes+y+buenos+tragos/data=!4m2!3m1!1s0x85d1ff4e3d2614dd:0xe8c432aa3813d8fe",,,Wanna go,wanna_go
Lotti,,https://www.google.com/maps/place/Lotti/data=!4m2!3m1!1s0x85d1ff7746426d15:0x1bc86fc2aa214fc4,,,Wanna go,wanna_go
Mantequilla Social Club,,https://www.google.com/maps/place/Mantequilla+Social+Club/data=!4m2!3m1!1s0x85d201f7e54e1a5d:0x9370300a8decbd7d,,,Wanna go,wanna_go
De Potato Club,,https://www.google.com/maps/place/De+Potato+Club/data=!4m2!3m1!1s0x85d1ff007b0e5067:0x610e21c7ba75f44e,,,Wanna go,wanna_go
Museo Kaluz,,https://www.google.com/maps/place/Museo+Kaluz/data=!4m2!3m1!1s0x85d1f904221ee17d:0xf206033e1002e2cd,,,Wanna go,wanna_go
Shhh,,https://www.google.com/maps/place/Shhh/data=!4m2!3m1!1s0x85d1ff0037dc8d61:0x240f105564e4ca01,,,Wanna go,wanna_go
Mitemaki Hand Roll Bar,,https://www.google.com/maps/place/Mitemaki+Hand+Roll+Bar/data=!4m2!3m1!1s0x85d20146beae8d6f:0xdcbcae3fcc6222f5,,,Wanna go,wanna_go
BUNA Condesa,,https://www.google.com/maps/place/BUNA+Condesa/data=!4m2!3m1!1s0x85d1ff7b1fafa017:0x4b2d48fd0d76bf53,,,Wanna go,wanna_go
Bar nino,Arturito. Restaurante misterioso dice italiano y antes de llaaba restaurante sin nombre,https://www.google.com/maps/place/Bar+nino/data=!4m2!3m1!1s0x85d1ff0031ba3285:0x9c6a3703b7065612,,,Wanna go,wanna_go
Cafe Trucha,,https://www.google.com/maps/place/Cafe+Trucha/data=!4m2!3m1!1s0x85d1ff71ce710fe1:0xea97f7be6558d122,,,Wanna go,wanna_go
Mi Compa Chava Marisquería,,https://www.google.com/maps/place/Mi+Compa+Chava+Marisquer%C3%ADa/data=!4m2!3m1!1s0x85d1ff976e20f4d1:0x2087fc553413be6a,,,Wanna go,wanna_go
Estiatorio Nostos (Lomas),,https://www.google.com/maps/place/Estiatorio+Nostos+(Lomas)/data=!4m2!3m1!1s0x85d201693184fdc7:0xe246526b8f345c50,,,Wanna go,wanna_go
Taller de ostiones by fism,,https://www.google.com/maps/place/Taller+de+ostiones+by+fism/data=!4m2!3m1!1s0x85d1ffc056890ae7:0xf5c6111f03160482,,,Wanna go,wanna_go
Bartola,,https://www.google.com/maps/place/Bartola/data=!4m2!3m1!1s0x85d1ff00036d6d9d:0x668be880fa6292b4,,,Wanna go,wanna_go
Gala Panadería,,https://www.google.com/maps/place/Gala+Panader%C3%ADa/data=!4m2!3m1!1s0x85d1ff0011c6e72f:0xe94a7c14204e8842,,,Wanna go,wanna_go
Green Rhino,,https://www.google.com/maps/place/Green+Rhino/data=!4m2!3m1!1s0x85d1ff7f8345adcf:0x74bdf3c027679e91,,,Wanna go,wanna_go
El Compita | Birria de res,Topjaw,https://www.google.com/maps/place/El+Compita+%7C+Birria+de+res/data=!4m2!3m1!1s0x85d1ffb8c6f3e883:0xfc664f2511f7f8ec,,,Wanna go,wanna_go
LORENZO,Dicen que bueno para drinks,https://www.google.com/maps/place/LORENZO/data=!4m2!3m1!1s0x85d1ff5b6874a129:0x8ac4dbfe2d42485d,,,Wanna go,wanna_go
oly.,Tacotios,https://www.google.com/maps/place/oly./data=!4m2!3m1!1s0x85d1ffe147ce5801:0x317a07faefc1b6f9,,,Wanna go,wanna_go
Tienda de Cerveza Hércules,Topjaw,https://www.google.com/maps/place/Tienda+de+Cerveza+H%C3%A9rcules/data=!4m2!3m1!1s0x85d1ff0071223629:0x34643639a4d6d64a,,,Wanna go,wanna_go
Marne Panadería,Topjaw,https://www.google.com/maps/place/Marne+Panader%C3%ADa/data=!4m2!3m1!1s0x85d1ffb395c98b93:0x3bbb1449a9864cce,,,Wanna go,wanna_go
Café Tormenta,,https://www.google.com/maps/place/Caf%C3%A9+Tormenta/data=!4m2!3m1!1s0x85d1ff6d0ebc66ab:0x865090df4560ae55,,,Wanna go,wanna_go
Martínez,,https://www.google.com/maps/place/Mart%C3%ADnez/data=!4m2!3m1!1s0x85d1ff5bc1e8bc63:0x5617ca434d90a8ca,,,Wanna go,wanna_go
San Bagel Roma,,https://www.google.com/maps/place/San+Bagel+Roma/data=!4m2!3m1!1s0x85d1ff0020ddd89d:0x60d503c84b288fc4,,,Wanna go,wanna_go
Cabo San Juan,,https://www.google.com/maps/place/Cabo+San+Juan/data=!4m2!3m1!1s0x85d1fed59f9f651d:0xa2ab8e6c91038d16,,,Wanna go,wanna_go
Rufus,Pedir helado de pistache,https://www.google.com/maps/place/Rufus/data=!4m2!3m1!1s0x85d1ff443f9b41ab:0xdb27defc0cd13f80,,,Wanna go,wanna_go
Cursi,,https://www.google.com/maps/place/Cursi/data=!4m2!3m1!1s0x85d1ff00161a6b37:0xc4ae41c729ba0d6c,,,Wanna go,wanna_go
The Toucan,,https://www.google.com/maps/place/The+Toucan/data=!4m2!3m1!1s0x48761b2cccf55207:0x321ff7ebbe6f2197,,,Wanna go,wanna_go
Weezie's,,https://www.google.com/maps/place/Weezie's/data=!4m2!3m1!1s0x487605364d5ab1ed:0xac66a0d6aab7c743,,,Wanna go,wanna_go
Osom Pilates Studio,,https://www.google.com/maps/place/Osom+Pilates+Studio/data=!4m2!3m1!1s0x85d1ff3a2335812b:0x5d5ece7ed5668ca4,,,Wanna go,wanna_go
Theo's,,https://www.google.com/maps/place/Theo's/data=!4m2!3m1!1s0x4876037f7717fcd3:0xce2deae584543916,,,Wanna go,wanna_go
Mister Nice Mayfair,,https://www.google.com/maps/place/Mister+Nice+Mayfair/data=!4m2!3m1!1s0x487605df12f8cc2b:0x6f57320cb319b49c,,,Wanna go,wanna_go
"Farm Shop, Mayfair",Tienda y wine bar,"https://www.google.com/maps/place/Farm+Shop,+Mayfair/data=!4m2!3m1!1s0x487605bddaeaea9d:0x259a6f8fd291f8c8",,,Wanna go,wanna_go
Mount St. Restaurant,Brunch,https://www.google.com/maps/place/Mount+St.+Restaurant/data=!4m2!3m1!1s0x487605e5d35fc577:0x7a51ed922282266d,,,Wanna go,wanna_go
Home SW15,,https://www.google.com/maps/place/Home+SW15/data=!4m2!3m1!1s0x48760f12e50326bf:0x18ad42443d18a5f9,,,Wanna go,wanna_go
MIRIN,,https://www.google.com/maps/place/MIRIN/data=!4m2!3m1!1s0x4887c7e53cd1672f:0x206ba58be44eba1d,,,Wanna go,wanna_go
Montrose,,https://www.google.com/maps/place/Montrose/data=!4m2!3m1!1s0x4887b9ca8c4481f5:0xcc655d9ad06f6087,,,Wanna go,wanna_go
Sotto Enoteca & Trattoria,,https://www.google.com/maps/place/Sotto+Enoteca+%26+Trattoria/data=!4m2!3m1!1s0x4887c7da00d38d35:0xe267b0fda2461a80,,,Wanna go,wanna_go
Kenji Sushi,,https://www.google.com/maps/place/Kenji+Sushi/data=!4m2!3m1!1s0x4887c795850949c5:0xd65791c6bbca474e,,,Wanna go,wanna_go
Le Café NAC,,https://www.google.com/maps/place/Le+Caf%C3%A9+NAC/data=!4m2!3m1!1s0x487605007bb0d90f:0xb782ed58345e0ece,,,Wanna go,wanna_go
Cometa,,https://www.google.com/maps/place/Cometa/data=!4m2!3m1!1s0x48761b0065cd15e7:0xf7d61eeef3d0797c,,,Wanna go,wanna_go
Comal Oculto,,https://www.google.com/maps/place/Comal+Oculto/data=!4m2!3m1!1s0x85d1ffcb98fe87eb:0xd44a2feb6a19c3c3,,,Wanna go,wanna_go
Bruno,,https://www.google.com/maps/place/Bruno/data=!4m2!3m1!1s0x48761d3df89b2241:0x5fa6c8dda5546cde,,,Wanna go,wanna_go
The Blue Anchor,,https://www.google.com/maps/place/The+Blue+Anchor/data=!4m2!3m1!1s0x48760fb471def45b:0xabfb984b60533734,,,Wanna go,wanna_go
Wine Bar Mayfair,,https://www.google.com/maps/place/Wine+Bar+Mayfair/data=!4m2!3m1!1s0x487605b16adee4cf:0x36aa5fa4a8b92d33,,,Wanna go,wanna_go
Café Vins,,https://www.google.com/maps/place/Caf%C3%A9+Vins/data=!4m2!3m1!1s0x487605782df4fc93:0xc9545e557a796d4c,,,Wanna go,wanna_go
Foreign Exchange News,,https://www.google.com/maps/place/Foreign+Exchange+News/data=!4m2!3m1!1s0x48760501be99ac1b:0x9f4b6d49ec6c0c74,,,Wanna go,wanna_go
ACE Pizza Victoria Park,,https://www.google.com/maps/place/ACE+Pizza+Victoria+Park/data=!4m2!3m1!1s0x48761d0cf6dba321:0x46535c7e87ca8ea7,,,Wanna go,wanna_go
Empire Empire,,https://www.google.com/maps/place/Empire+Empire/data=!4m2!3m1!1s0x48761128a0c79461:0xd5628bc2e339c57a,,,Wanna go,wanna_go
Lurra,,https://www.google.com/maps/place/Lurra/data=!4m2!3m1!1s0x48760534d4571a4d:0x6c45e45f669a72ec,,,Wanna go,wanna_go
Chourangi,,https://www.google.com/maps/place/Chourangi/data=!4m2!3m1!1s0x48760533511d5e31:0xaad192da51e6cf31,,,Wanna go,wanna_go
Shoty,,https://www.google.com/maps/place/Shoty/data=!4m2!3m1!1s0x487605c7917c9f39:0x4ec3d074a47d4913,,,Wanna go,wanna_go
Chuck’s,,https://www.google.com/maps/place/Chuck%E2%80%99s/data=!4m2!3m1!1s0x48761b0009001037:0x70e1a6f5009b0092,,,Wanna go,wanna_go
Annab Brasserie,,https://www.google.com/maps/place/Annab+Brasserie/data=!4m2!3m1!1s0x48760f7414f22c2f:0x5d75c4c0826825a5,,,Wanna go,wanna_go
The Builders Arms,Se ve deli,https://www.google.com/maps/place/The+Builders+Arms/data=!4m2!3m1!1s0x4876056b84679019:0xdf4e74db1a2e5305,,,Wanna go,wanna_go
DALLA,,https://www.google.com/maps/place/DALLA/data=!4m2!3m1!1s0x48761d05a11b48f9:0xee952aa862d556e5,,,Wanna go,wanna_go
"Chestnut Bakery, Belgravia",Para wfh,"https://www.google.com/maps/place/Chestnut+Bakery,+Belgravia/data=!4m2!3m1!1s0x487605605880c931:0x882bf278b3f45276",,,Wanna go,wanna_go
London Aquatics Centre,,https://www.google.com/maps/place/London+Aquatics+Centre/data=!4m2!3m1!1s0x47d8a7885a9c6fd3:0x415051406fdac132,,,Wanna go,wanna_go
The Good Oak,,https://www.google.com/maps/place/The+Good+Oak/data=!4m2!3m1!1s0x4876100375347007:0x8e05ccce957b8975,,,Wanna go,wanna_go
Romeo San,,https://www.google.com/maps/place/Romeo+San/data=!4m2!3m1!1s0x48761b33c0a85309:0x2059daa363d8c3b8,,,Wanna go,wanna_go
Daddy Bao - Taiwanese Restaurant Tooting,,https://www.google.com/maps/place/Daddy+Bao+-+Taiwanese+Restaurant+Tooting/data=!4m2!3m1!1s0x4876060caa02410f:0x1d3701440a758b64,,,Wanna go,wanna_go
My Neighbours the Dumplings - Victoria Park,,https://www.google.com/maps/place/My+Neighbours+the+Dumplings+-+Victoria+Park/data=!4m2!3m1!1s0x48761d42746f155d:0xb9c33b1efd097c88,,,Wanna go,wanna_go
Milk Run,,https://www.google.com/maps/place/Milk+Run/data=!4m2!3m1!1s0x4876057ed7eec347:0x9e8f8954b5662ff8,,,Wanna go,wanna_go
Marisquería julichi,,https://www.google.com/maps/place/Marisquer%C3%ADa+julichi/data=!4m2!3m1!1s0x85d1f90050b9658b:0x3ca5669f30168dfb,,,Wanna go,wanna_go
These Days Aperitivo Bar,Date night ideal,https://www.google.com/maps/place/These+Days+Aperitivo+Bar/data=!4m2!3m1!1s0x4876035f81ab5c29:0x22a2327ff8e26ea0,,,Wanna go,wanna_go
Bedales of Borough Market,Date night,https://www.google.com/maps/place/Bedales+of+Borough+Market/data=!4m2!3m1!1s0x487603576e0c78ad:0x9c49db94ceec0185,,,Wanna go,wanna_go
St Pancras hotel,,https://www.google.com/maps/place/St+Pancras+hotel/data=!4m2!3m1!1s0x48761b3b98a4286d:0x98620619b3b670fa,,,Wanna go,wanna_go
Caravel,,https://www.google.com/maps/place/Caravel/data=!4m2!3m1!1s0x48761d9070ad9723:0x72f1fdd87a0d8ccf,,,Wanna go,wanna_go
La Poule Au Pot,,https://www.google.com/maps/place/La+Poule+Au+Pot/data=!4m2!3m1!1s0x487605177e2fc733:0x64f2076f217641d5,,,Wanna go,wanna_go
CREDA - Gastronomia popolare,No esta en la lista pero se ve impresionante. Localisimo y como neighborhood,https://www.google.com/maps/place/CREDA+-+Gastronomia+popolare/data=!4m2!3m1!1s0x4786c5001a824c39:0x76880541a30d45f0,,,Wanna go,wanna_go
Trattoria Trippa,Este no esta en la lista de fer pero se ve buenisimo por si andan por esta zona,https://www.google.com/maps/place/Trattoria+Trippa/data=!4m2!3m1!1s0x4786c4218413ad69:0xfc783fe9dd0a5223,,,Wanna go,wanna_go
La Gioia San Marco,"Se ve buenisimo, mas moderno y como intermedio de los 3 de la esquina",https://www.google.com/maps/place/La+Gioia+San+Marco/data=!4m2!3m1!1s0x4786c72cfe0dd087:0x8c9994bf66dafda5,,,Wanna go,wanna_go
Solferino,"Se ve muy bueno, es el primero de la lista de fer y es el mas austero/tavernoso de la esquina",https://www.google.com/maps/place/Solferino/data=!4m2!3m1!1s0x4786c6cab5fc8857:0xf3bd1233a58a1f43,,,Wanna go,wanna_go
Al Baretto San Marco,Se ve mega cool pero el mas fancy de los 3 de la esquina,https://www.google.com/maps/place/Al+Baretto+San+Marco/data=!4m2!3m1!1s0x4786c12cef7c2d99:0x641a391c3ff54d71,,,Wanna go,wanna_go
Trattoria Torre di Pisa,Se ve casero y dicen que la carne esta buena,https://www.google.com/maps/place/Trattoria+Torre+di+Pisa/data=!4m2!3m1!1s0x4786c14caccf1b73:0xa6901499b6af6624,,,Wanna go,wanna_go
Casa Fiori Chiari Milano,Mexcla de moderno y clasico. Tiene pizzas tambien,https://www.google.com/maps/place/Casa+Fiori+Chiari+Milano/data=!4m2!3m1!1s0x4786c721c02b16df:0x10c24b412b851a59,,,Wanna go,wanna_go
Ristorante Nuova Arena,Chiquito cozy romantico y buenos reviews,https://www.google.com/maps/place/Ristorante+Nuova+Arena/data=!4m2!3m1!1s0x4786c1362610bb29:0x2a182a8f27b1fd1e,,,Wanna go,wanna_go
Antica Trattoria della Pesa,Me latio aparte lo de enfrente esta cool pero se ve algo cantinoso,https://www.google.com/maps/place/Antica+Trattoria+della+Pesa/data=!4m2!3m1!1s0x4786c13404655033:0x1980ee4081d8ea87,,,Wanna go,wanna_go
Ristorante Da Giacomo,Mas elegante pero se ve impresionante,https://www.google.com/maps/place/Ristorante+Da+Giacomo/data=!4m2!3m1!1s0x4786c6981a3f85b7:0x793e932c46db66c8,,,Wanna go,wanna_go
606 Club,,https://www.google.com/maps/place/606+Club/data=!4m2!3m1!1s0x4876057bf934a6f9:0x5d3e939cf21f52a0,,,Wanna go,wanna_go
The Abingdon,,https://www.google.com/maps/place/The+Abingdon/data=!4m2!3m1!1s0x48760ff3b713c331:0x550ddf061ed9155f,,,Wanna go,wanna_go
The Bull and Last,,https://www.google.com/maps/place/The+Bull+and+Last/data=!4m2!3m1!1s0x48761a5642f083f5:0x6f3a3ed80ad1f50c,,,Wanna go,wanna_go
Papo’s Bagels,,https://www.google.com/maps/place/Papo%E2%80%99s+Bagels/data=!4m2!3m1!1s0x48761dc803cff55b:0xfdc10384d3074cba,,,Wanna go,wanna_go
Söderberg Wandsworth,,https://www.google.com/maps/place/S%C3%B6derberg+Wandsworth/data=!4m2!3m1!1s0x48760fa4c34e60ff:0xb17bfff0a3895f9f,,,Wanna go,wanna_go
Mahali Bakery by Mahali and Co,,https://www.google.com/maps/place/Mahali+Bakery+by+Mahali+and+Co/data=!4m2!3m1!1s0x487605bd7acd6c7f:0x2224c386fbb467d8,,,Wanna go,wanna_go
People's Park Tavern,,https://www.google.com/maps/place/People's+Park+Tavern/data=!4m2!3m1!1s0x48761d37572d8291:0xfe62b5d765cda65,,,Wanna go,wanna_go
The Rose & Crown,,https://www.google.com/maps/place/The+Rose+%26+Crown/data=!4m2!3m1!1s0x487605ad37d41b5b:0xe00f81c05c6a002c,,,Wanna go,wanna_go
The Apollo Arms Public House,,https://www.google.com/maps/place/The+Apollo+Arms+Public+House/data=!4m2!3m1!1s0x487605b40174c64b:0x4ee356aff3ea826e,,,Wanna go,wanna_go
Tower House,,https://www.google.com/maps/place/Tower+House/data=!4m2!3m1!1s0x48760c474277b251:0x6a6424bac2f035d9,,,Wanna go,wanna_go
Legado Restaurant,,https://www.google.com/maps/place/Legado+Restaurant/data=!4m2!3m1!1s0x48761d1b3b9cee89:0xd2b5e25d3a85cbc0,,,Wanna go,wanna_go
Frankie’s Bakery,,https://www.google.com/maps/place/Frankie%E2%80%99s+Bakery/data=!4m2!3m1!1s0x48760fd94690d6c1:0xad00f19373ac2e5a,,,Wanna go,wanna_go
Fischers,,https://www.google.com/maps/place/Fischers/data=!4m2!3m1!1s0x48761ad1c19c7675:0x15ffa42a739b55f8,,,Wanna go,wanna_go
Hoop & Grapes,,https://www.google.com/maps/place/Hoop+%26+Grapes/data=!4m2!3m1!1s0x48761b52b1d14ad5:0xb1000e56579509b1,,,Wanna go,wanna_go
The Windmill,,https://www.google.com/maps/place/The+Windmill/data=!4m2!3m1!1s0x4876057c704a4439:0xa6bfa0dde4d8f0a9,,,Wanna go,wanna_go
Konjiki,,https://www.google.com/maps/place/Konjiki/data=!4m2!3m1!1s0x48760ff7098e910b:0xd3c21e7b1ab381cf,,,Wanna go,wanna_go
Society Bar & Kitchen,,https://www.google.com/maps/place/Society+Bar+%26+Kitchen/data=!4m2!3m1!1s0x4887c746809dc94f:0x12b411925d02e9a,,,Wanna go,wanna_go
Running Late Coffee,,https://www.google.com/maps/place/Running+Late+Coffee/data=!4m2!3m1!1s0x48761d286b8d334b:0x94590f6f0661d55,,,Wanna go,wanna_go
LOWDOWN,,https://www.google.com/maps/place/LOWDOWN/data=!4m2!3m1!1s0x4887c791205a866b:0x4256ca6de94187bd,,,Wanna go,wanna_go
Fishers,,https://www.google.com/maps/place/Fishers/data=!4m2!3m1!1s0x4887b8048c30d157:0x1837c85aa2f1b199,,,Wanna go,wanna_go
Chez Jules,,https://www.google.com/maps/place/Chez+Jules/data=!4m2!3m1!1s0x4887c7916a04019b:0xb6699d7bd5f80a6,,,Wanna go,wanna_go
Papercup Coffee Company,,https://www.google.com/maps/place/Papercup+Coffee+Company/data=!4m2!3m1!1s0x4888450bbae59e47:0x3fa5a8f490b2761d,,,Wanna go,wanna_go
Ugly Dumpling,,https://www.google.com/maps/place/Ugly+Dumpling/data=!4m2!3m1!1s0x48761baf26d5a3ab:0x34094a3fe026c8f6,,,Wanna go,wanna_go
Corner Shop,,https://www.google.com/maps/place/Corner+Shop/data=!4m2!3m1!1s0x488845cb025a737d:0xf373a621d2c0205b,,,Wanna go,wanna_go
Ox and Finch,,https://www.google.com/maps/place/Ox+and+Finch/data=!4m2!3m1!1s0x488845d492ffafff:0xe310d41b51a8457e,,,Wanna go,wanna_go
Gloriosa,,https://www.google.com/maps/place/Gloriosa/data=!4m2!3m1!1s0x488845933fcb258f:0xd89a78f37828a0fd,,,Wanna go,wanna_go
Nauticus,,https://www.google.com/maps/place/Nauticus/data=!4m2!3m1!1s0x4887b989d0407de3:0xf263733b542ce5fb,,,Wanna go,wanna_go
Kelvingrove Café,,https://www.google.com/maps/place/Kelvingrove+Caf%C3%A9/data=!4m2!3m1!1s0x488845d45c2616a1:0xa4d0c1b83617c884,,,Wanna go,wanna_go
The Ben Nevis,,https://www.google.com/maps/place/The+Ben+Nevis/data=!4m2!3m1!1s0x488845d4f7faf357:0x169876bcd1320d72,,,Wanna go,wanna_go
The Clarence Glasgow,,https://www.google.com/maps/place/The+Clarence+Glasgow/data=!4m2!3m1!1s0x4888458d20974eb9:0x4959fafb27ff4559,,,Wanna go,wanna_go
Ubiquitous Chip,,https://www.google.com/maps/place/Ubiquitous+Chip/data=!4m2!3m1!1s0x488845ce588ef1d5:0x22040afc84325841,,,Wanna go,wanna_go
Ardnamurchan Scottish Restaurant & Bar,,https://www.google.com/maps/place/Ardnamurchan+Scottish+Restaurant+%26+Bar/data=!4m2!3m1!1s0x488844210c99864f:0x85dcb0940aeeafed,,,Wanna go,wanna_go
Novar Drive Espresso Bar,,https://www.google.com/maps/place/Novar+Drive+Espresso+Bar/data=!4m2!3m1!1s0x488845003036d07f:0x40b318fddb9ba7cb,,,Wanna go,wanna_go
Farine,,https://www.google.com/maps/place/Farine/data=!4m2!3m1!1s0x487605720847777b:0x2ada8a2027d62d31,,,Wanna go,wanna_go
The Auld Shillelagh,,https://www.google.com/maps/place/The+Auld+Shillelagh/data=!4m2!3m1!1s0x48761c637f39c6df:0xa9848c15a5121018,,,Wanna go,wanna_go
The Eagle Farringdon,,https://www.google.com/maps/place/The+Eagle+Farringdon/data=!4m2!3m1!1s0x48761b4f6cb6da87:0x9688ad81a9ca31a7,,,Wanna go,wanna_go
Brook House,Para sunday roast,https://www.google.com/maps/place/Brook+House/data=!4m2!3m1!1s0x48760f27a3b8341d:0x45e39efa74c449b,,,Wanna go,wanna_go
One Club Row,,https://www.google.com/maps/place/One+Club+Row/data=!4m2!3m1!1s0x48761d92ece5332d:0x60035b2a61d9a6ef,,,Wanna go,wanna_go
August Bakery,,https://www.google.com/maps/place/August+Bakery/data=!4m2!3m1!1s0x487605fa878b01d7:0x85bf64801bfeafc2,,,Wanna go,wanna_go
Nardulli,,https://www.google.com/maps/place/Nardulli/data=!4m2!3m1!1s0x48760452ad607e7b:0x7b0ba194a8952363,,,Wanna go,wanna_go
Maiz,,https://www.google.com/maps/place/Maiz/data=!4m2!3m1!1s0x48760387796d7f93:0xd0bb6eafb6cb148d,,,Wanna go,wanna_go
MOI Restaurant,,https://www.google.com/maps/place/MOI+Restaurant/data=!4m2!3m1!1s0x48760558ea6d22a3:0x64449c44eb52b176,,,Wanna go,wanna_go
Chiave,,https://www.google.com/maps/place/Chiave/data=!4m2!3m1!1s0x48761d5d50ea8ea7:0x983e7a15cbdb872e,,,Wanna go,wanna_go
BISTROTHEQUE,,https://www.google.com/maps/place/BISTROTHEQUE/data=!4m2!3m1!1s0x48761cdd05e558a5:0x6ccece0f4e8c1a62,,,Wanna go,wanna_go
The Old Pharmacy,,https://www.google.com/maps/place/The+Old+Pharmacy/data=!4m2!3m1!1s0x487231a5e3c16afd:0x33e9bb41e3fcb377,,,Wanna go,wanna_go
Beam,,https://www.google.com/maps/place/Beam/data=!4m2!3m1!1s0x48761b8175bf2dfb:0x401f1b2780e3cb53,,,Wanna go,wanna_go
pockets,Falafels buenisimos,https://www.google.com/maps/place/pockets/data=!4m2!3m1!1s0x48761d3f7a644ac1:0x88d7a1d900301906,,,Wanna go,wanna_go
BLAS,,https://www.google.com/maps/place/BLAS/data=!4m2!3m1!1s0x48761d1b2a76014d:0xef588dd6c8a1d79e,,,Wanna go,wanna_go
Shri Sanatan Hindu Mandir,,https://www.google.com/maps/place/Shri+Sanatan+Hindu+Mandir/data=!4m2!3m1!1s0x4876123baad46731:0xf8640a3aea0c7a77,,,Wanna go,wanna_go
Sushi Like by Kintan,,https://www.google.com/maps/place/Sushi+Like+by+Kintan/data=!4m2!3m1!1s0x48761b3356ba1711:0x55497c134fcdf9bf,,,Wanna go,wanna_go
Horniman Museum and Gardens,,https://www.google.com/maps/place/Horniman+Museum+and+Gardens/data=!4m2!3m1!1s0x487603dac9203c4b:0x125c068455d7d99d,,,Wanna go,wanna_go
Mayfield Lavender Glasshouse Cafe and Gift & Plant Shop,,https://www.google.com/maps/place/Mayfield+Lavender+Glasshouse+Cafe+and+Gift+%26+Plant+Shop/data=!4m2!3m1!1s0x4875e261d6e40c81:0xe7a262aadbecb58a,,,Wanna go,wanna_go
Keats House,,https://www.google.com/maps/place/Keats+House/data=!4m2!3m1!1s0x48761a8a5daaf399:0xd36957cbb0b6ec03,,,Wanna go,wanna_go
Dulwich Picture Gallery,,https://www.google.com/maps/place/Dulwich+Picture+Gallery/data=!4m2!3m1!1s0x487603f15d5df813:0x62cec4dab72fd6d3,,,Wanna go,wanna_go
Syon Park,,https://www.google.com/maps/place/Syon+Park/data=!4m2!3m1!1s0x48760db17067db8d:0xabd8bb3beb501c71,,,Wanna go,wanna_go
Trinity Laban Dance Faculty,,https://www.google.com/maps/place/Trinity+Laban+Dance+Faculty/data=!4m2!3m1!1s0x4876028c37e85d63:0x3199d400fb9ea0cb,,,Wanna go,wanna_go
The Mayflower Pub,,https://www.google.com/maps/place/The+Mayflower+Pub/data=!4m2!3m1!1s0x48760324328c71a3:0xcb470bee32fa422c,,,Wanna go,wanna_go
Taca Tacos Peckham,,https://www.google.com/maps/place/Taca+Tacos+Peckham/data=!4m2!3m1!1s0x487603776246ae7b:0xc0f6cebf9110c8a6,,,Wanna go,wanna_go
Guacamoles,,https://www.google.com/maps/place/Guacamoles/data=!4m2!3m1!1s0x4876030033a8938b:0xd4b6293add99e6df,,,Wanna go,wanna_go
Ruth's,,https://www.google.com/maps/place/Ruth's/data=!4m2!3m1!1s0x48760f4b21d81b3f:0xffdd4571def7a783,,,Wanna go,wanna_go
Buddy's Deli,,https://www.google.com/maps/place/Buddy's+Deli/data=!4m2!3m1!1s0x487605b14bb5cbf1:0xee19035cf212af34,,,Wanna go,wanna_go
Nagare Bankside,,https://www.google.com/maps/place/Nagare+Bankside/data=!4m2!3m1!1s0x487605e3759090b5:0xdb74c58be622c1af,,,Wanna go,wanna_go
Spring Street Pizza,,https://www.google.com/maps/place/Spring+Street+Pizza/data=!4m2!3m1!1s0x487604a1bf2435bf:0xf2b5ffca3d6832f8,,,Wanna go,wanna_go
Lina Stores South Kensington - Italian Restaurant,,https://www.google.com/maps/place/Lina+Stores+South+Kensington+-+Italian+Restaurant/data=!4m2!3m1!1s0x4876053547108e11:0xc2a1c3d7a2be6458,,,Wanna go,wanna_go
Mali Vegan Thai,,https://www.google.com/maps/place/Mali+Vegan+Thai/data=!4m2!3m1!1s0x48760f481de12335:0xfdbfd5936603b642,,,Wanna go,wanna_go
The Lavery,,https://www.google.com/maps/place/The+Lavery/data=!4m2!3m1!1s0x48760542c01de325:0x4a7a5a20e5a63d91,,,Wanna go,wanna_go
MARTINO'S,,https://www.google.com/maps/place/MARTINO'S/data=!4m2!3m1!1s0x487605007ffe0955:0x1981d7b3f3c1a0d2,,,Wanna go,wanna_go
Noble Rot Lamb's Conduit,,https://www.google.com/maps/place/Noble+Rot+Lamb's+Conduit/data=!4m2!3m1!1s0x48761b3639311de7:0x42b87c4b16c9a6ae,,,Wanna go,wanna_go
Elystan Street,,https://www.google.com/maps/place/Elystan+Street/data=!4m2!3m1!1s0x4876056a53fd81c9:0x201ee6e22668bf0a,,,Wanna go,wanna_go
Cafe Kick,,https://www.google.com/maps/place/Cafe+Kick/data=!4m2!3m1!1s0x48761b4584eea71f:0x687755e70e00a56f,,,Wanna go,wanna_go
Lower Wine Bar & Bottleshop,,https://www.google.com/maps/place/Lower+Wine+Bar+%26+Bottleshop/data=!4m2!3m1!1s0x487605005dabc61d:0xb00ce7855dc3f85b,,,Wanna go,wanna_go
Planque,,https://www.google.com/maps/place/Planque/data=!4m2!3m1!1s0x48761df01fe52547:0x70b61bf96f8fefb1,,,Wanna go,wanna_go
FORNO ragged cafe',,https://www.google.com/maps/place/FORNO+ragged+cafe'/data=!4m2!3m1!1s0x48761d0015343f2d:0xb90e2c30e0a744a2,,,Wanna go,wanna_go
E5 Bakehouse,,https://www.google.com/maps/place/E5+Bakehouse/data=!4m2!3m1!1s0x48761ce60e6c44b3:0x7ef706a32cafd966,,,Wanna go,wanna_go
The Hawthorn,,https://www.google.com/maps/place/The+Hawthorn/data=!4m2!3m1!1s0x48760e2dade9c4b3:0x55eb105ab0529beb,,,Wanna go,wanna_go
Dalston Jazz Bar,,https://www.google.com/maps/place/Dalston+Jazz+Bar/data=!4m2!3m1!1s0x48761c8dd7c2fe1f:0xf0517c36fecc7844,,,Wanna go,wanna_go
Nagare Coffee,,https://www.google.com/maps/place/Nagare+Coffee/data=!4m2!3m1!1s0x48761df6d7cf5921:0xcc99556112934e11,,,Wanna go,wanna_go
moko made cafe,,https://www.google.com/maps/place/moko+made+cafe/data=!4m2!3m1!1s0x48761cbdcc2f5167:0xbc791f078323c99,,,Wanna go,wanna_go
Abuelo,,https://www.google.com/maps/place/Abuelo/data=!4m2!3m1!1s0x48761b9627dd82fb:0x58ffb5af26f460a9,,,Wanna go,wanna_go
Regency Cafe,,https://www.google.com/maps/place/Regency+Cafe/data=!4m2!3m1!1s0x487604dd8061aee7:0x9fb87b86a09b1332,,,Wanna go,wanna_go
Burnt,,https://www.google.com/maps/place/Burnt/data=!4m2!3m1!1s0x48760f9a309e94d3:0x188e069bf171b19,,,Wanna go,wanna_go
26 Grains,,https://www.google.com/maps/place/26+Grains/data=!4m2!3m1!1s0x487604cd2992f92d:0xc4ca6b8d23731010,,,Wanna go,wanna_go
Mr Fogg's Tavern,,https://www.google.com/maps/place/Mr+Fogg's+Tavern/data=!4m2!3m1!1s0x487604cdb7dffb37:0x269b4fa6aab89592,,,Wanna go,wanna_go
Below Stone Nest,,https://www.google.com/maps/place/Below+Stone+Nest/data=!4m2!3m1!1s0x487604d282b0a0d5:0x683c8a0922fb01d4,,,Wanna go,wanna_go
The Locale,,https://www.google.com/maps/place/The+Locale/data=!4m2!3m1!1s0x488845883adc4099:0x736b2925b3c61561,,,Wanna go,wanna_go
Rico’s,,https://www.google.com/maps/place/Rico%E2%80%99s/data=!4m2!3m1!1s0x4888450052327fcf:0x6e6ea445ccf28b72,,,Wanna go,wanna_go
GaGa kitchen + bar,,https://www.google.com/maps/place/GaGa+kitchen+%2B+bar/data=!4m2!3m1!1s0x4888459893c71ae9:0xa205cd7f0a71b578,,,Wanna go,wanna_go
Margo,,https://www.google.com/maps/place/Margo/data=!4m2!3m1!1s0x488847e68a7bd453:0xffbea722d45009f4,,,Wanna go,wanna_go
Cadet,,https://www.google.com/maps/place/Cadet/data=!4m2!3m1!1s0x48761d7738db04e9:0x65fa98bf10e73b9f,,,Wanna go,wanna_go
Bonne Route,,https://www.google.com/maps/place/Bonne+Route/data=!4m2!3m1!1s0x48761bd983ebb833:0x566d6e2298575d01,,,Wanna go,wanna_go
Don't Tell Dad,,https://www.google.com/maps/place/Don't+Tell+Dad/data=!4m2!3m1!1s0x487611e36db38033:0xdd6572df32d1d1f6,,,Wanna go,wanna_go
Pollini at Ladbroke Hall,,https://www.google.com/maps/place/Pollini+at+Ladbroke+Hall/data=!4m2!3m1!1s0x48761024fb6103ab:0x305178b0eb9d3104,,,Wanna go,wanna_go
Scotts Richmond,,https://www.google.com/maps/place/Scotts+Richmond/data=!4m2!3m1!1s0x48760d7f995531eb:0xa6a0f1818a05dab9,,,Wanna go,wanna_go
The Blue Stoops,,https://www.google.com/maps/place/The+Blue+Stoops/data=!4m2!3m1!1s0x48760f0027615b85:0xa51e320ab7355037,,,Wanna go,wanna_go
Prince Arthur,,https://www.google.com/maps/place/Prince+Arthur/data=!4m2!3m1!1s0x48761ca5a64f9c67:0x52393f526b8bdc58,,,Wanna go,wanna_go
Aux Merveilleux de Fred,,https://www.google.com/maps/place/Aux+Merveilleux+de+Fred/data=!4m2!3m1!1s0x4876059644e6a65f:0x62a283845a3ee3d0,,,Wanna go,wanna_go
Parrillan Borough Yards,,https://www.google.com/maps/place/Parrillan+Borough+Yards/data=!4m2!3m1!1s0x4876036466933b4f:0xdaabab13a1249e80,,,Wanna go,wanna_go
HENRI,,https://www.google.com/maps/place/HENRI/data=!4m2!3m1!1s0x487604cc0cc0584d:0xff2b3ec18c3ebada,,,Wanna go,wanna_go
Josette,,https://www.google.com/maps/place/Josette/data=!4m2!3m1!1s0x48761b4f5b9cd46d:0x2f6f4a1005d9a042,,,Wanna go,wanna_go
Burger and Beyond Shoreditch,,https://www.google.com/maps/place/Burger+and+Beyond+Shoreditch/data=!4m2!3m1!1s0x48761dbed0d2784d:0xdd1ddc46604d29d9,,,Wanna go,wanna_go
Bistro Sablé,,https://www.google.com/maps/place/Bistro+Sabl%C3%A9/data=!4m2!3m1!1s0x48761b63f4b90733:0xa014fb61aa474c69,,,Wanna go,wanna_go
Les 2 Garçons,,https://www.google.com/maps/place/Les+2+Gar%C3%A7ons/data=!4m2!3m1!1s0x48761b5cbaab4905:0x37e84fb6ba7f2113,,,Wanna go,wanna_go
El Cenote,,https://www.google.com/maps/place/El+Cenote/data=!4m2!3m1!1s0x48761b13f2c3dbdd:0xd2ed5deae422fce3,,,Wanna go,wanna_go
Proper Tacos,,https://www.google.com/maps/place/Proper+Tacos/data=!4m2!3m1!1s0x48761905f00a5891:0x77c610a00ceb3ff5,,,Wanna go,wanna_go
Mojo - Burritos & Tacos,,https://www.google.com/maps/place/Mojo+-+Burritos+%26+Tacos/data=!4m2!3m1!1s0x4876058d53606845:0x261d66a4f2d5a42c,,,Wanna go,wanna_go
Zapote,,https://www.google.com/maps/place/Zapote/data=!4m2!3m1!1s0x48761d8adf91731b:0x639bca47cd696a9,,,Wanna go,wanna_go
The Alfred Tennyson,,https://www.google.com/maps/place/The+Alfred+Tennyson/data=!4m2!3m1!1s0x4876053b8e4d2837:0x67739209083e63b1,,,Wanna go,wanna_go
Ida,,https://www.google.com/maps/place/Ida/data=!4m2!3m1!1s0x48761015f10487f9:0xce90741afa374eb2,,,Wanna go,wanna_go
The Pocket,,https://www.google.com/maps/place/The+Pocket/data=!4m2!3m1!1s0x48761b4922c91247:0xcb10257d5534c779,,,Wanna go,wanna_go
dan's,,https://www.google.com/maps/place/dan's/data=!4m2!3m1!1s0x48761d22f12029a7:0x876f25aa405878a9,,,Wanna go,wanna_go
Bébé Bob,,https://www.google.com/maps/place/B%C3%A9b%C3%A9+Bob/data=!4m2!3m1!1s0x48760534a2732181:0x39b1b2428a104bfc,,,Wanna go,wanna_go
Panadera Soho,,https://www.google.com/maps/place/Panadera+Soho/data=!4m2!3m1!1s0x487605cbee60fa0d:0x47be8027869070f3,,,Wanna go,wanna_go
Wildflowers Restaurant,,https://www.google.com/maps/place/Wildflowers+Restaurant/data=!4m2!3m1!1s0x487605002c4eaf45:0x3fb5690ccd2e146d,,,Wanna go,wanna_go
Dumpling,,https://www.google.com/maps/place/Dumpling/data=!4m2!3m1!1s0x48760f002fc3c617:0x8b9344a0da350604,,,Wanna go,wanna_go
Noodle & Beer Chinatown,,https://www.google.com/maps/place/Noodle+%26+Beer+Chinatown/data=!4m2!3m1!1s0x4876056c606bb24b:0x55d699708c139afa,,,Wanna go,wanna_go
Four Seasons (Chinatown - Gerrard Street),,https://www.google.com/maps/place/Four+Seasons+(Chinatown+-+Gerrard+Street)/data=!4m2!3m1!1s0x487605f6220f6143:0xb5a5be70e4962452,,,Wanna go,wanna_go
Lilibet's,,https://www.google.com/maps/place/Lilibet's/data=!4m2!3m1!1s0x487605dd92badb4f:0xb8211e7129cab8e1,,,Wanna go,wanna_go
"The Coach & Horses, Soho",,"https://www.google.com/maps/place/The+Coach+%26+Horses,+Soho/data=!4m2!3m1!1s0x47d89fcf1fb2c173:0xb76daebd5aa1b5ca",,,Wanna go,wanna_go
Otto's French Restaurant London,,https://www.google.com/maps/place/Otto's+French+Restaurant+London/data=!4m2!3m1!1s0x48761b48fe116fbb:0xe0b0cf327fa67ca5,,,Wanna go,wanna_go
Blenheim Palace,,https://www.google.com/maps/place/Blenheim+Palace/data=!4m2!3m1!1s0x4876cfe323947857:0x553e59b8e1ef0e18,,,Wanna go,wanna_go
Chelsea Grill,,https://www.google.com/maps/place/Chelsea+Grill/data=!4m2!3m1!1s0x487605002b59828d:0x7d19f52bf2c104ba,,,Wanna go,wanna_go
Maset,,https://www.google.com/maps/place/Maset/data=!4m2!3m1!1s0x48761b005ef4fa47:0x4fecd1a49032b6c2,,,Wanna go,wanna_go
Perilla,,https://www.google.com/maps/place/Perilla/data=!4m2!3m1!1s0x48761c868486846f:0x326b653ea294ce0a,,,Wanna go,wanna_go
Stable Wines,,https://www.google.com/maps/place/Stable+Wines/data=!4m2!3m1!1s0x48761d7a391ef037:0xccea2e1197db93ac,,,Wanna go,wanna_go
Kolae,,https://www.google.com/maps/place/Kolae/data=!4m2!3m1!1s0x487603353370066b:0xc8030aeb7f27624e,,,Wanna go,wanna_go
Gloria,,https://www.google.com/maps/place/Gloria/data=!4m2!3m1!1s0x48761d27e14edf8f:0x56a65d5c3cdf7036,,,Wanna go,wanna_go
All My Friends,,https://www.google.com/maps/place/All+My+Friends/data=!4m2!3m1!1s0x48761d88d40d9267:0x5e07bf715646b220,,,Wanna go,wanna_go
Jumbi,,https://www.google.com/maps/place/Jumbi/data=!4m2!3m1!1s0x48760332378a3441:0x5738130246f1218e,,,Wanna go,wanna_go
Cafe 1001,,https://www.google.com/maps/place/Cafe+1001/data=!4m2!3m1!1s0x48761cb6159e0073:0x1a146b75a5abf194,,,Wanna go,wanna_go
CILANTRO - PUTNEY(Healthy Indian Restaurant),Butter chicken,https://www.google.com/maps/place/CILANTRO+-+PUTNEY(Healthy+Indian+Restaurant)/data=!4m2!3m1!1s0x48760fd78bf25651:0x6f8c08a727c5286,,,Wanna go,wanna_go
Napoli on the Road - Chiswick,,https://www.google.com/maps/place/Napoli+on+the+Road+-+Chiswick/data=!4m2!3m1!1s0x48760f950ced1ba5:0x7d822731123fe241,,,Wanna go,wanna_go
BiBi,,https://www.google.com/maps/place/BiBi/data=!4m2!3m1!1s0x487605dc0c1e6a61:0x3510eca7289483b,,,Wanna go,wanna_go
Hunan,,https://www.google.com/maps/place/Hunan/data=!4m2!3m1!1s0x4876051762d93f03:0x673ab6e96cf5cdbe,,,Wanna go,wanna_go
Colonel Saab High Holborn,,https://www.google.com/maps/place/Colonel+Saab+High+Holborn/data=!4m2!3m1!1s0x48761b02dcfc579d:0x16101e9ce7039ed3,,,Wanna go,wanna_go
Maggie Jones's Restaurant,,https://www.google.com/maps/place/Maggie+Jones's+Restaurant/data=!4m2!3m1!1s0x48760ff70ae100d1:0xe8ebf13cf880299b,,,Wanna go,wanna_go
LadyBoy อีสาน,,https://www.google.com/maps/place/LadyBoy+%E0%B8%AD%E0%B8%B5%E0%B8%AA%E0%B8%B2%E0%B8%99/data=!4m2!3m1!1s0x85d1ff006975d5bf:0xcdf80d40f147cdfb,,,Wanna go,wanna_go
reemies cakes,,https://www.google.com/maps/place/reemies+cakes/data=!4m2!3m1!1s0x48760f4b0609ce63:0x9ca8afa1b0289b18,,,Wanna go,wanna_go
Berenjak Soho,,https://www.google.com/maps/place/Berenjak+Soho/data=!4m2!3m1!1s0x48760533134b669b:0xbc560d9169dcb066,,,Wanna go,wanna_go
Berenjak Borough,,https://www.google.com/maps/place/Berenjak+Borough/data=!4m2!3m1!1s0x487603d0d6ba7b55:0x2abd7b6dfca08660,,,Wanna go,wanna_go
Sarv's Slice,,https://www.google.com/maps/place/Sarv's+Slice/data=!4m2!3m1!1s0x48760d3d532dc427:0x4305f11c6a261a4d,,,Wanna go,wanna_go
Archer Street Soho,Fun live singers,https://www.google.com/maps/place/Archer+Street+Soho/data=!4m2!3m1!1s0x487604d39105b39b:0x5e552a143576d59d,,,Wanna go,wanna_go
Donia,,https://www.google.com/maps/place/Donia/data=!4m2!3m1!1s0x48760500b1014a4d:0x8540f3fe1666fc35,,,Wanna go,wanna_go
Decimo,,https://www.google.com/maps/place/Decimo/data=!4m2!3m1!1s0x48761b30e47950fd:0x28b58b3d36401ad3,,,Wanna go,wanna_go
Mc & Sons Borough,,https://www.google.com/maps/place/Mc+%26+Sons+Borough/data=!4m2!3m1!1s0x487604a5fd52c641:0xd7b4af5823c83b6a,,,Wanna go,wanna_go
Old Coffee House,,https://www.google.com/maps/place/Old+Coffee+House/data=!4m2!3m1!1s0x487604d4f9d16bb7:0xced800df92f4608,,,Wanna go,wanna_go
The Spurstowe Arms,,https://www.google.com/maps/place/The+Spurstowe+Arms/data=!4m2!3m1!1s0x487606f76b898add:0x23f4eb01ef8cd953,,,Wanna go,wanna_go
Gerry's Club,,https://www.google.com/maps/place/Gerry's+Club/data=!4m2!3m1!1s0x48761b2cca6645a1:0x64064d2ff950c8d6,,,Wanna go,wanna_go
Carbone London,,https://www.google.com/maps/place/Carbone+London/data=!4m2!3m1!1s0x48760527e0c02ce9:0x8279058ebbeb9fa6,,,Wanna go,wanna_go
Tacos Charly Oficial,,https://www.google.com/maps/place/Tacos+Charly+Oficial/data=!4m2!3m1!1s0x85ce0060f8514a57:0x64e0d41e0d710432,,,Wanna go,wanna_go
El Califa de León,,https://www.google.com/maps/place/El+Califa+de+Le%C3%B3n/data=!4m2!3m1!1s0x85d1f8cfab01d80d:0x913045c236575e79,,,Wanna go,wanna_go
Tacos Domingo - Pacheco,,https://www.google.com/maps/place/Tacos+Domingo+-+Pacheco/data=!4m2!3m1!1s0x85d1ff0042b5c851:0x4e502bd61ac184c8,,,Wanna go,wanna_go
Villa di Geggiano,,https://www.google.com/maps/place/Villa+di+Geggiano/data=!4m2!3m1!1s0x48760e478395ed5b:0x9ba08733c2e3b4be,,,Wanna go,wanna_go
The Hart - Marylebone,,https://www.google.com/maps/place/The+Hart+-+Marylebone/data=!4m2!3m1!1s0x48761baf91df1a39:0x449337a81bce4228,,,Wanna go,wanna_go
Café Deco,,https://www.google.com/maps/place/Caf%C3%A9+Deco/data=!4m2!3m1!1s0x48761b2e0a66f15d:0xb1ecb2eaea4d57b1,,,Wanna go,wanna_go
Frame Notting Hill,,https://www.google.com/maps/place/Frame+Notting+Hill/data=!4m2!3m1!1s0x4876113aef273933:0xc4b7ffd5d3911b6d,,,Wanna go,wanna_go
The Broad Walk,Ir esta senana,https://www.google.com/maps/place/The+Broad+Walk/data=!4m2!3m1!1s0x48761ad0abc43d03:0x2b7b95b1eeab9b67,,,Wanna go,wanna_go
Ad Hoc London,,https://www.google.com/maps/place/Ad+Hoc+London/data=!4m2!3m1!1s0x4876056c629ca52b:0x270d14941f0b8a88,,,Wanna go,wanna_go
Bar Lotus,,https://www.google.com/maps/place/Bar+Lotus/data=!4m2!3m1!1s0x48761d76870c213f:0x80bdab35282ab319,,,Wanna go,wanna_go
Wingnut Wines,,https://www.google.com/maps/place/Wingnut+Wines/data=!4m2!3m1!1s0x48761d577b12d329:0x73cb2f03239a496d,,,Wanna go,wanna_go
Cafe St Honorė,,https://www.google.com/maps/place/Cafe+St+Honor%C4%97/data=!4m2!3m1!1s0x4887c796c9e4205f:0xb27c82dbfb040d49,,,Wanna go,wanna_go
tipo,,https://www.google.com/maps/place/tipo/data=!4m2!3m1!1s0x4887c7d27a0576bf:0x8e620ddec5a645ae,,,Wanna go,wanna_go
Little Capo,,https://www.google.com/maps/place/Little+Capo/data=!4m2!3m1!1s0x4887c7b801c5efbd:0xe7c4027d26486a44,,,Wanna go,wanna_go
Kay’s Bar,,https://www.google.com/maps/place/Kay%E2%80%99s+Bar/data=!4m2!3m1!1s0x4887c795defc032f:0x5d3135fc9d1932bc,,,Wanna go,wanna_go
Smith's of Wapping,,https://www.google.com/maps/place/Smith's+of+Wapping/data=!4m2!3m1!1s0x48760339deb1834b:0x72a0c07229ebd18d,,,Wanna go,wanna_go
Vennel,,https://www.google.com/maps/place/Vennel/data=!4m2!3m1!1s0x4887c79bc748bb61:0x6689df3d4ff077b3,,,Wanna go,wanna_go
treen,,https://www.google.com/maps/place/treen/data=!4m2!3m1!1s0x4887c800d8300d4b:0x379e4c91445b21a2,,,Wanna go,wanna_go
Six by Nico Edinburgh - Hanover St,,https://www.google.com/maps/place/Six+by+Nico+Edinburgh+-+Hanover+St/data=!4m2!3m1!1s0x4887c7916b73111d:0x2bd9c0c8b34e08cb,,,Wanna go,wanna_go
The Last Drop,,https://www.google.com/maps/place/The+Last+Drop/data=!4m2!3m1!1s0x4887c79a5669b663:0x4b5cd27d8ffd1b32,,,Wanna go,wanna_go
The White Hart Inn,,https://www.google.com/maps/place/The+White+Hart+Inn/data=!4m2!3m1!1s0x4887c79a4b04cf35:0x8d5bb0653f9e479a,,,Wanna go,wanna_go
Arthur's Seat,,https://www.google.com/maps/place/Arthur's+Seat/data=!4m2!3m1!1s0x4887b884112f22b9:0x218a466c41934cf0,,,Wanna go,wanna_go
Calton Hill,,https://www.google.com/maps/place/Calton+Hill/data=!4m2!3m1!1s0x4887c7896e46c799:0x9181b664f75766dd,,,Wanna go,wanna_go
The Devil's Advocate,,https://www.google.com/maps/place/The+Devil's+Advocate/data=!4m2!3m1!1s0x4887c78556cfa907:0x12a9bbba5a579885,,,Wanna go,wanna_go
Advocate's Close,,https://www.google.com/maps/place/Advocate's+Close/data=!4m2!3m1!1s0x4887c78551007b15:0x57edd87f2c5aa892,,,Wanna go,wanna_go
Makars Mash Bar,,https://www.google.com/maps/place/Makars+Mash+Bar/data=!4m2!3m1!1s0x4887c79a9f5a91c9:0xb3e26ede3bf354,,,Wanna go,wanna_go
radiCibus,,https://www.google.com/maps/place/radiCibus/data=!4m2!3m1!1s0x4887c7be4a6325cb:0x97303a33cf18ad7d,,,Wanna go,wanna_go
The Palmerston,,https://www.google.com/maps/place/The+Palmerston/data=!4m2!3m1!1s0x4887c7cbb762a3ef:0xb4052f357ef88b4e,,,Wanna go,wanna_go
Dune,,https://www.google.com/maps/place/Dune/data=!4m2!3m1!1s0x48865782432f8201:0xc12b78b1d3ed9814,,,Wanna go,wanna_go
St Andrews Links Clubhouse & Tom Morris Bar & Grill,,https://www.google.com/maps/place/St+Andrews+Links+Clubhouse+%26+Tom+Morris+Bar+%26+Grill/data=!4m2!3m1!1s0x48865781778964b5:0x44520f49274943ba,,,Wanna go,wanna_go
Crofters,,https://www.google.com/maps/place/Crofters/data=!4m2!3m1!1s0x488f82bac2b7ae93:0x6333c74c353c15a7,,,Wanna go,wanna_go
Swanston Farm,,https://www.google.com/maps/place/Swanston+Farm/data=!4m2!3m1!1s0x4887c72d2835ba27:0x7128ca576b9946a0,,,Wanna go,wanna_go
The Glenmorangie Distillery Co,,https://www.google.com/maps/place/The+Glenmorangie+Distillery+Co/data=!4m2!3m1!1s0x488f8eea3a1027cd:0xf571df9ffe44812c,,,Wanna go,wanna_go
Arcade Bar Haggis & Whisky House,,https://www.google.com/maps/place/Arcade+Bar+Haggis+%26+Whisky+House/data=!4m2!3m1!1s0x4887c78f87bdef2b:0x169d0484e12a890d,,,Wanna go,wanna_go
Dunrobin Castle,,https://www.google.com/maps/place/Dunrobin+Castle/data=!4m2!3m1!1s0x488ff56c3e55825f:0x96c224f848c0abbf,,,Wanna go,wanna_go
The Cheesy Toast Shack,,https://www.google.com/maps/place/The+Cheesy+Toast+Shack/data=!4m2!3m1!1s0x488657314b53a999:0xc317f97e25dafde1,,,Wanna go,wanna_go
Dook,,https://www.google.com/maps/place/Dook/data=!4m2!3m1!1s0x48865781126b3c35:0x928cd72b399ed4eb,,,Wanna go,wanna_go
Balgove Larder,,https://www.google.com/maps/place/Balgove+Larder/data=!4m2!3m1!1s0x4886577c7dbb257f:0x4870e8dad0921af2,,,Wanna go,wanna_go
The Hermitage (National Trust for Scotland),,https://www.google.com/maps/place/The+Hermitage+(National+Trust+for+Scotland)/data=!4m2!3m1!1s0x4886192cf66049cf:0x6896d05d3afc5efa,,,Wanna go,wanna_go
Scone Palace,,https://www.google.com/maps/place/Scone+Palace/data=!4m2!3m1!1s0x48863b61b0ea616f:0x340cdd1284dcd3e7,,,Wanna go,wanna_go
Kinnoull Hill,,https://www.google.com/maps/place/Kinnoull+Hill/data=!4m2!3m1!1s0x48863bac80dd7fad:0xd0bb8ecf4d8e7c7e,,,Wanna go,wanna_go
Linlithgow Palace,,https://www.google.com/maps/place/Linlithgow+Palace/data=!4m2!3m1!1s0x4887d7868437e20b:0x8f4da4a9c4545673,,,Wanna go,wanna_go
Doune Castle,,https://www.google.com/maps/place/Doune+Castle/data=!4m2!3m1!1s0x48888bd24de4fcbf:0x5599d30a61b7fb39,,,Wanna go,wanna_go
Midhope Castle,,https://www.google.com/maps/place/Midhope+Castle/data=!4m2!3m1!1s0x4887d08e0e24a40b:0xaba569f7937ebb5,,,Wanna go,wanna_go
House of Bruar Fish and Chip Shop,,https://www.google.com/maps/place/House+of+Bruar+Fish+and+Chip+Shop/data=!4m2!3m1!1s0x4888ac28142bec15:0x90017e2505874b91,,,Wanna go,wanna_go
Baba,,https://www.google.com/maps/place/Baba/data=!4m2!3m1!1s0x4887c797db0356d9:0x695f7951d136fe1e,,,Wanna go,wanna_go
The Begging Bowl,,https://www.google.com/maps/place/The+Begging+Bowl/data=!4m2!3m1!1s0x48760398ce09a615:0x67ed1641e500d1b2,,,Wanna go,wanna_go
National Monument of Scotland,Vista increible ,https://www.google.com/maps/place/National+Monument+of+Scotland/data=!4m2!3m1!1s0x4887c7d5988e13a7:0xa90f1ac6642f202d,,,Wanna go,wanna_go
The Ship on The Shore,Baras mariscos,https://www.google.com/maps/place/The+Ship+on+The+Shore/data=!4m2!3m1!1s0x4887b804f7aada77:0x18b42d9ba477293c,,,Wanna go,wanna_go
The Bon Vivant,,https://www.google.com/maps/place/The+Bon+Vivant/data=!4m2!3m1!1s0x4887c796cb6a0a1b:0x6f797ecd505b88dc,,,Wanna go,wanna_go
The Milkman,,https://www.google.com/maps/place/The+Milkman/data=!4m2!3m1!1s0x4887c78ff097b1df:0x2e3b67988666ce3f,,,Wanna go,wanna_go
The Oxford Bar,,https://www.google.com/maps/place/The+Oxford+Bar/data=!4m2!3m1!1s0x4887c7964bb6afbd:0x5afd7d122c9f44eb,,,Wanna go,wanna_go
White Horse Oyster & Seafood Bar,,https://www.google.com/maps/place/White+Horse+Oyster+%26+Seafood+Bar/data=!4m2!3m1!1s0x4887c788a7900c01:0xde5c186c423d0103,,,Wanna go,wanna_go
Alby's Leith,,https://www.google.com/maps/place/Alby's+Leith/data=!4m2!3m1!1s0x4887b91195e8fb0b:0x6ea6123a1a5a6968,,,Wanna go,wanna_go
Alby's Southside,,https://www.google.com/maps/place/Alby's+Southside/data=!4m2!3m1!1s0x4887c75b33742c77:0x92bf9c8899022d3c,,,Wanna go,wanna_go
Civerinos Stockbridge,,https://www.google.com/maps/place/Civerinos+Stockbridge/data=!4m2!3m1!1s0x4887c75a52056797:0xfd8b0de5eded92f4,,,Wanna go,wanna_go
Toast,,https://www.google.com/maps/place/Toast/data=!4m2!3m1!1s0x4887b805b0aa4d87:0xd724cc3b85b1c6f9,,,Wanna go,wanna_go
Williams & Johnson Coffee Co.,,https://www.google.com/maps/place/Williams+%26+Johnson+Coffee+Co./data=!4m2!3m1!1s0x4887b80444c2f7f3:0x48cec96ab41b4c5e,,,Wanna go,wanna_go
The Scotsman's Lounge,,https://www.google.com/maps/place/The+Scotsman's+Lounge/data=!4m2!3m1!1s0x4887c7857ff5944f:0x7b7aed2a914874d4,,,Wanna go,wanna_go
Lannan Bakery,,https://www.google.com/maps/place/Lannan+Bakery/data=!4m2!3m1!1s0x4887c72a2ce81ef9:0xdb9ed6e148106ff2,,,Wanna go,wanna_go
The Outsider Restaurant,,https://www.google.com/maps/place/The+Outsider+Restaurant/data=!4m2!3m1!1s0x4887c79ad16bc623:0x1c4161e613b433e0,,,Wanna go,wanna_go
Royal Mile,,https://www.google.com/maps/place/Royal+Mile/data=!4m2!3m1!1s0x4887c785f515e389:0x364ad16cf392cb1e,,,Wanna go,wanna_go
Victoria St,,https://www.google.com/maps/place/Victoria+St/data=!4m2!3m1!1s0x4887c79ac1b89f3d:0x7d7a2fe9fb8d7273,,,Wanna go,wanna_go
The Grange Inn,,https://www.google.com/maps/place/The+Grange+Inn/data=!4m2!3m1!1s0x488657c77927bdc5:0x5778736a65927695,,,Wanna go,wanna_go
Forgan's St Andrews,,https://www.google.com/maps/place/Forgan's+St+Andrews/data=!4m2!3m1!1s0x4886578557c596d3:0x5cb70c90947722d0,,,Wanna go,wanna_go
The Criterion,,https://www.google.com/maps/place/The+Criterion/data=!4m2!3m1!1s0x4886579004371e4d:0xaef0629d0d275bea,,,Wanna go,wanna_go
Spry Wines,Recomendado por sammy bryan,https://www.google.com/maps/place/Spry+Wines/data=!4m2!3m1!1s0x4887c7da4f1b2153:0xdf2aa0ea0c0746cf,,,Wanna go,wanna_go
Acai And The Tribe,,https://www.google.com/maps/place/Acai+And+The+Tribe/data=!4m2!3m1!1s0x4876052b560bedf1:0x8589cc26db7aeb9f,,,Wanna go,wanna_go
The Atlas,,https://www.google.com/maps/place/The+Atlas/data=!4m2!3m1!1s0x48760f8efe9ef66d:0x6963afa1af4e0c2d,,,Wanna go,wanna_go
The Vault,,https://www.google.com/maps/place/The+Vault/data=!4m2!3m1!1s0x487604d2cce259a7:0x58085ffdde363925,,,Wanna go,wanna_go
Yeni,,https://www.google.com/maps/place/Yeni/data=!4m2!3m1!1s0x48760569c3227db5:0x4d765efd66068dac,,,Wanna go,wanna_go
Al Santo,,https://www.google.com/maps/place/Al+Santo/data=!4m2!3m1!1s0x48760f851b116835:0x7e240882121ffc5,,,Wanna go,wanna_go
Next Door Records (record shop),,https://www.google.com/maps/place/Next+Door+Records+(record+shop)/data=!4m2!3m1!1s0x48760fd25051cdcf:0x4e76ce95ee425ffb,,,Wanna go,wanna_go
Fatt Pundit,,https://www.google.com/maps/place/Fatt+Pundit/data=!4m2!3m1!1s0x487605bfc7dd70a3:0x8cffae89825e1055,,,Wanna go,wanna_go
El Inca Plebeyo Restaurant,,https://www.google.com/maps/place/El+Inca+Plebeyo+Restaurant/data=!4m2!3m1!1s0x48761b610ab1897b:0x7ec2cc0f30f6733c,,,Wanna go,wanna_go
Namaiki,,https://www.google.com/maps/place/Namaiki/data=!4m2!3m1!1s0x4876057b4689de29:0x9f5b9ad9a589bf4e,,,Wanna go,wanna_go
Intermission Coffee,,https://www.google.com/maps/place/Intermission+Coffee/data=!4m2!3m1!1s0x487611a8f88a53c7:0xc84f5d173ae047c5,,,Wanna go,wanna_go
Paul Rothe & Son,Coronation chicken sandwich,https://www.google.com/maps/place/Paul+Rothe+%26+Son/data=!4m2!3m1!1s0x48761ad2ee16db9f:0xef6fc3d29e5179aa,,,Wanna go,wanna_go
Cavita,,https://www.google.com/maps/place/Cavita/data=!4m2!3m1!1s0x48761b393572e0d7:0xf713f041e8992ec2,,,Wanna go,wanna_go
Aki London,,https://www.google.com/maps/place/Aki+London/data=!4m2!3m1!1s0x48761b197f8f8385:0xc98bdc7a0935849b,,,Wanna go,wanna_go
Elliot’s - South Hackney,,https://www.google.com/maps/place/Elliot%E2%80%99s+-+South+Hackney/data=!4m2!3m1!1s0x48761d96330c329b:0x37a9eaf0ab4df8e4,,,Wanna go,wanna_go
Riffs,,https://www.google.com/maps/place/Riffs/data=!4m2!3m1!1s0x48760fe78240fe27:0xf5aa7cba92da7775,,,Wanna go,wanna_go
Champor-Champor,,https://www.google.com/maps/place/Champor-Champor/data=!4m2!3m1!1s0x4876035a57559f59:0xe3cff852f6d1a545,,,Wanna go,wanna_go
Beast,,https://www.google.com/maps/place/Beast/data=!4m2!3m1!1s0x48761ad35603f475:0x251affc33e9100cb,,,Wanna go,wanna_go
Pub On The Park,,https://www.google.com/maps/place/Pub+On+The+Park/data=!4m2!3m1!1s0x48761ce5f0fff627:0xe9be1c630f1a9d7b,,,Wanna go,wanna_go
Hootananny Brixton,,https://www.google.com/maps/place/Hootananny+Brixton/data=!4m2!3m1!1s0x4876046bb9cc7ca3:0xdbc93c44031ce2bd,,,Wanna go,wanna_go
Railway Tavern,,https://www.google.com/maps/place/Railway+Tavern/data=!4m2!3m1!1s0x4876041acbc5bd33:0xa40d937af9ad62dc,,,Wanna go,wanna_go
Mother Mash - Carnaby,,https://www.google.com/maps/place/Mother+Mash+-+Carnaby/data=!4m2!3m1!1s0x487604d50d5da51d:0x55437a36fa553944,,,Wanna go,wanna_go
Duchy,,https://www.google.com/maps/place/Duchy/data=!4m2!3m1!1s0x48761d00032e91e3:0xd5c78ceaed0589da,,,Wanna go,wanna_go
Angelina,,https://www.google.com/maps/place/Angelina/data=!4m2!3m1!1s0x48761c92a5f45931:0xa9ee78a8f57dff84,,,Wanna go,wanna_go
Parsons,,https://www.google.com/maps/place/Parsons/data=!4m2!3m1!1s0x487604cccbd3e0fd:0xec8f04459fd0433,,,Wanna go,wanna_go
Randall & Aubin,,https://www.google.com/maps/place/Randall+%26+Aubin/data=!4m2!3m1!1s0x487604d39d8e473d:0x3f7322c44937ceba,,,Wanna go,wanna_go
The Noodle Inn,,https://www.google.com/maps/place/The+Noodle+Inn/data=!4m2!3m1!1s0x487605002d20fb81:0x9c08e0f961889767,,,Wanna go,wanna_go
Rock and Sole Plaice,,https://www.google.com/maps/place/Rock+and+Sole+Plaice/data=!4m2!3m1!1s0x48761b332d200beb:0x48d71f34cb08b139,,,Wanna go,wanna_go
The Fat Badger - Notting Hill,,https://www.google.com/maps/place/The+Fat+Badger+-+Notting+Hill/data=!4m2!3m1!1s0x487611002b79164d:0xa27efed255ac52cb,,,Wanna go,wanna_go
Seed Library,,https://www.google.com/maps/place/Seed+Library/data=!4m2!3m1!1s0x48761d98f1354c2b:0xe67193b548ce8441,,,Wanna go,wanna_go
"JOIA Restaurant, Bar & Rooftop",,"https://www.google.com/maps/place/JOIA+Restaurant,+Bar+%26+Rooftop/data=!4m2!3m1!1s0x487605ba4347b147:0x6b981b55720d6870",,,Wanna go,wanna_go
Matchado,,https://www.google.com/maps/place/Matchado/data=!4m2!3m1!1s0x48761b2f313514f5:0x493e66956ff3f1d3,,,Wanna go,wanna_go
Comptoir Bakery Bermondsey,,https://www.google.com/maps/place/Comptoir+Bakery+Bermondsey/data=!4m2!3m1!1s0x48760344cb65ba23:0xe05fc146cea2330c,,,Wanna go,wanna_go
Layla Bakery,,https://www.google.com/maps/place/Layla+Bakery/data=!4m2!3m1!1s0x487611148abd395d:0xe70a99dc5a334985,,,Wanna go,wanna_go
Frothee,,https://www.google.com/maps/place/Frothee/data=!4m2!3m1!1s0x48761b4ccfc7362b:0x21f5a9abbab7aa03,,,Wanna go,wanna_go
The Chalk Freehouse,,https://www.google.com/maps/place/The+Chalk+Freehouse/data=!4m2!3m1!1s0x48760590eac09123:0xf0d99298b5a9f354,,,Wanna go,wanna_go
Campania,,https://www.google.com/maps/place/Campania/data=!4m2!3m1!1s0x48761cc75c30bbaf:0x8a8dacf09f9ee9ca,,,Wanna go,wanna_go
Albers,,https://www.google.com/maps/place/Albers/data=!4m2!3m1!1s0x48761d0056dbcb5b:0x3059e6bbb5769687,,,Wanna go,wanna_go
Speedboat Bar at The Electric,,https://www.google.com/maps/place/Speedboat+Bar+at+The+Electric/data=!4m2!3m1!1s0x48761130e31de25d:0x4f148f5b63f2f558,,,Wanna go,wanna_go
Wild Restaurant,,https://www.google.com/maps/place/Wild+Restaurant/data=!4m2!3m1!1s0x48760fd40ac7dd65:0x4d08b205b5bbc2c6,,,Wanna go,wanna_go
amie wine studio,,https://www.google.com/maps/place/amie+wine+studio/data=!4m2!3m1!1s0x48760516cdd81ce7:0x13685328ee985907,,,Wanna go,wanna_go
Elevate,,https://www.google.com/maps/place/Elevate/data=!4m2!3m1!1s0x487603b2a1fb6377:0xeb16ef7ac012181e,,,Wanna go,wanna_go
Hector's,,https://www.google.com/maps/place/Hector's/data=!4m2!3m1!1s0x48761d4b96169589:0xc1a643c98be5b1a7,,,Wanna go,wanna_go
Gelupo,,https://www.google.com/maps/place/Gelupo/data=!4m2!3m1!1s0x487604d397b8bc6b:0x208f804b1fe29a9f,,,Wanna go,wanna_go
sons,,https://www.google.com/maps/place/sons/data=!4m2!3m1!1s0x48761d8064b342fb:0x4c914b34aeda4e0f,,,Wanna go,wanna_go
"Brunswick East, Dalston",,"https://www.google.com/maps/place/Brunswick+East,+Dalston/data=!4m2!3m1!1s0x48761c8e8755b48b:0xdbb77f4fd553160a",,,Wanna go,wanna_go
LOT 103,,https://www.google.com/maps/place/LOT+103/data=!4m2!3m1!1s0x48761d65f701b963:0x91ef13562f3a4171,,,Wanna go,wanna_go
The Compton Arms,,https://www.google.com/maps/place/The+Compton+Arms/data=!4m2!3m1!1s0x48761b6459c2bdb9:0xacf52e26eb4b8c20,,,Wanna go,wanna_go
The Drapers Arms,,https://www.google.com/maps/place/The+Drapers+Arms/data=!4m2!3m1!1s0x48761b68da2fea7d:0x15d6bc0dbe82cb96,,,Wanna go,wanna_go
Noisy Oyster seafood bistro,,https://www.google.com/maps/place/Noisy+Oyster+seafood+bistro/data=!4m2!3m1!1s0x48761da338e5bc03:0xe0ed1d5243edf40d,,,Wanna go,wanna_go
The Kerfield Arms,,https://www.google.com/maps/place/The+Kerfield+Arms/data=!4m2!3m1!1s0x487603006e9c1713:0xbf11b3114501127e,,,Wanna go,wanna_go
Osteria Angelina,,https://www.google.com/maps/place/Osteria+Angelina/data=!4m2!3m1!1s0x48761d69d184d3bb:0x82e04b9f38ea31f7,,,Wanna go,wanna_go
The Lioness of Leith,Brunch,https://www.google.com/maps/place/The+Lioness+of+Leith/data=!4m2!3m1!1s0x4887b80ee221a621:0x8680a49f2aa06c,,,Wanna go,wanna_go
Whiski Rooms,,https://www.google.com/maps/place/Whiski+Rooms/data=!4m2!3m1!1s0x4887c79a996b04fb:0x7f506a878be99dfd,,,Wanna go,wanna_go
Sheep Heid Inn Edinburgh,,https://www.google.com/maps/place/Sheep+Heid+Inn+Edinburgh/data=!4m2!3m1!1s0x4887b8606c1a85b1:0x44ec0267ad5b692,,,Wanna go,wanna_go
The Scran and Scallie,,https://www.google.com/maps/place/The+Scran+and+Scallie/data=!4m2!3m1!1s0x4887c7b8ea037bf1:0xc5082d6a04eabb13,,,Wanna go,wanna_go
Carmela's Pizzeria,,https://www.google.com/maps/place/Carmela's+Pizzeria/data=!4m2!3m1!1s0x48761bcb0127fd85:0x931d6a26004001db,,,Wanna go,wanna_go
Broken Eggs,,https://www.google.com/maps/place/Broken+Eggs/data=!4m2!3m1!1s0x48761bc0372b0801:0x3030eb639586161a,,,Wanna go,wanna_go
Tiny Wine Bar & Shop,,https://www.google.com/maps/place/Tiny+Wine+Bar+%26+Shop/data=!4m2!3m1!1s0x48761bd119746583:0x4b538a29587c1ab,,,Wanna go,wanna_go
Milk London,,https://www.google.com/maps/place/Milk+London/data=!4m2!3m1!1s0x487605cf6d7d0c7d:0xb4ec4f0bf1a3de3,,,Wanna go,wanna_go
The Hound,,https://www.google.com/maps/place/The+Hound/data=!4m2!3m1!1s0x48760f4655a9175b:0x14d7cfe37938e373,,,Wanna go,wanna_go
Dumbo Shoreditch,,https://www.google.com/maps/place/Dumbo+Shoreditch/data=!4m2!3m1!1s0x48761dab812dba1f:0x7b843f11b7548405,,,Wanna go,wanna_go
The Lexington,,https://www.google.com/maps/place/The+Lexington/data=!4m2!3m1!1s0x48761b43e3d4a323:0x1f37fe81ad858af8,,,Wanna go,wanna_go
The Jago,,https://www.google.com/maps/place/The+Jago/data=!4m2!3m1!1s0x48761d62a5f49d47:0x5c6840f7209e7afc,,,Wanna go,wanna_go
Uchi Bake,,https://www.google.com/maps/place/Uchi+Bake/data=!4m2!3m1!1s0x48761d1c3d66267b:0x6dca05219e8f7441,,,Wanna go,wanna_go
The Whistling Oyster,,https://www.google.com/maps/place/The+Whistling+Oyster/data=!4m2!3m1!1s0x48760f61ee173c27:0xd8c12822f32f958d,,,Wanna go,wanna_go
Nina,,https://www.google.com/maps/place/Nina/data=!4m2!3m1!1s0x48761ad28c695555:0x30c4a34fa82b15de,,,Wanna go,wanna_go
Night Tales,,https://www.google.com/maps/place/Night+Tales/data=!4m2!3m1!1s0x48761ce7dc3c810b:0x97dab4350184c8,,,Wanna go,wanna_go
Netil360 Rooftop Bar - Restaurant,Terraza para verano,https://www.google.com/maps/place/Netil360+Rooftop+Bar+-+Restaurant/data=!4m2!3m1!1s0x48761ce7c43b76ef:0x2d76281b26623eac,,,Wanna go,wanna_go
Hannah,Bar de moda con buens musica y para ver el sunset,https://www.google.com/maps/place/Hannah/data=!4m2!3m1!1s0x48760522cae10d8d:0x6ae8f5c1bd5b8e7b,,,Wanna go,wanna_go
Willows,Girl brunch,https://www.google.com/maps/place/Willows/data=!4m2!3m1!1s0x487605c5b86902cd:0xf79818c6e6df4f8b,,,Wanna go,wanna_go
Bar Valette,,https://www.google.com/maps/place/Bar+Valette/data=!4m2!3m1!1s0x48761d996ccb027d:0xa30a2e973ce7c0c5,,,Wanna go,wanna_go
Folde,,https://www.google.com/maps/place/Folde/data=!4m2!3m1!1s0x487605a34ef3bcef:0xaef9f0a7efe34412,,,Wanna go,wanna_go
Spiritland,,https://www.google.com/maps/place/Spiritland/data=!4m2!3m1!1s0x48761b1625019dd9:0x78f5cbe687a00e2e,,,Wanna go,wanna_go
Oranj,,https://www.google.com/maps/place/Oranj/data=!4m2!3m1!1s0x48761db5adf25829:0xbf6559abcef7737b,,,Wanna go,wanna_go
"Rye Lane Cornerhouse, Peckham",,"https://www.google.com/maps/place/Rye+Lane+Cornerhouse,+Peckham/data=!4m2!3m1!1s0x48760349bbc9b01d:0x4614e62a2a89b130",,,Wanna go,wanna_go
Andrew Edmunds Restaurant,,https://www.google.com/maps/place/Andrew+Edmunds+Restaurant/data=!4m2!3m1!1s0x487604d49309e38d:0xe6fbb540143b26ea,,,Wanna go,wanna_go
Ham Yard,,https://www.google.com/maps/place/Ham+Yard/data=!4m2!3m1!1s0x487604d38c24429f:0xb93df303435f7c5e,,,Wanna go,wanna_go
Treetop Walkway,,https://www.google.com/maps/place/Treetop+Walkway/data=!4m2!3m1!1s0x48760dcc52571389:0xd5c545234259f4c6,,,Wanna go,wanna_go
Yumenoki,,https://www.google.com/maps/place/Yumenoki/data=!4m2!3m1!1s0x4876056486526a61:0x9bf3b278bd3ca23c,,,Wanna go,wanna_go
"The Union Tavern, Westbourne Park",,"https://www.google.com/maps/place/The+Union+Tavern,+Westbourne+Park/data=!4m2!3m1!1s0x4876101ad5a7244b:0x39427290b29e6d7a",,,Wanna go,wanna_go
Half Moon,,https://www.google.com/maps/place/Half+Moon/data=!4m2!3m1!1s0x48760f0f2a22a4d7:0x24715ff688a838c9,,,Wanna go,wanna_go
Krokodilos,,https://www.google.com/maps/place/Krokodilos/data=!4m2!3m1!1s0x48760fc1ca768563:0xb9a68bc8048454a4,,,Wanna go,wanna_go
Birley Bakery,Pastel de cumpleaños con frambuesas,https://www.google.com/maps/place/Birley+Bakery/data=!4m2!3m1!1s0x4876056768abc477:0x2d630b53e08667d4,,,Wanna go,wanna_go
Ishbilia Restaurant,,https://www.google.com/maps/place/Ishbilia+Restaurant/data=!4m2!3m1!1s0x4876053bd4df5dbd:0xd9a1ab6c8dc61eda,,,Wanna go,wanna_go
Pentolina,,https://www.google.com/maps/place/Pentolina/data=!4m2!3m1!1s0x48760fc6cae7e39d:0x8d8a78f038925b80,,,Wanna go,wanna_go
Noble Rot Soho,,https://www.google.com/maps/place/Noble+Rot+Soho/data=!4m2!3m1!1s0x4876050d0590fbdb:0x6b72a689f9c6b31f,,,Wanna go,wanna_go
Heard. Smash Burgers,,https://www.google.com/maps/place/Heard.+Smash+Burgers/data=!4m2!3m1!1s0x487605b7b4a4e8f9:0xc297ec850cc44cc4,,,Wanna go,wanna_go
Anya Hindmarch,,https://www.google.com/maps/place/Anya+Hindmarch/data=!4m2!3m1!1s0x4876053df77f185d:0x21d1795a39fa0,,,Wanna go,wanna_go
Cobalto,,https://www.google.com/maps/place/Cobalto/data=!4m2!3m1!1s0x48760f7fd02dfa73:0x407b97caaf5fd8fd,,,Wanna go,wanna_go
The Room Where It Happens,,https://www.google.com/maps/place/The+Room+Where+It+Happens/data=!4m2!3m1!1s0x4876053532789de9:0xf2484f4f015d60ad,,,Wanna go,wanna_go
French Society,,https://www.google.com/maps/place/French+Society/data=!4m2!3m1!1s0x4876112e2565cf33:0xa8885c4be2df748d,,,Wanna go,wanna_go
DUKES London,,https://www.google.com/maps/place/DUKES+London/data=!4m2!3m1!1s0x487604d7ebb19be1:0x1b54577050db2c78,,,Wanna go,wanna_go
Ffiona's,,https://www.google.com/maps/place/Ffiona's/data=!4m2!3m1!1s0x48760ff75687df15:0x7d65d36807afed50,,,Wanna go,wanna_go
LIFT COFFEE,,https://www.google.com/maps/place/LIFT+COFFEE/data=!4m2!3m1!1s0x48760fa1a09e7e2f:0xb64346740ef99602,,,Wanna go,wanna_go
Mina's,,https://www.google.com/maps/place/Mina's/data=!4m2!3m1!1s0x487605e1fe223247:0xd22ffffb2880767f,,,Wanna go,wanna_go
Guibine,,https://www.google.com/maps/place/Guibine/data=!4m2!3m1!1s0x47e66e3ac4f37b19:0x406c2e1233028fb6,,,Wanna go,wanna_go
Amélie Restaurant,,https://www.google.com/maps/place/Am%C3%A9lie+Restaurant/data=!4m2!3m1!1s0x4876050043956e79:0x5484a65208458f6,,,Wanna go,wanna_go
Brigadiers,,https://www.google.com/maps/place/Brigadiers/data=!4m2!3m1!1s0x4876035509b75753:0x46bf83485446686d,,,Wanna go,wanna_go
The Bricklayers Arms,,https://www.google.com/maps/place/The+Bricklayers+Arms/data=!4m2!3m1!1s0x48761cbabbfdbfbf:0xdb0ba74531c573c8,,,Wanna go,wanna_go
The Ninth,,https://www.google.com/maps/place/The+Ninth/data=!4m2!3m1!1s0x48761b2c74cddf97:0x651a18620421a1a4,,,Wanna go,wanna_go
Jolene Colebrooke Row,,https://www.google.com/maps/place/Jolene+Colebrooke+Row/data=!4m2!3m1!1s0x48761b0dc2af6995:0x72770e29fdaf3ef,,,Wanna go,wanna_go
Fink’s Pump House,,https://www.google.com/maps/place/Fink%E2%80%99s+Pump+House/data=!4m2!3m1!1s0x48761d0aa630075d:0x31274ed4263ef901,,,Wanna go,wanna_go
Farang London,,https://www.google.com/maps/place/Farang+London/data=!4m2!3m1!1s0x48761b81d8020e45:0xa2166c8cf20b1eee,,,Wanna go,wanna_go
Dusty Knuckle - Highbury Van,,https://www.google.com/maps/place/Dusty+Knuckle+-+Highbury+Van/data=!4m2!3m1!1s0x48761b007c2f114d:0x5120f5e301ce3aae,,,Wanna go,wanna_go
Loulou,,https://www.google.com/maps/place/Loulou/data=!4m2!3m1!1s0x47e66e2f64250cfd:0x3139484128ca8233,,,Wanna go,wanna_go
The Thomas Cubitt Pub Belgravia,,https://www.google.com/maps/place/The+Thomas+Cubitt+Pub+Belgravia/data=!4m2!3m1!1s0x4876051875d10727:0x35d4bc85fec5b0f6,,,Wanna go,wanna_go
COYA Mayfair,,https://www.google.com/maps/place/COYA+Mayfair/data=!4m2!3m1!1s0x4876052f58ab2d75:0x42f194dcc617ecd0,,,Wanna go,wanna_go
Gordon's Wine Bar,,https://www.google.com/maps/place/Gordon's+Wine+Bar/data=!4m2!3m1!1s0x487604ceccc06b49:0x44935b1432029769,,,Wanna go,wanna_go
The Fuji Grill at Beaverbrook Town House,,https://www.google.com/maps/place/The+Fuji+Grill+at+Beaverbrook+Town+House/data=!4m2!3m1!1s0x487605bf2e3675d7:0xef9b31399270ca1c,,,Wanna go,wanna_go
Tendido Cero,,https://www.google.com/maps/place/Tendido+Cero/data=!4m2!3m1!1s0x487605611c6df591:0x645d2d8f932463e3,,,Wanna go,wanna_go
Mowgli Street Food Charlotte Street,,https://www.google.com/maps/place/Mowgli+Street+Food+Charlotte+Street/data=!4m2!3m1!1s0x48761bb97dcc4227:0xfdb8dd7aa1b5e3ef,,,Wanna go,wanna_go
Yasmin Soho,,https://www.google.com/maps/place/Yasmin+Soho/data=!4m2!3m1!1s0x487605dd4363c4a5:0x2a4f625c68dfaa8a,,,Wanna go,wanna_go
Little Sourdough Kitchen,,https://www.google.com/maps/place/Little+Sourdough+Kitchen/data=!4m2!3m1!1s0x48760fa261a8ffff:0x6246a38903b7c6d0,,,Wanna go,wanna_go
Urchin,,https://www.google.com/maps/place/Urchin/data=!4m2!3m1!1s0x48760fcc441a9f73:0x9e59b5776d42132e,,,Wanna go,wanna_go
Loop Generation Consignment Store in London's Chelsea,,https://www.google.com/maps/place/Loop+Generation+Consignment+Store+in+London's+Chelsea/data=!4m2!3m1!1s0x4876055d670cdef3:0x24ffba2faea33e4,,,Wanna go,wanna_go
Prospect of Whitby,,https://www.google.com/maps/place/Prospect+of+Whitby/data=!4m2!3m1!1s0x48760328e1d1930d:0xe394aca1c963f7db,,,Wanna go,wanna_go
The Counter - Soho,,https://www.google.com/maps/place/The+Counter+-+Soho/data=!4m2!3m1!1s0x48760580a2e73653:0x3fc09e1ee1eb3b6,,,Wanna go,wanna_go
Kinkally,,https://www.google.com/maps/place/Kinkally/data=!4m2!3m1!1s0x48761b93e00708bb:0x266de852f60f9445,,,Wanna go,wanna_go
Perruche,,https://www.google.com/maps/place/Perruche/data=!4m2!3m1!1s0x47e66f29152587c1:0x5965e9595d75d0c2,,,Wanna go,wanna_go
Marcel,,https://www.google.com/maps/place/Marcel/data=!4m2!3m1!1s0x47e671d361e26f1b:0xbe9ec574cb82245e,,,Wanna go,wanna_go
Bambini Paris,,https://www.google.com/maps/place/Bambini+Paris/data=!4m2!3m1!1s0x47e66f645c5ed5b7:0x4dbba311fb10b903,,,Wanna go,wanna_go
Paperboy Paris,,https://www.google.com/maps/place/Paperboy+Paris/data=!4m2!3m1!1s0x47e66e07eb9f2c8f:0x1ab3d7a0b1e3c76a,,,Wanna go,wanna_go
Ralph's Restaurant,,https://www.google.com/maps/place/Ralph's+Restaurant/data=!4m2!3m1!1s0x47e671d7a9118953:0x8498dd294471e7b4,,,Wanna go,wanna_go
SASA,,https://www.google.com/maps/place/SASA/data=!4m2!3m1!1s0x48761b434d13014f:0x36b05bcc623fcfa,,,Wanna go,wanna_go
Forty Dean Street,,https://www.google.com/maps/place/Forty+Dean+Street/data=!4m2!3m1!1s0x487604d31ddf6267:0x464ecbe5b0357639,,,Wanna go,wanna_go
La Petite Maison,,https://www.google.com/maps/place/La+Petite+Maison/data=!4m2!3m1!1s0x4876052b7983e181:0xb255204ab4c56a76,,,Wanna go,wanna_go
OPSO,,https://www.google.com/maps/place/OPSO/data=!4m2!3m1!1s0x48761ace02b582ed:0xd1c01fdc997a7410,,,Wanna go,wanna_go
Monmouth Coffee Company,Cafeteria muy recomendada,https://www.google.com/maps/place/Monmouth+Coffee+Company/data=!4m2!3m1!1s0x487604cd2fa45b6b:0x88cf5801f76b8d84,,,Wanna go,wanna_go
Bellillo,,https://www.google.com/maps/place/Bellillo/data=!4m2!3m1!1s0x48760fa2f317070d:0xefbc86b2411b9ec5,,,Wanna go,wanna_go
The Clifton NW8,,https://www.google.com/maps/place/The+Clifton+NW8/data=!4m2!3m1!1s0x48761aa1d57b361f:0x1fee43b381daa829,,,Wanna go,wanna_go
The Audley Public House,,https://www.google.com/maps/place/The+Audley+Public+House/data=!4m2!3m1!1s0x487604b8a52a1bb7:0x7c607019638b2bfb,,,Wanna go,wanna_go
The Newman Arms,,https://www.google.com/maps/place/The+Newman+Arms/data=!4m2!3m1!1s0x48761b2b87d65a89:0xc6633f365e887b19,,,Wanna go,wanna_go
The Grazing Goat Pub & Boutique Hotel Marylebone,,https://www.google.com/maps/place/The+Grazing+Goat+Pub+%26+Boutique+Hotel+Marylebone/data=!4m2!3m1!1s0x48761accaea17269:0x1dcbab94c57bc11a,,,Wanna go,wanna_go
KOL,,https://www.google.com/maps/place/KOL/data=!4m2!3m1!1s0x48761b050acef9bd:0xccd952188bdb5bdc,,,Wanna go,wanna_go
Ukiyo Handroll Bar,,https://www.google.com/maps/place/Ukiyo+Handroll+Bar/data=!4m2!3m1!1s0x487604ccfdf640b5:0xbe2187819f006402,,,Wanna go,wanna_go
Tacos Padre,,https://www.google.com/maps/place/Tacos+Padre/data=!4m2!3m1!1s0x487603d2e1cadaf9:0x20be58cf3001d622,,,Wanna go,wanna_go
Megan's on the High Street Restaurant (Kensington),,https://www.google.com/maps/place/Megan's+on+the+High+Street+Restaurant+(Kensington)/data=!4m2!3m1!1s0x48760fb89159ff71:0x1697858f37ec64c,,,Wanna go,wanna_go
Foxhills Country Club – Golf Club & Resort,,https://www.google.com/maps/place/Foxhills+Country+Club+%E2%80%93+Golf+Club+%26+Resort/data=!4m2!3m1!1s0x48767792862da549:0xd98cf33200ef3db1,,,Wanna go,wanna_go
Hausu,,https://www.google.com/maps/place/Hausu/data=!4m2!3m1!1s0x487603a1cbf6a283:0xf0f99b4b0bbf2bae,,,Wanna go,wanna_go
Brawn,,https://www.google.com/maps/place/Brawn/data=!4m2!3m1!1s0x48761cc7623842af:0x4bb9017c4ea386c4,,,Wanna go,wanna_go
Levan Restaurant Peckham,,https://www.google.com/maps/place/Levan+Restaurant+Peckham/data=!4m2!3m1!1s0x487603a611c0fe2d:0x33d5a85c3928cb6,,,Wanna go,wanna_go
Sophie's Soho,,https://www.google.com/maps/place/Sophie's+Soho/data=!4m2!3m1!1s0x487604d392da3bfd:0xaca261868610045b,,,Wanna go,wanna_go
Grato,,https://www.google.com/maps/place/Grato/data=!4m2!3m1!1s0x48760f41efd52113:0x69db9c3811665be2,,,Wanna go,wanna_go
The Duck and Rice,,https://www.google.com/maps/place/The+Duck+and+Rice/data=!4m2!3m1!1s0x487604d360292553:0xe5d1787f9487cc43,,,Wanna go,wanna_go
Donostia Restaurant,,https://www.google.com/maps/place/Donostia+Restaurant/data=!4m2!3m1!1s0x48761aca5818e9ef:0x94522f08363d2f6,,,Wanna go,wanna_go
Cloth,,https://www.google.com/maps/place/Cloth/data=!4m2!3m1!1s0x48761bc8112bb439:0xb3ea42de148b5c68,,,Wanna go,wanna_go
Clifton Nurseries,,https://www.google.com/maps/place/Clifton+Nurseries/data=!4m2!3m1!1s0x48761aa9011132e9:0xc98e3cb0290dbab9,,,Wanna go,wanna_go
Putney Pies,,https://www.google.com/maps/place/Putney+Pies/data=!4m2!3m1!1s0x48760f12de09afe5:0xdde9051e433eaac4,,,Wanna go,wanna_go
Maido Sushi,,https://www.google.com/maps/place/Maido+Sushi/data=!4m2!3m1!1s0x48761b7e87b59cb1:0x73098bb2c62d459a,,,Wanna go,wanna_go
Cafe Cecilia,,https://www.google.com/maps/place/Cafe+Cecilia/data=!4m2!3m1!1s0x48761de996317e09:0x8664a6364419dbf2,,,Wanna go,wanna_go
The Coral Room,,https://www.google.com/maps/place/The+Coral+Room/data=!4m2!3m1!1s0x48761b2d7e266f11:0xa4be390e9198b8a7,,,Wanna go,wanna_go
Café Kitsuné London,,https://www.google.com/maps/place/Caf%C3%A9+Kitsun%C3%A9+London/data=!4m2!3m1!1s0x48760539f57de50f:0x3543f0babf1e5926,,,Wanna go,wanna_go
Daphne's,,https://www.google.com/maps/place/Daphne's/data=!4m2!3m1!1s0x4876056a79b054e7:0xd27361c16b863323,,,Wanna go,wanna_go
The Queens,,https://www.google.com/maps/place/The+Queens/data=!4m2!3m1!1s0x48761ae94f458067:0x3b34a93849267095,,,Wanna go,wanna_go
The French House,,https://www.google.com/maps/place/The+French+House/data=!4m2!3m1!1s0x487604d2fbf64805:0x5b6a668d1c712399,,,Wanna go,wanna_go
Llewelyn's,,https://www.google.com/maps/place/Llewelyn's/data=!4m2!3m1!1s0x48760472e08d94df:0xca443a6284079dd8,,,Wanna go,wanna_go
Lemonia,,https://www.google.com/maps/place/Lemonia/data=!4m2!3m1!1s0x48761aeec9397edd:0x32fb76b833720cb4,,,Wanna go,wanna_go
Pizza East - Shoreditch,,https://www.google.com/maps/place/Pizza+East+-+Shoreditch/data=!4m2!3m1!1s0x48761cb0cf498cfb:0x4500c38e2cd948b7,,,Wanna go,wanna_go
SAVOY GRILL,,https://www.google.com/maps/place/SAVOY+GRILL/data=!4m2!3m1!1s0x487604c926ff263f:0x17967b823b5eb47e,,,Wanna go,wanna_go
The Toast Rack Bake House,,https://www.google.com/maps/place/The+Toast+Rack+Bake+House/data=!4m2!3m1!1s0x487605ed0f9a1d1f:0xd6117aec0111398c,,,Wanna go,wanna_go
Mountain Beak Street,,https://www.google.com/maps/place/Mountain+Beak+Street/data=!4m2!3m1!1s0x487605c1628f7119:0xdfeb1321491f8200,,,Wanna go,wanna_go
Maison François,,https://www.google.com/maps/place/Maison+Fran%C3%A7ois/data=!4m2!3m1!1s0x487604d65714a58f:0x9660b520db449d57,,,Wanna go,wanna_go
Horse & Groom,,https://www.google.com/maps/place/Horse+%26+Groom/data=!4m2!3m1!1s0x487605249faf5de7:0xcb33467e83c886ee,,,Wanna go,wanna_go
Half Cup,,https://www.google.com/maps/place/Half+Cup/data=!4m2!3m1!1s0x48761ba5445f82ef:0xb175bfb1d3995ffa,,,Wanna go,wanna_go
Half Cup,,https://www.google.com/maps/place/Half+Cup/data=!4m2!3m1!1s0x48761b3a3583b445:0x4e94e3bd81b8856e,,,Wanna go,wanna_go
Mari Deli & Dining,,https://www.google.com/maps/place/Mari+Deli+%26+Dining/data=!4m2!3m1!1s0x48760e48d8bea0fd:0xbbd68d7349368e51,,,Wanna go,wanna_go
Cafe OTO,,https://www.google.com/maps/place/Cafe+OTO/data=!4m2!3m1!1s0x48761c8d8cf69e4f:0xc8cae5601942a67b,,,Wanna go,wanna_go
Cinquecento,,https://www.google.com/maps/place/Cinquecento/data=!4m2!3m1!1s0x487605f2c2f43143:0x7e08f8f0787529c7,,,Wanna go,wanna_go
Ixchel,,https://www.google.com/maps/place/Ixchel/data=!4m2!3m1!1s0x4876052e0aaf3eb5:0xcfb3574d9be9ceec,,,Wanna go,wanna_go
The Harwood Arms,,https://www.google.com/maps/place/The+Harwood+Arms/data=!4m2!3m1!1s0x48760f85825db661:0x179020c361401bac,,,Wanna go,wanna_go
ZhangLiang Malatang,,https://www.google.com/maps/place/ZhangLiang+Malatang/data=!4m2!3m1!1s0x487605f8b6afa777:0xd98de00edac94bf8,,,Wanna go,wanna_go
"The Bell & Crown, Chiswick",,"https://www.google.com/maps/place/The+Bell+%26+Crown,+Chiswick/data=!4m2!3m1!1s0x48760e7647d6aa8b:0x6121253488cd5c4",,,Wanna go,wanna_go
The Hunter's Moon,Lo recomendo jay por su sunday roast,https://www.google.com/maps/place/The+Hunter's+Moon/data=!4m2!3m1!1s0x487605689503f609:0x6f3844367fb0a77b,,,Wanna go,wanna_go
Skehans,,https://www.google.com/maps/place/Skehans/data=!4m2!3m1!1s0x487603ac83c1a3d9:0xa04649589bdfd07d,,,Wanna go,wanna_go
LALÏ,,https://www.google.com/maps/place/LAL%C3%8F/data=!4m2!3m1!1s0x487605e02d25e1ef:0x65475ac1385231bf,,,Wanna go,wanna_go
The Quality Chop House,"Topjaw, se ve bueno para carnes y para ir con Ayeyo",https://www.google.com/maps/place/The+Quality+Chop+House/data=!4m2!3m1!1s0x48761b4f6872b949:0xab49a63dc3a37e23,,,Wanna go,wanna_go
Tregenna Castle Resort,,https://www.google.com/maps/place/Tregenna+Castle+Resort/data=!4m2!3m1!1s0x486add410fd831f9:0xd443d4b1c546da82,,,Wanna go,wanna_go
Well & Bucket,,https://www.google.com/maps/place/Well+%26+Bucket/data=!4m2!3m1!1s0x48761cb7f0da1355:0xb0f0da2641965c56,,,Wanna go,wanna_go
Pophams Home & Pantry,,https://www.google.com/maps/place/Pophams+Home+%26+Pantry/data=!4m2!3m1!1s0x48761b71451e7a91:0xf421a5915d112b13,,,Wanna go,wanna_go
Pophams,,https://www.google.com/maps/place/Pophams/data=!4m2!3m1!1s0x48761b606577a8e9:0x23af144d10218a9c,,,Wanna go,wanna_go
Dal Fiorentino Hoxton,,https://www.google.com/maps/place/Dal+Fiorentino+Hoxton/data=!4m2!3m1!1s0x48761ddeaef125d5:0x6edc22f98306485b,,,Wanna go,wanna_go
Tollingtons,,https://www.google.com/maps/place/Tollingtons/data=!4m2!3m1!1s0x48761b90bae37c2f:0x8619a8a900bf20ed,,,Wanna go,wanna_go
The Albion,,https://www.google.com/maps/place/The+Albion/data=!4m2!3m1!1s0x48761b6911b4c509:0xab9ed93d1f561344,,,Wanna go,wanna_go
Lita Marylebone,,https://www.google.com/maps/place/Lita+Marylebone/data=!4m2!3m1!1s0x48761b002c6228a7:0xb74471ec009e4619,,,Wanna go,wanna_go
BRAT Restaurant,,https://www.google.com/maps/place/BRAT+Restaurant/data=!4m2!3m1!1s0x48761cb0b66575ed:0xbc95fbb590ac2921,,,Wanna go,wanna_go
The Baring,,https://www.google.com/maps/place/The+Baring/data=!4m2!3m1!1s0x48761d33016922b3:0x60b93db165c75937,,,Wanna go,wanna_go
The Red Lion & Sun,,https://www.google.com/maps/place/The+Red+Lion+%26+Sun/data=!4m2!3m1!1s0x48761a4f2a8226db:0xbb683e113bd03d4d,,,Wanna go,wanna_go
The Parakeet Pub,,https://www.google.com/maps/place/The+Parakeet+Pub/data=!4m2!3m1!1s0x48761bbbf1ad979d:0xcb0e60e2783a037,,,Wanna go,wanna_go
CAFÉ MONDO,,https://www.google.com/maps/place/CAF%C3%89+MONDO/data=!4m2!3m1!1s0x487603291c6dc12f:0xbe0f0e61125c27db,,,Wanna go,wanna_go
The Bagel Guys,,https://www.google.com/maps/place/The+Bagel+Guys/data=!4m2!3m1!1s0x48761d4892690a03:0xa410550243bb4034,,,Wanna go,wanna_go
Norman's Cafe,,https://www.google.com/maps/place/Norman's+Cafe/data=!4m2!3m1!1s0x48761b1f9ae0359f:0xa774452c291a3a37,,,Wanna go,wanna_go
The Fox & Hounds,,https://www.google.com/maps/place/The+Fox+%26+Hounds/data=!4m2!3m1!1s0x4876051707dbdfb9:0xbc22e77072eeee4a,,,Wanna go,wanna_go
Little Duck The Picklery,,https://www.google.com/maps/place/Little+Duck+The+Picklery/data=!4m2!3m1!1s0x48761cf2a504f6ed:0x8352c18957549191,,,Wanna go,wanna_go
Nostos Coffee,,https://www.google.com/maps/place/Nostos+Coffee/data=!4m2!3m1!1s0x487605159d49efa1:0x9218e23ad25a8c97,,,Wanna go,wanna_go
Brockley's Rock,,https://www.google.com/maps/place/Brockley's+Rock/data=!4m2!3m1!1s0x48760245a1e334b3:0xb6f759af3ca36fb8,,,Wanna go,wanna_go
Rita's,,https://www.google.com/maps/place/Rita's/data=!4m2!3m1!1s0x48760571d64cd7a1:0x1022e66da080d3b0,,,Wanna go,wanna_go
The Ship,,https://www.google.com/maps/place/The+Ship/data=!4m2!3m1!1s0x48760f7d679e1593:0xca0b4567e3622266,,,Wanna go,wanna_go
Jolene Bakery & Restaurant,,https://www.google.com/maps/place/Jolene+Bakery+%26+Restaurant/data=!4m2!3m1!1s0x48761d1b4e662873:0x2b2748b5dcf20b57,,,Wanna go,wanna_go
Canteen | Notting Hill,,https://www.google.com/maps/place/Canteen+%7C+Notting+Hill/data=!4m2!3m1!1s0x487611090a0464d3:0xb2bfc47799e89ff,,,Wanna go,wanna_go
1910 Parsons Green,,https://www.google.com/maps/place/1910+Parsons+Green/data=!4m2!3m1!1s0x48760f3e3a1401e1:0x569fc4aeb4efb09,,,Wanna go,wanna_go
Trafalgar Tavern,,https://www.google.com/maps/place/Trafalgar+Tavern/data=!4m2!3m1!1s0x48760282e79d80b9:0x5430eeab9f7f1199,,,Wanna go,wanna_go
Hideaway Coffee House,,https://www.google.com/maps/place/Hideaway+Coffee+House/data=!4m2!3m1!1s0x4876057cc8805b41:0x60c897012e57e344,,,Wanna go,wanna_go
The Connaught Bar,,https://www.google.com/maps/place/The+Connaught+Bar/data=!4m2!3m1!1s0x4876052c2ca3aad1:0x31d2bd6d7898f9b2,,,Wanna go,wanna_go
St. John,,https://www.google.com/maps/place/St.+John/data=!4m2!3m1!1s0x48761b5161b93317:0x86773f8e76f37d7,,,Wanna go,wanna_go
St John Bread and Wine,,https://www.google.com/maps/place/St+John+Bread+and+Wine/data=!4m2!3m1!1s0x48761cb4248df3e7:0xe804dfce31c7745b,,,Wanna go,wanna_go
STRAKER'S,,https://www.google.com/maps/place/STRAKER'S/data=!4m2!3m1!1s0x48761133abe90753:0xb014d965de61ff0e,,,Wanna go,wanna_go
Black Bear Burger,,https://www.google.com/maps/place/Black+Bear+Burger/data=!4m2!3m1!1s0x487605d2742096c1:0x21f3aa3ba784beb7,,,Wanna go,wanna_go
The River Café,,https://www.google.com/maps/place/The+River+Caf%C3%A9/data=!4m2!3m1!1s0x48760fb010bf16c7:0x26a2eb12ed316c17,,,Wanna go,wanna_go
The Grenadier,,https://www.google.com/maps/place/The+Grenadier/data=!4m2!3m1!1s0x4876053b1b1d15bd:0xbd75c6e91cfcc68c,,,Wanna go,wanna_go
Trullo,,https://www.google.com/maps/place/Trullo/data=!4m2!3m1!1s0x48761b64b5b2568d:0xf3e1468e90952e2a,,,Wanna go,wanna_go
Leo's Restaurant & Bar,,https://www.google.com/maps/place/Leo's+Restaurant+%26+Bar/data=!4m2!3m1!1s0x48761dcf7511a801:0x2b08acb0cb2bc9e8,,,Wanna go,wanna_go
