title,note,url,tags,comment,source_list,status,google_place_id,google_name,google_maps_uri,formatted_address,neighborhood,city,state,country,country_code,postal_code,latitude,longitude,primary_type,google_types,business_status,google_rating,review_count,price_level,match_status
The Lamb,,https://www.google.com/maps/place/The+Lamb/data=!4m2!3m1!1s0x85d1ff3a610c0001:0x8bcbfa604970f4aa,,,CDMX,visited,ChIJAQAMYTr_0YURqvRwSWD6y4s,The Lamb,https://maps.google.com/?cid=10073420283000190122&g_mp=CiVnb29nbGUubWFwcy5wbGFjZXMudjEuUGxhY2VzLkdldFBsYWNlEAIYBCAA,"Tabasco 156, Roma Nte., Cuauhtémoc, 06700 Ciudad de México, CDMX, Mexico",Roma Norte,Ciudad de México,Ciudad de México,Mexico,MX,06700,19.4190804,-99.1596479,british_restaurant,"british_restaurant, restaurant, food, point_of_interest, establishment",CLOSED_TEMPORARILY,4.5,240.0,,RESOLVED_FROM_URL
La Once Mil - Roma Norte,,https://www.google.com/maps/place/La+Once+Mil+-+Roma+Norte/data=!4m2!3m1!1s0x85d1ff005adfb7d3:0xd652330b4035e930,,,CDMX,visited,ChIJ07ffWgD_0YURMOk1QAszUtY,La Once Mil - Roma Norte,https://maps.google.com/?cid=15443462195621783856&g_mp=CiVnb29nbGUubWFwcy5wbGFjZXMudjEuUGxhY2VzLkdldFBsYWNlEAIYBCAA,"C. Orizaba 83, Roma Nte., Cuauhtémoc, 06700 Ciudad de México, CDMX, Mexico",Roma Norte,Ciudad de México,Ciudad de México,Mexico,MX,06700,19.4199507,-99.160306,mexican_restaurant,"mexican_restaurant, restaurant, food, point_of_interest, establishment",OPERATIONAL,4.8,4532.0,PRICE_LEVEL_EXPENSIVE,RESOLVED_FROM_URL
Panadería Rosetta,,https://www.google.com/maps/place/Panader%C3%ADa+Rosetta/data=!4m2!3m1!1s0x85d1ff3a738df1fb:0xc83c192f6107982c,,,CDMX,visited,ChIJ-_GNczr_0YURLJgHYS8ZPMg,Panadería Rosetta,https://maps.google.com/?cid=14428434997470271532&g_mp=CiVnb29nbGUubWFwcy5wbGFjZXMudjEuUGxhY2VzLkdldFBsYWNlEAIYBCAA,"C.Colima 179, Roma Nte., Cuauhtémoc, 06700 Ciudad de México, CDMX, Mexico",Roma Norte,Ciudad de México,Ciudad de México,Mexico,MX,06700,19.4198883,-99.1605402,bakery,"bakery, food_store, store, food, point_of_interest, establishment",OPERATIONAL,4.5,10656.0,PRICE_LEVEL_MODERATE,RESOLVED_FROM_URL
Bagels Lepu,Bagels buenos y grandes,https://www.google.com/maps/place/Bagels+Lepu/data=!4m2!3m1!1s0x85d1ff0065cb765f:0xf8a886f115699fec,,,CDMX,visited,ChIJX3bLZQD_0YUR7J9pFfGGqPg,Bagels Lepu,https://maps.google.com/?cid=17917719487498002412&g_mp=CiVnb29nbGUubWFwcy5wbGFjZXMudjEuUGxhY2VzLkdldFBsYWNlEAIYBCAA,"Coahuila 44, Roma Nte., Cuauhtémoc, 06700 Ciudad de México, CDMX, Mexico",Roma Norte,Ciudad de México,Ciudad de México,Mexico,MX,06700,19.4122574,-99.1572047,restaurant,"restaurant, bagel_shop, breakfast_restaurant, cafe, bakery, food_store, store, food, point_of_interest, establishment",OPERATIONAL,4.7,1039.0,PRICE_LEVEL_MODERATE,RESOLVED_FROM_URL
La Americana,,https://www.google.com/maps/place/La+Americana/data=!4m2!3m1!1s0x85d1ff003bc753e3:0x76b532c620328387,,,CDMX,visited,ChIJ41PHOwD_0YURh4MyIMYytXY,La Americana,https://maps.google.com/?cid=8553798893785219975&g_mp=CiVnb29nbGUubWFwcy5wbGFjZXMudjEuUGxhY2VzLkdldFBsYWNlEAIYBCAA,"Iztaccihuatl 36A, Hipódromo, Cuauhtémoc, 06100 Ciudad de México, CDMX, Mexico",Hipódromo,Ciudad de México,Ciudad de México,Mexico,MX,06100,19.409611,-99.1690811,book_store,"book_store, store, point_of_interest, establishment",OPERATIONAL,4.1,267.0,,RESOLVED_FROM_URL
Daquise,,https://www.google.com/maps/place/Daquise/data=!4m2!3m1!1s0x4876054287efb657:0x3fe1394e30aee8cd,,,London,visited,ChIJV7bvh0IFdkgRzeiuME454T8,Daquise,https://maps.google.com/?cid=4603023302136359117&g_mp=CiVnb29nbGUubWFwcy5wbGFjZXMudjEuUGxhY2VzLkdldFBsYWNlEAIYBCAA,"20 Thurloe St, South Kensington, London SW7 2LT, UK",South Kensington,Greater London,England,United Kingdom,GB,SW7 2LT,51.4944341,-0.1734118999999999,polish_restaurant,"polish_restaurant, fine_dining_restaurant, restaurant, food, point_of_interest, establishment",OPERATIONAL,4.5,1541.0,PRICE_LEVEL_MODERATE,RESOLVED_FROM_URL
Slayer Pizzeria,,https://www.google.com/maps/place/Slayer+Pizzeria/data=!4m2!3m1!1s0x48760f89c4c83589:0x3c143ae68b4237f2,,,London,visited,ChIJiTXIxIkPdkgR8jdCi-Y6FDw,Slayer Pizzeria,https://maps.google.com/?cid=4329149903663151090&g_mp=CiVnb29nbGUubWFwcy5wbGFjZXMudjEuUGxhY2VzLkdldFBsYWNlEAIYBCAA,"226 Westbourne Grove, London W11 2RH, UK",,Greater London,England,United Kingdom,GB,W11 2RH,51.5144293,-0.2011858,pizza_restaurant,"pizza_restaurant, restaurant, food, point_of_interest, establishment",OPERATIONAL,4.6,874.0,PRICE_LEVEL_MODERATE,RESOLVED_FROM_URL
Bancone Kensington,,https://www.google.com/maps/place/Bancone+Kensington/data=!4m2!3m1!1s0x48760f8c39a8ffe9:0x9b6e7b3b6425fcd7,,,London,visited,ChIJ6f-oOYwPdkgR1_wlZDt7bps,Bancone Kensington,https://maps.google.com/?cid=11200024818330500311&g_mp=CiVnb29nbGUubWFwcy5wbGFjZXMudjEuUGxhY2VzLkdldFBsYWNlEAIYBCAA,"Units 1 and 2, 127a Kensington High St, London W8 5SF, UK",,Greater London,England,United Kingdom,GB,W8 5SF,51.5006504,-0.1930519,italian_restaurant,"italian_restaurant, restaurant, food, point_of_interest, establishment",OPERATIONAL,4.5,433.0,PRICE_LEVEL_MODERATE,RESOLVED_FROM_URL
Boxcar Hyde Park,,https://www.google.com/maps/place/Boxcar+Hyde+Park/data=!4m2!3m1!1s0x4876050078b577db:0x9375de91c9a944ea,,,London,visited,ChIJ23e1eAAFdkgR6kSpyZHedZM,Boxcar Hyde Park,https://maps.google.com/?cid=10625643613585491178&g_mp=CiVnb29nbGUubWFwcy5wbGFjZXMudjEuUGxhY2VzLkdldFBsYWNlEAIYBCAA,"30-31 Kendal St, St George's Fields, London W2 2AW, UK",St George's Fields,Greater London,England,United Kingdom,GB,W2 2AW,51.5144731,-0.1668328,bakery,"bakery, coffee_shop, wine_bar, breakfast_restaurant, cocktail_bar, cafe, brunch_restaurant, pastry_shop, dessert_shop, confectionery, bar, food_store, store, restaurant, point_of_interest, food, establishment",OPERATIONAL,4.5,439.0,PRICE_LEVEL_MODERATE,RESOLVED_FROM_URL
Zeit für Brot (The German Bakery),,https://www.google.com/maps/place/Zeit+f%C3%BCr+Brot+(The+German+Bakery)/data=!4m2!3m1!1s0x48761bfe170e7797:0x318186cf63bd8c16,,,London,visited,ChIJl3cOF_4bdkgRFoy9Y8-GgTE,Zeit für Brot (The German Bakery),https://maps.google.com/?cid=3567280605143862294&g_mp=CiVnb29nbGUubWFwcy5wbGFjZXMudjEuUGxhY2VzLkdldFBsYWNlEAIYBCAA,"1 Islington High St, London N1 9LQ, UK",,Greater London,England,United Kingdom,GB,N1 9LQ,51.5320665,-0.1065183,bakery,"bakery, grocery_store, german_restaurant, european_restaurant, food_store, store, restaurant, food, point_of_interest, establishment",OPERATIONAL,4.4,506.0,PRICE_LEVEL_INEXPENSIVE,RESOLVED_FROM_URL
Payna,,https://www.google.com/maps/place/Payna/data=!4m2!3m1!1s0x85d1ff37d04d962d:0x23eacb5b039a2e3f,,,Wanna go,wanna_go,ChIJLZZN0Df_0YURPy6aA1vL6iM,Payna,https://maps.google.com/?cid=2588104527640669759&g_mp=CiVnb29nbGUubWFwcy5wbGFjZXMudjEuUGxhY2VzLkdldFBsYWNlEAIYBCAA,"Medellín 105, Roma Nte., Cuauhtémoc, 06700 Ciudad de México, CDMX, Mexico",Roma Norte,Ciudad de México,Ciudad de México,Mexico,MX,06700,19.4166533,-99.1658732,mexican_restaurant,"mexican_restaurant, restaurant, food, point_of_interest, establishment",OPERATIONAL,4.9,31.0,PRICE_LEVEL_EXPENSIVE,RESOLVED_FROM_URL
Salón Tropical Cartagena,,https://www.google.com/maps/place/Sal%C3%B3n+Tropical+Cartagena/data=!4m2!3m1!1s0x8ef62f480a027d9b:0xdada42e154f9a8ce,,,Wanna go,wanna_go,ChIJm30CCkgv9o4Rzqj5VOFC2to,Salón Tropical Cartagena,https://maps.google.com/?cid=15769990580751935694&g_mp=CiVnb29nbGUubWFwcy5wbGFjZXMudjEuUGxhY2VzLkdldFBsYWNlEAIYBCAA,"Cra 10c, Cl. de la Lomba #28-36, Getsemaní, Cartagena de Indias, Bolívar, Colombia",Getsemaní,Cartagena de Indias,Bolívar,Colombia,CO,130000,10.4200965,-75.5444193,restaurant,"restaurant, food, point_of_interest, establishment",OPERATIONAL,4.8,1410.0,,RESOLVED_FROM_URL
Ro upstairs,,https://www.google.com/maps/place/Ro+upstairs/data=!4m2!3m1!1s0x85d203000a2067b7:0xf0f9961f3624e05f,,,Wanna go,wanna_go,ChIJt2cgCgAD0oURX-AkNh-W-fA,Ro upstairs,https://maps.google.com/?cid=17364074899100196959&g_mp=CiVnb29nbGUubWFwcy5wbGFjZXMudjEuUGxhY2VzLkdldFBsYWNlEAIYBCAA,"Anatole France 71B, Polanco, Polanco III Secc, Miguel Hidalgo, 11540 Ciudad de México, CDMX, Mexico",Polanco,Ciudad de México,Ciudad de México,Mexico,MX,11540,19.4302971,-99.19767360000002,bar,"bar, point_of_interest, establishment",OPERATIONAL,4.9,133.0,PRICE_LEVEL_EXPENSIVE,RESOLVED_FROM_URL
BRNO,,https://www.google.com/maps/place/BRNO/data=!4m2!3m1!1s0x85d1ff00698c6243:0x49a687d9808b5990,,,Wanna go,wanna_go,ChIJQ2KMaQD_0YURkFmLgNmHpkk,BRNO,https://maps.google.com/?cid=5307078579136977296&g_mp=CiVnb29nbGUubWFwcy5wbGFjZXMudjEuUGxhY2VzLkdldFBsYWNlEAIYBCAA,"Miguel Laurent 509, Col del Valle Centro, Benito Juárez, 03104 Ciudad de México, CDMX, Mexico",Colonia del Valle Centro,Ciudad de México,Ciudad de México,Mexico,MX,03104,19.3753505,-99.1665127,coffee_shop,"coffee_shop, cafe, food_store, store, food, point_of_interest, establishment",OPERATIONAL,4.1,254.0,PRICE_LEVEL_MODERATE,RESOLVED_FROM_URL
Votion Roma Norte,,https://www.google.com/maps/place/Votion+Roma+Norte/data=!4m2!3m1!1s0x85d1ff965aeb7375:0xd6792f3559222448,,,Wanna go,wanna_go,ChIJdXPrWpb_0YURSCQiWTUvedY,Votion Roma Norte,https://maps.google.com/?cid=15454435502473749576&g_mp=CiVnb29nbGUubWFwcy5wbGFjZXMudjEuUGxhY2VzLkdldFBsYWNlEAIYBCAA,"Durango 199, Roma Nte., Cuauhtémoc, 06700 Ciudad de México, CDMX, Mexico",Roma Norte,Ciudad de México,Ciudad de México,Mexico,MX,06700,19.4200436,-99.1674544,gym,"gym, sports_activity_location, health, point_of_interest, establishment",OPERATIONAL,4.7,50.0,,RESOLVED_FROM_URL
Boogie's Pizza,Gran spot para comer rapido y echar una chela porque no hay mucho donde sentarte. La pizza de burrata espectacular. Me quedé con antojo de la de ricotta.,https://www.google.com/maps/place/Boogie's+Pizza/data=!4m2!3m1!1s0x85d1ff2f278baafb:0xf7484f59030a5e3b,,,CDMX,visited,ChIJ-6qLJy__0YURO14KA1lPSPc,Boogie's Pizza,https://maps.google.com/?cid=17818579169413062203&g_mp=CiVnb29nbGUubWFwcy5wbGFjZXMudjEuUGxhY2VzLkdldFBsYWNlEAIYBCAA,"Av. Nuevo León 125-Loc b, Hipódromo, Cuauhtémoc, 06100 Ciudad de México, CDMX, Mexico",Hipódromo,Ciudad de México,Ciudad de México,Mexico,MX,06100,19.4097541,-99.1729259,restaurant,"restaurant, point_of_interest, food, establishment",OPERATIONAL,4.4,235.0,PRICE_LEVEL_MODERATE,RESOLVED_FROM_URL
Lardo,Muy agusto lugar. La hamburguesa buenísima y la lasagna de conejo tambien.,https://www.google.com/maps/place/Lardo/data=!4m2!3m1!1s0x85d1ff45bd47fe73:0x4528d0b3c4abd2b8,,,CDMX,visited,ChIJc_5HvUX_0YURuNKrxLPQKEU,Lardo,https://maps.google.com/?cid=4983462458202772152&g_mp=CiVnb29nbGUubWFwcy5wbGFjZXMudjEuUGxhY2VzLkdldFBsYWNlEAIYBCAA,"Agustín Melgar 6, Colonia Condesa, Cuauhtémoc, 06140 Ciudad de México, CDMX, Mexico",Colonia Condesa,Ciudad de México,Ciudad de México,Mexico,MX,06140,19.4179589,-99.17522679999999,mediterranean_restaurant,"mediterranean_restaurant, brunch_restaurant, restaurant, point_of_interest, food, establishment",OPERATIONAL,4.4,7775.0,PRICE_LEVEL_MODERATE,RESOLVED_FROM_URL
Félix Parque,,https://www.google.com/maps/place/F%C3%A9lix+Parque/data=!4m2!3m1!1s0x85d1ff0016f49711:0x7694266ba31b39e1,,,CDMX,visited,ChIJEZf0FgD_0YUR4Tkbo2smlHY,Félix Parque,https://maps.google.com/?cid=8544496636768500193&g_mp=CiVnb29nbGUubWFwcy5wbGFjZXMudjEuUGxhY2VzLkdldFBsYWNlEAIYBCAA,"Av México 99, Colonia Condesa, Cuauhtémoc, 06100 Ciudad de México, CDMX, Mexico",Colonia Condesa,Ciudad de México,Ciudad de México,Mexico,MX,06100,19.4102843,-99.1708008,restaurant,"restaurant, food, point_of_interest, establishment",OPERATIONAL,4.6,1965.0,PRICE_LEVEL_MODERATE,RESOLVED_FROM_URL
GIA,,https://www.google.com/maps/place/GIA/data=!4m2!3m1!1s0x85d1ff6a02f13025:0x8efd2b9f750d53a3,,,CDMX,visited,ChIJJTDxAmr_0YURo1MNdZ8r_Y4,GIA,https://maps.google.com/?cid=10303439486357164963&g_mp=CiVnb29nbGUubWFwcy5wbGFjZXMudjEuUGxhY2VzLkdldFBsYWNlEAIYBCAA,"Aguascalientes 237, Hipódromo, Cuauhtémoc, 06100 Ciudad de México, CDMX, Mexico",Hipódromo,Ciudad de México,Ciudad de México,Mexico,MX,06100,19.4072531,-99.1731775,restaurant,"restaurant, food, point_of_interest, establishment",OPERATIONAL,4.1,314.0,PRICE_LEVEL_EXPENSIVE,RESOLVED_FROM_URL
Tetetlán,,https://www.google.com/maps/place/Tetetl%C3%A1n/data=!4m2!3m1!1s0x85cdfff13e2a69a7:0x2c5bca334690c7cd,,,CDMX,visited,ChIJp2kqPvH_zYURzceQRjPKWyw,Tetetlán,https://maps.google.com/?cid=3196370682125535181&g_mp=CiVnb29nbGUubWFwcy5wbGFjZXMudjEuUGxhY2VzLkdldFBsYWNlEAIYBCAA,"Av. de Las Fuentes 180 - B, Jardines del Pedregal, Álvaro Obregón, 01900 Ciudad de México, CDMX, Mexico",Jardines del Pedregal,Ciudad de México,Ciudad de México,Mexico,MX,01900,19.3286011,-99.20479639999999,restaurant,"restaurant, point_of_interest, food, establishment",OPERATIONAL,4.5,3955.0,PRICE_LEVEL_MODERATE,RESOLVED_FROM_URL
Museo de Arte Moderno,,https://www.google.com/maps/place/Museo+de+Arte+Moderno/data=!4m2!3m1!1s0x85d1f92b75aa014d:0x75a3b54be4cda224,,,CDMX,visited,ChIJTQGqdSv50YURJKLN5Eu1o3U,Museo de Arte Moderno,https://maps.google.com/?cid=8476818261207261732&g_mp=CiVnb29nbGUubWFwcy5wbGFjZXMudjEuUGxhY2VzLkdldFBsYWNlEAIYBCAA,"Av. P.º de la Reforma s/n, Bosque de Chapultepec I Secc, Miguel Hidalgo, 11580 Ciudad de México, CDMX, Mexico",Bosque de Chapultepec I Sección,Ciudad de México,Ciudad de México,Mexico,MX,11580,19.423004199999998,-99.179689,art_museum,"tourist_attraction, art_museum, museum, point_of_interest, establishment",OPERATIONAL,4.7,17501.0,,RESOLVED_FROM_URL
Museo Tamayo Arte Contemporáneo,,https://www.google.com/maps/place/Museo+Tamayo+Arte+Contempor%C3%A1neo/data=!4m2!3m1!1s0x85d1ff53d2614b4b:0x2cd41906d3e91652,,,CDMX,visited,ChIJS0th0lP_0YURUhbp0wYZ1Cw,Museo Tamayo Arte Contemporáneo,https://maps.google.com/?cid=3230234349847254610&g_mp=CiVnb29nbGUubWFwcy5wbGFjZXMudjEuUGxhY2VzLkdldFBsYWNlEAIYBCAA,"Av. P.º de la Reforma 51, Polanco, Bosque de Chapultepec I Secc, Miguel Hidalgo, 11580 Ciudad de México, CDMX, Mexico",Polanco,Ciudad de México,Ciudad de México,Mexico,MX,11580,19.42572,-99.181716,art_museum,"art_museum, tourist_attraction, museum, point_of_interest, establishment",OPERATIONAL,4.5,11062.0,,RESOLVED_FROM_URL
Chalino Chino,De sonora mezcla con chino! Buenisismo como de mariscos y asi tipo el fishers,https://www.google.com/maps/place/Chalino+Chino/data=!4m2!3m1!1s0x85d1ff46959eee01:0xf512e3d48eb15566,,,CDMX,visited,ChIJAe6elUb_0YURZlWxjtTjEvU,Chalino Chino (SM Chapultepec),https://maps.google.com/?cid=17659427590939694438&g_mp=CiVnb29nbGUubWFwcy5wbGFjZXMudjEuUGxhY2VzLkdldFBsYWNlEAIYBCAA,"Juan de la Barrera 143, San Miguel Chapultepec I Sección, Miguel Hidalgo, 11850 Ciudad de México, CDMX, Mexico",San Miguel Chapultepec I Sección,Ciudad de México,Ciudad de México,Mexico,MX,11850,19.4187256,-99.1793398,restaurant,"restaurant, food, point_of_interest, establishment",OPERATIONAL,4.5,313.0,PRICE_LEVEL_MODERATE,RESOLVED_FROM_URL
Pisca,,https://www.google.com/maps/place/Pisca/data=!4m2!3m1!1s0x85d1ffc6c0614d69:0xf4037d9a57662c8f,,,CDMX,visited,ChIJaU1hwMb_0YURjyxmV5p9A_Q,Pisca,https://maps.google.com/?cid=17583035472029297807&g_mp=CiVnb29nbGUubWFwcy5wbGFjZXMudjEuUGxhY2VzLkdldFBsYWNlEAIYBCAA,"Fernando Montes de Oca 47, Colonia Condesa, Cuauhtémoc, 06140 Ciudad de México, CDMX, Mexico",Colonia Condesa,Ciudad de México,Ciudad de México,Mexico,MX,06140,19.4131599,-99.1747434,coffee_shop,"coffee_shop, breakfast_restaurant, cafe, food_store, store, restaurant, food, point_of_interest, establishment",OPERATIONAL,4.6,322.0,PRICE_LEVEL_MODERATE,RESOLVED_FROM_URL
Mendl Delicatessen,,https://www.google.com/maps/place/Mendl+Delicatessen/data=!4m2!3m1!1s0x85d1fff467584079:0x5f5782a1e1db88a1,,,CDMX,visited,ChIJeUBYZ_T_0YURoYjb4aGCV18,Mendl Delicatessen,https://maps.google.com/?cid=6870103388367587489&g_mp=CiVnb29nbGUubWFwcy5wbGFjZXMudjEuUGxhY2VzLkdldFBsYWNlEAIYBCAA,"Citlaltépetl 9, Hipódromo, Cuauhtémoc, 06100 Ciudad de México, CDMX, Mexico",Hipódromo,Ciudad de México,Ciudad de México,Mexico,MX,06100,19.4101464,-99.17131470000001,brunch_restaurant,"brunch_restaurant, restaurant, food, point_of_interest, establishment",OPERATIONAL,4.2,1793.0,PRICE_LEVEL_MODERATE,RESOLVED_FROM_URL
MARU CAFÉ ( 마루 ),,https://www.google.com/maps/place/MARU+CAF%C3%89+(+%EB%A7%88%EB%A3%A8+)/data=!4m2!3m1!1s0x85d1ffb9fb008987:0x6eb46cb01f10a621,,,CDMX,visited,ChIJh4kA-7n_0YURIaYQH7BstG4,MARU CAFÉ ( 마루 ),https://maps.google.com/?cid=7977120343671219745&g_mp=CiVnb29nbGUubWFwcy5wbGFjZXMudjEuUGxhY2VzLkdldFBsYWNlEAIYBCAA,"Alfonso Reyes 81-Local 7, Colonia Condesa, Cuauhtémoc, 06170 Ciudad de México, CDMX, Mexico",Colonia Condesa,Ciudad de México,Ciudad de México,Mexico,MX,06170,19.4095917,-99.1791028,coffee_shop,"coffee_shop, cafe, food_store, store, food, point_of_interest, establishment",OPERATIONAL,4.8,386.0,PRICE_LEVEL_MODERATE,RESOLVED_FROM_URL
Saint,,https://www.google.com/maps/place/Saint/data=!4m2!3m1!1s0x85d1ffcd3784285d:0xe7ab200d54e4fe35,,,CDMX,visited,ChIJXSiEN83_0YURNf7kVA0gq-c,Saint,https://maps.google.com/?cid=16693471685409832501&g_mp=CiVnb29nbGUubWFwcy5wbGFjZXMudjEuUGxhY2VzLkdldFBsYWNlEAIYBCAA,"Gral. Benjamín Hill 146-1, Hipódromo, Cuauhtémoc, 06170 Ciudad de México, CDMX, Mexico",Hipódromo,Ciudad de México,Ciudad de México,Mexico,MX,06170,19.4077573,-99.1771326,bakery,"bakery, food_store, store, food, point_of_interest, establishment",OPERATIONAL,4.3,1290.0,PRICE_LEVEL_MODERATE,RESOLVED_FROM_URL
Helados Meñique,,https://www.google.com/maps/place/Helados+Me%C3%B1ique/data=!4m2!3m1!1s0x85d1ff403c9b6687:0x1dad179c083f56a5,,,CDMX,visited,ChIJh2abPED_0YURpVY_CJwXrR0,Helados Meñique,https://maps.google.com/?cid=2138391356991559333&g_mp=CiVnb29nbGUubWFwcy5wbGFjZXMudjEuUGxhY2VzLkdldFBsYWNlEAIYBCAA,"C. Gobernador Ignacio Esteva 25D, San Miguel Chapultepec I Sección, Miguel Hidalgo, 11850 Ciudad de México, CDMX, Mexico",San Miguel Chapultepec I Sección,Ciudad de México,Ciudad de México,Mexico,MX,11850,19.4112011,-99.18852779999999,ice_cream_shop,"ice_cream_shop, dessert_shop, confectionery, food_store, store, food, point_of_interest, establishment",OPERATIONAL,4.6,106.0,,RESOLVED_FROM_URL
El Minutito,,https://www.google.com/maps/place/El+Minutito/data=!4m2!3m1!1s0x85d1ff0043621877:0x8f6a5afdf1420789,,,CDMX,visited,ChIJdxhiQwD_0YURiQdC8f1aao8,El Minutito,https://maps.google.com/?cid=10334172341675886473&g_mp=CiVnb29nbGUubWFwcy5wbGFjZXMudjEuUGxhY2VzLkdldFBsYWNlEAIYBCAA,"Londres 28, Juárez, Cuauhtémoc, 06600 Ciudad de México, CDMX, Mexico",Juárez,Ciudad de México,Ciudad de México,Mexico,MX,06600,19.427982699999998,-99.1584912,coffee_shop,"coffee_shop, cafe, food_store, store, food, point_of_interest, establishment",OPERATIONAL,4.3,745.0,PRICE_LEVEL_MODERATE,RESOLVED_FROM_URL
Lagerbar Hércules,Pub mexicano,https://www.google.com/maps/place/Lagerbar+H%C3%A9rcules/data=!4m2!3m1!1s0x85d1ff2aaf89182d:0x14240ca0eb2203a1,,,CDMX,visited,ChIJLRiJryr_0YURoQMi66AMJBQ,Lagerbar Hércules,https://maps.google.com/?cid=1451298865199317921&g_mp=CiVnb29nbGUubWFwcy5wbGFjZXMudjEuUGxhY2VzLkdldFBsYWNlEAIYBCAA,"Campeche 322, Hipódromo, Cuauhtémoc, 06100 Ciudad de México, CDMX, Mexico",Hipódromo,Ciudad de México,Ciudad de México,Mexico,MX,06100,19.408565900000003,-99.1727529,restaurant,"restaurant, bar, food, point_of_interest, establishment",OPERATIONAL,4.5,915.0,PRICE_LEVEL_MODERATE,RESOLVED_FROM_URL
Nils ı Café de especialidad y Gente Increíble,Buen lugar para cafe y compu,https://www.google.com/maps/place/Nils+%C4%B1+Caf%C3%A9+de+especialidad+y+Gente+Incre%C3%ADble/data=!4m2!3m1!1s0x85d1ff3097bcdd63:0x9fe15247da2899b3,,,CDMX,visited,ChIJY928lzD_0YURs5ko2kdS4Z8,Nils ı Café de especialidad y Gente Increíble,https://maps.google.com/?cid=11520579790346688947&g_mp=CiVnb29nbGUubWFwcy5wbGFjZXMudjEuUGxhY2VzLkdldFBsYWNlEAIYBCAA,"Campeche 429, Hipódromo Condesa, Cuauhtémoc, 06170 Ciudad de México, CDMX, Mexico",Hipódromo Condesa,Ciudad de México,Ciudad de México,Mexico,MX,06170,19.4110391,-99.1768493,coffee_shop,"coffee_shop, dog_cafe, cafe, bakery, food_store, store, food, point_of_interest, establishment",OPERATIONAL,4.9,523.0,PRICE_LEVEL_MODERATE,RESOLVED_FROM_URL
ANOTHeR,,https://www.google.com/maps/place/ANOTHeR/data=!4m2!3m1!1s0x85d1ff0010a095fb:0x874144f1becf6e9c,,,CDMX,visited,ChIJ-5WgEAD_0YURnG7PvvFEQYc,ANOTHeR,https://maps.google.com/?cid=9746146873685536412&g_mp=CiVnb29nbGUubWFwcy5wbGFjZXMudjEuUGxhY2VzLkdldFBsYWNlEAIYBCAA,"Alfonso Reyes 193, Hipódromo, Cuauhtémoc, 06140 Ciudad de México, CDMX, Mexico",Hipódromo,Ciudad de México,Ciudad de México,Mexico,MX,06140,19.407447899999998,-99.1746433,restaurant,"restaurant, wine_bar, coffee_shop, coffee_roastery, cafe, bar, food_store, store, food, point_of_interest, establishment",OPERATIONAL,4.5,1040.0,PRICE_LEVEL_MODERATE,RESOLVED_FROM_URL
Cucurucho Condesa,,https://www.google.com/maps/place/Cucurucho+Condesa/data=!4m2!3m1!1s0x85d1ff1678d3b9a5:0x2a2c396d71052da1,,,CDMX,visited,ChIJpbnTeBb_0YURoS0FcW05LCo,Cucurucho Condesa,https://maps.google.com/?cid=3038866990778625441&g_mp=CiVnb29nbGUubWFwcy5wbGFjZXMudjEuUGxhY2VzLkdldFBsYWNlEAIYBCAA,"C. de Pachuca 87, Colonia Condesa, Cuauhtémoc, 06140 Ciudad de México, CDMX, Mexico",Colonia Condesa,Ciudad de México,Ciudad de México,Mexico,MX,06140,19.4155919,-99.17764079999999,coffee_shop,"coffee_shop, cafe, food_store, store, food, point_of_interest, establishment",OPERATIONAL,4.2,525.0,PRICE_LEVEL_MODERATE,RESOLVED_FROM_URL
Shoma Hand Roll Bar,,https://www.google.com/maps/place/Shoma+Hand+Roll+Bar/data=!4m2!3m1!1s0x85d1ffcffac7bf81:0xd94aa7771b68c1db,,,CDMX,visited,ChIJgb_H-s__0YUR28FoG3enStk,Shoma Hand Roll Bar,https://maps.google.com/?cid=15657511184509747675&g_mp=CiVnb29nbGUubWFwcy5wbGFjZXMudjEuUGxhY2VzLkdldFBsYWNlEAIYBCAA,"Pl. Popocatépetl 35, Hipódromo, Cuauhtémoc, 06100 Ciudad de México, CDMX, Mexico",Hipódromo,Ciudad de México,Ciudad de México,Mexico,MX,06100,19.415089599999998,-99.1676912,japanese_restaurant,"japanese_restaurant, restaurant, food, point_of_interest, establishment",OPERATIONAL,4.3,289.0,PRICE_LEVEL_MODERATE,RESOLVED_FROM_URL
Qūentin Café,,https://www.google.com/maps/place/Q%C5%ABentin+Caf%C3%A9/data=!4m2!3m1!1s0x85d1ff881f301079:0xa29b2ea96d56a4f7,,,CDMX,visited,ChIJeRAwH4j_0YUR96RWbakum6I,Qūentin Café,https://maps.google.com/?cid=11717010160753222903&g_mp=CiVnb29nbGUubWFwcy5wbGFjZXMudjEuUGxhY2VzLkdldFBsYWNlEAIYBCAA,"Ámsterdam 67a, Hipódromo, Cuauhtémoc, 06100 Ciudad de México, CDMX, Mexico",Hipódromo,Ciudad de México,Ciudad de México,Mexico,MX,06100,19.4146968,-99.16999919999999,coffee_shop,"coffee_shop, cafe, food_store, store, food, point_of_interest, establishment",OPERATIONAL,4.2,1219.0,PRICE_LEVEL_MODERATE,RESOLVED_FROM_URL
Chabela Bocaderia & Ultramarinos,"Gran lugar de tapas, vermut y asi! ",https://www.google.com/maps/place/Chabela+Bocaderia+%26+Ultramarinos/data=!4m2!3m1!1s0x85d1ff00506da84f:0x5d5778254a9f0bf,,,CDMX,visited,ChIJT6htUAD_0YURv_CpVIJ31QU,Chabela Bocaderia & Ultramarinos,https://maps.google.com/?cid=420373541878886591&g_mp=CiVnb29nbGUubWFwcy5wbGFjZXMudjEuUGxhY2VzLkdldFBsYWNlEAIYBCAA,"Calle Gral. Juan Cano 59, San Miguel Chapultepec II Secc, Miguel Hidalgo, 11850 Ciudad de México, CDMX, Mexico",San Miguel Chapultepec II Sección,Ciudad de México,Ciudad de México,Mexico,MX,11850,19.413191599999998,-99.18458389999999,restaurant,"restaurant, food, point_of_interest, establishment",OPERATIONAL,4.6,251.0,PRICE_LEVEL_EXPENSIVE,RESOLVED_FROM_URL
Del Rio Café,Deli cafe chiquito para sentarte (mxn hjem),https://www.google.com/maps/place/Del+Rio+Caf%C3%A9/data=!4m2!3m1!1s0x85d1ff0007e2fdd9:0x8d6001df6b2205ca,,,CDMX,visited,ChIJ2f3iBwD_0YURygUia98BYI0,Del Rio Café,https://maps.google.com/?cid=10187144416198788554&g_mp=CiVnb29nbGUubWFwcy5wbGFjZXMudjEuUGxhY2VzLkdldFBsYWNlEAIYBCAA,"Yautepec 88-C, Colonia Condesa, Cuauhtémoc, 06140 Ciudad de México, CDMX, Mexico",Colonia Condesa,Ciudad de México,Ciudad de México,Mexico,MX,06140,19.4126804,-99.177205,coffee_shop,"coffee_shop, cafe, food_store, store, point_of_interest, food, establishment",OPERATIONAL,5.0,38.0,PRICE_LEVEL_MODERATE,RESOLVED_FROM_URL
Castacán,"Tacos de cochinita deli, me quede con ganas de probar el de verduras",https://www.google.com/maps/place/Castac%C3%A1n/data=!4m2!3m1!1s0x85d1ffe455fe5163:0xef73e31f17baebfd,,,CDMX,visited,ChIJY1H-VeT_0YUR_eu6Fx_jc-8,Castacán,https://maps.google.com/?cid=17254384320068119549&g_mp=CiVnb29nbGUubWFwcy5wbGFjZXMudjEuUGxhY2VzLkdldFBsYWNlEAIYBCAA,"Puebla 387, Roma Nte., Cuauhtémoc, 06700 Ciudad de México, CDMX, Mexico",Roma Norte,Ciudad de México,Ciudad de México,Mexico,MX,06700,19.4202571,-99.17448619999999,restaurant,"restaurant, food, point_of_interest, establishment",OPERATIONAL,4.3,546.0,PRICE_LEVEL_MODERATE,RESOLVED_FROM_URL
Cedrón,,https://www.google.com/maps/place/Cedr%C3%B3n/data=!4m2!3m1!1s0x85d1ff45ade25bd5:0x790a7f333843cc92,,,CDMX,visited,ChIJ1VvirUX_0YURksxDODN_Cnk,Cedrón,https://maps.google.com/?cid=8721923486320413842&g_mp=CiVnb29nbGUubWFwcy5wbGFjZXMudjEuUGxhY2VzLkdldFBsYWNlEAIYBCAA,"Av. Mazatlan 24, Colonia Condesa, Cuauhtémoc, 06140 Ciudad de México, CDMX, Mexico",Colonia Condesa,Ciudad de México,Ciudad de México,Mexico,MX,06140,19.4168178,-99.175432,french_restaurant,"french_restaurant, breakfast_restaurant, restaurant, food, point_of_interest, establishment",OPERATIONAL,4.2,1822.0,,RESOLVED_FROM_URL
Restaurante Torino Santa Fe,,https://www.google.com/maps/place/Restaurante+Torino+Santa+Fe/data=!4m2!3m1!1s0x85d20188fdfc6111:0x39ebe85736e890f,,,CDMX,visited,ChIJEWH8_YgB0oURD4luc4W-ngM,Restaurante Torino Santa Fe,https://maps.google.com/?cid=260855308810619151&g_mp=CiVnb29nbGUubWFwcy5wbGFjZXMudjEuUGxhY2VzLkdldFBsYWNlEAIYBCAA,"Vasco de Quiroga 3200, Santa Fe, Lomas de Sta Fé, Álvaro Obregón, 01210 Ciudad de México, CDMX, Mexico",Santa Fe,Ciudad de México,Ciudad de México,Mexico,MX,01210,19.366092599999998,-99.2647628,italian_restaurant,"italian_restaurant, restaurant, food, point_of_interest, establishment",OPERATIONAL,4.6,2543.0,PRICE_LEVEL_MODERATE,RESOLVED_FROM_URL
SARDE,,https://www.google.com/maps/place/SARDE/data=!4m2!3m1!1s0x85d1ffda2e3c4625:0x4f6da15866a4129a,,,CDMX,visited,ChIJJUY8Ltr_0YURmhKkZlihbU8,SARDE,https://maps.google.com/?cid=5723408102508991130&g_mp=CiVnb29nbGUubWFwcy5wbGFjZXMudjEuUGxhY2VzLkdldFBsYWNlEAIYBCAA,"Puebla, Roma, Cuauhtémoc, 06700 Ciudad de México, CDMX, Mexico",Roma,Ciudad de México,Ciudad de México,Mexico,MX,06700,19.4230911,-99.15981149999999,restaurant,"restaurant, seafood_restaurant, food, point_of_interest, establishment",OPERATIONAL,4.4,415.0,PRICE_LEVEL_VERY_EXPENSIVE,RESOLVED_FROM_URL
Merotoro,,https://www.google.com/maps/place/Merotoro/data=!4m2!3m1!1s0x85d1ff4041c7d6cd:0xc942a461f2b15ad5,,,CDMX,visited,ChIJzdbHQUD_0YUR1Vqx8mGkQsk,Merotoro,https://maps.google.com/?cid=14502334490676910805&g_mp=CiVnb29nbGUubWFwcy5wbGFjZXMudjEuUGxhY2VzLkdldFBsYWNlEAIYBCAA,"Ámsterdam 204, Hipódromo, Cuauhtémoc, 06100 Ciudad de México, CDMX, Mexico",Hipódromo,Ciudad de México,Ciudad de México,Mexico,MX,06100,19.4096588,-99.1698509,restaurant,"restaurant, bar_and_grill, mexican_restaurant, bar, food, point_of_interest, establishment",OPERATIONAL,4.5,1691.0,,RESOLVED_FROM_URL
Chiquitito Café,,https://www.google.com/maps/place/Chiquitito+Caf%C3%A9/data=!4m2!3m1!1s0x85d1ff003c836799:0x93c1c2ab4e07ed7,,,CDMX,visited,ChIJmWeDPAD_0YUR137gtCocPAk,Chiquitito Café,https://maps.google.com/?cid=665437814692806359&g_mp=CiVnb29nbGUubWFwcy5wbGFjZXMudjEuUGxhY2VzLkdldFBsYWNlEAIYBCAA,"Fernando Montes de Oca 85, Colonia Condesa, Cuauhtémoc, 06140 Ciudad de México, CDMX, Mexico",Colonia Condesa,Ciudad de México,Ciudad de México,Mexico,MX,06140,19.4140262,-99.1765874,coffee_shop,"coffee_shop, cafe, food_store, store, food, point_of_interest, establishment",OPERATIONAL,4.4,208.0,PRICE_LEVEL_MODERATE,RESOLVED_FROM_URL
TRAMPA,Buenos drinks,https://www.google.com/maps/place/TRAMPA/data=!4m2!3m1!1s0x85d1ffa0cb54bb0f:0x69f391760918ecee,,,CDMX,visited,ChIJD7tUy6D_0YUR7uwYCXaR82k,TRAMPA,https://maps.google.com/?cid=7634605729467919598&g_mp=CiVnb29nbGUubWFwcy5wbGFjZXMudjEuUGxhY2VzLkdldFBsYWNlEAIYBCAA,"Alfonso Reyes 120, Hipódromo Condesa, Cuauhtémoc, 06170 Ciudad de México, CDMX, Mexico",Hipódromo Condesa,Ciudad de México,Ciudad de México,Mexico,MX,06170,19.409179599999998,-99.1772637,bar,"bar, cocktail_bar, point_of_interest, establishment",OPERATIONAL,4.7,293.0,PRICE_LEVEL_MODERATE,RESOLVED_FROM_URL
Caiman,Buen bar,https://www.google.com/maps/place/Caiman/data=!4m2!3m1!1s0x85d1ff474cf3aba9:0x251fd7705986d040,,,CDMX,visited,ChIJqavzTEf_0YURQNCGWXDXHyU,Caiman,https://maps.google.com/?cid=2675093581219680320&g_mp=CiVnb29nbGUubWFwcy5wbGFjZXMudjEuUGxhY2VzLkdldFBsYWNlEAIYBCAA,"Av. Nuevo León 120, Hipódromo, Cuauhtémoc, 06100 Ciudad de México, CDMX, Mexico",Hipódromo,Ciudad de México,Ciudad de México,Mexico,MX,06100,19.4106158,-99.1725293,bar,"bar, point_of_interest, establishment",OPERATIONAL,4.2,244.0,PRICE_LEVEL_MODERATE,RESOLVED_FROM_URL
El Mekong ទន្លេមេគង្គ,Cantina asiatica con un taco de birria deli! Lo demas pica demasiado como asiatico spicy,https://www.google.com/maps/place/El+Mekong+%E1%9E%91%E1%9E%93%E1%9F%92%E1%9E%9B%E1%9F%81%E1%9E%98%E1%9F%81%E1%9E%82%E1%9E%84%E1%9F%92%E1%9E%82/data=!4m2!3m1!1s0x85d1ff0074baeca7:0xea92db7da3f4c31b,,,CDMX,visited,ChIJp-y6dAD_0YURG8P0o33bkuo,El Mekong ទន្លេមេគង្គ,https://maps.google.com/?cid=16902813684143014683&g_mp=CiVnb29nbGUubWFwcy5wbGFjZXMudjEuUGxhY2VzLkdldFBsYWNlEAIYBCAA,"Av. Tamaulipas 145, Hipódromo Condesa, Cuauhtémoc, 06170 Ciudad de México, CDMX, Mexico",Hipódromo Condesa,Ciudad de México,Ciudad de México,Mexico,MX,06170,19.4094682,-99.1760728,restaurant,"restaurant, food, point_of_interest, establishment",OPERATIONAL,4.6,796.0,PRICE_LEVEL_MODERATE,RESOLVED_FROM_URL
Hugo,Wine bar favorito de la cdmx. Gran lugar para cenar en date y compartir platos. Buena musica. Los ñoquis son buenisimos,https://www.google.com/maps/place/Hugo/data=!4m2!3m1!1s0x85d1ffdaf4634243:0xd185f7e52f6b9716,,,CDMX,visited,ChIJQ0Jj9Nr_0YURFpdrL-X3hdE,Hugo,https://maps.google.com/?cid=15097745889544607510&g_mp=CiVnb29nbGUubWFwcy5wbGFjZXMudjEuUGxhY2VzLkdldFBsYWNlEAIYBCAA,"Av. Veracruz 38, Roma Nte., Cuauhtémoc, 06700 Ciudad de México, CDMX, Mexico",Roma Norte,Ciudad de México,Ciudad de México,Mexico,MX,06700,19.4186677,-99.1751855,wine_bar,"wine_bar, bar, point_of_interest, food, establishment",OPERATIONAL,4.4,585.0,,RESOLVED_FROM_URL
Botánico,Muy buen restaurante y tiene una terraza que puedes apartar para drinks y botanas con mas personas. Las tostadas de atun impresionantes,https://www.google.com/maps/place/Bot%C3%A1nico/data=!4m2!3m1!1s0x85d1ffa6074f148f:0x72687d1fd40d86cd,,,CDMX,visited,ChIJjxRPB6b_0YURzYYN1B99aHI,Botánico,https://maps.google.com/?cid=8243976693556807373&g_mp=CiVnb29nbGUubWFwcy5wbGFjZXMudjEuUGxhY2VzLkdldFBsYWNlEAIYBCAA,"Alfonso Reyes 217, Colonia Condesa, Cuauhtémoc, 06100 Ciudad de México, CDMX, Mexico",Colonia Condesa,Ciudad de México,Ciudad de México,Mexico,MX,06100,19.4070422,-99.1739748,restaurant,"restaurant, point_of_interest, food, establishment",OPERATIONAL,4.1,1441.0,PRICE_LEVEL_VERY_EXPENSIVE,RESOLVED_FROM_URL
Restaurante Castizo,Buen restaurante español con muchas opciones de mesa depende el plan. Buenisimos los arroces y las flores de calabaza rellenas de queso,https://www.google.com/maps/place/Restaurante+Castizo/data=!4m2!3m1!1s0x85d1ff09aa344311:0xb7eb81da3b6c75dd,,,CDMX,visited,ChIJEUM0qgn_0YUR3XVsO9qB67c,CASTIZO CONDESA,https://maps.google.com/?cid=13252829102767633885&g_mp=CiVnb29nbGUubWFwcy5wbGFjZXMudjEuUGxhY2VzLkdldFBsYWNlEAIYBCAA,"C. Chilpancingo 46, Colonia Condesa, Cuauhtémoc, 06100 Ciudad de México, CDMX, Mexico",Colonia Condesa,Ciudad de México,Ciudad de México,Mexico,MX,06100,19.407987,-99.1696387,restaurant,"restaurant, mediterranean_restaurant, spanish_restaurant, point_of_interest, food, establishment",OPERATIONAL,4.7,2423.0,,RESOLVED_FROM_URL
Koku,"Sushi casual favorito de la cdmx. El menu es muy extenso y tienen de todo, desde rollos hasta ramen. Sushi cakes de atun y rollo callo con elote",https://www.google.com/maps/place/Koku/data=!4m2!3m1!1s0x85d1ff5fb2fc892f:0x99cab7751b11c703,,,CDMX,visited,ChIJL4n8sl__0YURA8cRG3W3ypk,Koku,https://maps.google.com/?cid=11081871546691733251&g_mp=CiVnb29nbGUubWFwcy5wbGFjZXMudjEuUGxhY2VzLkdldFBsYWNlEAIYBCAA,"Iztaccihuatl 54, Colonia Condesa, Cuauhtémoc, 06100 Ciudad de México, CDMX, Mexico",Colonia Condesa,Ciudad de México,Ciudad de México,Mexico,MX,06100,19.4102567,-99.16933619999999,japanese_restaurant,"japanese_restaurant, sushi_restaurant, restaurant, food, point_of_interest, establishment",OPERATIONAL,4.3,1744.0,PRICE_LEVEL_MODERATE,RESOLVED_FROM_URL
ODETTE CONDESA,Muy buen cafe y excelente ubicacion y local. El pan lo hacen al momento,https://www.google.com/maps/place/ODETTE+CONDESA/data=!4m2!3m1!1s0x85d1ff05f3996019:0x4fbf318d62cb98d7,,,CDMX,visited,ChIJGWCZ8wX_0YUR15jLYo0xv08,ODETTE CONDESA,https://maps.google.com/?cid=5746366132865702103&g_mp=CiVnb29nbGUubWFwcy5wbGFjZXMudjEuUGxhY2VzLkdldFBsYWNlEAIYBCAA,"Pl. Popocatépetl 35, Hipódromo, Cuauhtémoc, 06100 Ciudad de México, CDMX, Mexico",Hipódromo,Ciudad de México,Ciudad de México,Mexico,MX,06100,19.4151766,-99.1677824,bakery,"bakery, food_store, store, food, point_of_interest, establishment",OPERATIONAL,4.3,1619.0,PRICE_LEVEL_MODERATE,RESOLVED_FROM_URL
Canton Mexicali 廣東墨西加利,El mejor restaurante chino de la CDMX probablemente. Buenos los dan dan cacahuate y el pollo general. Cierra tarde,https://www.google.com/maps/place/Canton+Mexicali+%E5%BB%A3%E6%9D%B1%E5%A2%A8%E8%A5%BF%E5%8A%A0%E5%88%A9/data=!4m2!3m1!1s0x85d1ff8cad92027f:0x5c6cc10b834e50fa,,,CDMX,visited,ChIJfwKSrYz_0YUR-lBOgwvBbFw,Canton Mexicali Condesa,https://maps.google.com/?cid=6659910204165869818&g_mp=CiVnb29nbGUubWFwcy5wbGFjZXMudjEuUGxhY2VzLkdldFBsYWNlEAIYBCAA,"Av. Álvaro Obregón 264, Hipódromo, Cuauhtémoc, 06100 Ciudad de México, CDMX, Mexico",Hipódromo,Ciudad de México,Ciudad de México,Mexico,MX,06100,19.4165048,-99.16765300000002,chinese_restaurant,"chinese_restaurant, restaurant, food, point_of_interest, establishment",OPERATIONAL,4.4,2324.0,PRICE_LEVEL_EXPENSIVE,RESOLVED_FROM_URL
Bobo Burgers & Café (Condesa),,https://www.google.com/maps/place/Bobo+Burgers+%26+Caf%C3%A9+(Condesa)/data=!4m2!3m1!1s0x85d1ff69ffdd7f8d:0x4da164a55500a1c0,,,CDMX,visited,ChIJjX_d_2n_0YURwKEAVaVkoU0,Bobo Burgers & Café (Condesa),https://maps.google.com/?cid=5593862873429352896&g_mp=CiVnb29nbGUubWFwcy5wbGFjZXMudjEuUGxhY2VzLkdldFBsYWNlEAIYBCAA,"Av. Tamaulipas 125, Hipódromo Condesa, Cuauhtémoc, 06170 Ciudad de México, CDMX, Mexico",Hipódromo Condesa,Ciudad de México,Ciudad de México,Mexico,MX,06170,19.409912,-99.1755998,fast_food_restaurant,"fast_food_restaurant, hamburger_restaurant, american_restaurant, restaurant, food, point_of_interest, establishment",OPERATIONAL,4.6,6241.0,PRICE_LEVEL_MODERATE,RESOLVED_FROM_URL
CIENA,,https://www.google.com/maps/place/CIENA/data=!4m2!3m1!1s0x85d1ff42c8645973:0x345df2fea91984a,,,CDMX,visited,ChIJc1lkyEL_0YURSpiR6i_fRQM,CIENA,https://maps.google.com/?cid=235839952398686282&g_mp=CiVnb29nbGUubWFwcy5wbGFjZXMudjEuUGxhY2VzLkdldFBsYWNlEAIYBCAA,"Alfonso Reyes 101, Colonia Condesa, Cuauhtémoc, 06170 Ciudad de México, CDMX, Mexico",Colonia Condesa,Ciudad de México,Ciudad de México,Mexico,MX,06170,19.409131,-99.1781752,restaurant,"restaurant, food, point_of_interest, establishment",OPERATIONAL,4.4,979.0,PRICE_LEVEL_MODERATE,RESOLVED_FROM_URL
Tacos Los Caramelos - Condesa,,https://www.google.com/maps/place/Tacos+Los+Caramelos+-+Condesa/data=!4m2!3m1!1s0x85d1ff1a09ae75db:0x86da44977d2c5293,,,CDMX,visited,ChIJ23WuCRr_0YURk1IsfZdE2oY,Tacos Los Caramelos - Condesa,https://maps.google.com/?cid=9717154563436073619&g_mp=CiVnb29nbGUubWFwcy5wbGFjZXMudjEuUGxhY2VzLkdldFBsYWNlEAIYBCAA,"Av Michoacán 93, Colonia Condesa, Cuauhtémoc, 06140 Ciudad de México, CDMX, Mexico",Colonia Condesa,Ciudad de México,Ciudad de México,Mexico,MX,06140,19.4116547,-99.174787,restaurant,"restaurant, food, point_of_interest, establishment",OPERATIONAL,4.8,1656.0,PRICE_LEVEL_MODERATE,RESOLVED_FROM_URL
El Jugador Número 12,,https://www.google.com/maps/place/El+Jugador+N%C3%BAmero+12/data=!4m2!3m1!1s0x85d1ffe60ac6f3fd:0x62c19ebcbcb9cf6,,,CDMX,visited,ChIJ_fPGCub_0YUR9pzLy-sZLAY,El Jugador Número 12,https://maps.google.com/?cid=444758963729964278&g_mp=CiVnb29nbGUubWFwcy5wbGFjZXMudjEuUGxhY2VzLkdldFBsYWNlEAIYBCAA,"C.Colima 220, Roma Nte., Cuauhtémoc, 06700 Ciudad de México, CDMX, Mexico",Roma Norte,Ciudad de México,Ciudad de México,Mexico,MX,06700,19.4191377,-99.16215629999999,store,"store, point_of_interest, establishment",OPERATIONAL,4.9,230.0,,RESOLVED_FROM_URL
Nima Local House Hotel & Spa,,https://www.google.com/maps/place/Nima+Local+House+Hotel+%26+Spa/data=!4m2!3m1!1s0x85d1ff39f1ac222b:0x179fc326efc6b5e7,,,CDMX,visited,ChIJKyKs8Tn_0YUR57XG7ybDnxc,Nima Local House Hotel & Spa,https://maps.google.com/?cid=1702293756168287719&g_mp=CiVnb29nbGUubWFwcy5wbGFjZXMudjEuUGxhY2VzLkdldFBsYWNlEAIYBCAA,"C.Colima 236, Roma Nte., Cuauhtémoc, 06700 Ciudad de México, CDMX, Mexico",Roma Norte,Ciudad de México,Ciudad de México,Mexico,MX,06700,19.419141,-99.162724,hotel,"hotel, lodging, point_of_interest, establishment",OPERATIONAL,4.8,137.0,,RESOLVED_FROM_URL
Huset,,https://www.google.com/maps/place/Huset/data=!4m2!3m1!1s0x85d1ff39c1498751:0x1da7bb872877380e,,,CDMX,visited,ChIJUYdJwTn_0YURDjh3KIe7px0,Huset,https://maps.google.com/?cid=2136882737384470542&g_mp=CiVnb29nbGUubWFwcy5wbGFjZXMudjEuUGxhY2VzLkdldFBsYWNlEAIYBCAA,"C.Colima 256, Roma Nte., Cuauhtémoc, 06700 Ciudad de México, CDMX, Mexico",Roma Norte,Ciudad de México,Ciudad de México,Mexico,MX,06700,19.418919499999998,-99.1637939,mexican_restaurant,"mexican_restaurant, breakfast_restaurant, restaurant, food, point_of_interest, establishment",OPERATIONAL,4.4,4259.0,,RESOLVED_FROM_URL
Maizajo,,https://www.google.com/maps/place/Maizajo/data=!4m2!3m1!1s0x85d1f8662726bc5d:0xd437703208a9d19a,,,CDMX,visited,ChIJXbwmJ2b40YURmtGpCDJwN9Q,Maizajo,https://maps.google.com/?cid=15291814419955831194&g_mp=CiVnb29nbGUubWFwcy5wbGFjZXMudjEuUGxhY2VzLkdldFBsYWNlEAIYBCAA,"Fernando Montes de Oca 113, Colonia Condesa, Cuauhtémoc, 06140 Ciudad de México, CDMX, Mexico",Colonia Condesa,Ciudad de México,Ciudad de México,Mexico,MX,06140,19.4148572,-99.1781999,mexican_restaurant,"mexican_restaurant, taco_restaurant, food_store, store, restaurant, food, point_of_interest, establishment",OPERATIONAL,4.1,2199.0,PRICE_LEVEL_MODERATE,RESOLVED_FROM_URL
Café de Nadie,,https://www.google.com/maps/place/Caf%C3%A9+de+Nadie/data=!4m2!3m1!1s0x85d1ff1edbce70ff:0xdb713a3a894989bc,,,CDMX,visited,ChIJ_3DO2x7_0YURvIlJiTo6cds,Café de Nadie,https://maps.google.com/?cid=15812483789760334268&g_mp=CiVnb29nbGUubWFwcy5wbGFjZXMudjEuUGxhY2VzLkdldFBsYWNlEAIYBCAA,"Chihuahua 135, Roma Nte., Cuauhtémoc, 06700 Ciudad de México, CDMX, Mexico",Roma Norte,Ciudad de México,Ciudad de México,Mexico,MX,06700,19.417402,-99.1605353,bar,"bar, point_of_interest, establishment",OPERATIONAL,4.0,871.0,PRICE_LEVEL_MODERATE,RESOLVED_FROM_URL
Marmota,,https://www.google.com/maps/place/Marmota/data=!4m2!3m1!1s0x85d1ff15961c2aaf:0xcd3331459a131b84,,,CDMX,visited,ChIJryoclhX_0YURhBsTmkUxM80,Marmota,https://maps.google.com/?cid=14786216176594918276&g_mp=CiVnb29nbGUubWFwcy5wbGFjZXMudjEuUGxhY2VzLkdldFBsYWNlEAIYBCAA,"Plaza Río de Janeiro 53, Roma Nte., Cuauhtémoc, 06700 Ciudad de México, CDMX, Mexico",Roma Norte,Ciudad de México,Ciudad de México,Mexico,MX,06700,19.4211857,-99.1610736,restaurant,"restaurant, food, point_of_interest, establishment",OPERATIONAL,4.7,2144.0,,RESOLVED_FROM_URL
ODETTE,,https://www.google.com/maps/place/ODETTE/data=!4m2!3m1!1s0x85d2019ed4e5d627:0xb699296e5b1042c,,,CDMX,visited,ChIJJ9bl1J4B0oURLASx5ZaSaQs,ODETTE,https://maps.google.com/?cid=822349583768159276&g_mp=CiVnb29nbGUubWFwcy5wbGFjZXMudjEuUGxhY2VzLkdldFBsYWNlEAIYBCAA,"Monte Líbano 915-Loc 18 B, Lomas de Chapultepec, Miguel Hidalgo, 11000 Ciudad de México, CDMX, Mexico",Lomas de Chapultepec,Ciudad de México,Ciudad de México,Mexico,MX,11000,19.4155871,-99.225923,bakery,"bakery, food_store, food, point_of_interest, store, establishment",OPERATIONAL,4.5,721.0,PRICE_LEVEL_MODERATE,RESOLVED_FROM_URL
Koku,Rollo de elote,https://www.google.com/maps/place/Koku/data=!4m2!3m1!1s0x85d1ff35125b2955:0xe1b2bed9ffa11fb,,,CDMX,visited,ChIJVSlbEjX_0YUR-xH6n-0rGw4,Koku,https://maps.google.com/?cid=1016454440493388283&g_mp=CiVnb29nbGUubWFwcy5wbGFjZXMudjEuUGxhY2VzLkdldFBsYWNlEAIYBCAA,"C. Río Lerma 94C, Cuauhtémoc, 06500 Ciudad de México, CDMX, Mexico",Cuauhtémoc,Ciudad de México,Ciudad de México,Mexico,MX,06500,19.4297267,-99.16609489999999,japanese_restaurant,"japanese_restaurant, sushi_restaurant, restaurant, food, point_of_interest, establishment",OPERATIONAL,4.4,5185.0,PRICE_LEVEL_MODERATE,RESOLVED_FROM_URL
Miru,,https://www.google.com/maps/place/Miru/data=!4m2!3m1!1s0x85d2016e34b602c5:0x6373183a8add04ad,,,CDMX,visited,ChIJxQK2NG4B0oURrQTdijoYc2M,Miru,https://maps.google.com/?cid=7166098071793501357&g_mp=CiVnb29nbGUubWFwcy5wbGFjZXMudjEuUGxhY2VzLkdldFBsYWNlEAIYBCAA,"Ariosto 16, Polanco, Polanco III Secc, Miguel Hidalgo, 11540 Ciudad de México, CDMX, Mexico",Polanco,Ciudad de México,Ciudad de México,Mexico,MX,11540,19.4296094,-99.200436,japanese_restaurant,"japanese_restaurant, restaurant, food, point_of_interest, establishment",OPERATIONAL,4.5,197.0,,RESOLVED_FROM_URL
Tokyo Music Bar,,https://www.google.com/maps/place/Tokyo+Music+Bar/data=!4m2!3m1!1s0x85d1ff8d7e6f294d:0x6f07f510fc94e4aa,,,CDMX,visited,ChIJTSlvfo3_0YURquSU_BD1B28,Tokyo Music Bar,https://maps.google.com/?cid=8000632716352873642&g_mp=CiVnb29nbGUubWFwcy5wbGFjZXMudjEuUGxhY2VzLkdldFBsYWNlEAIYBCAA,"Río Pánuco 132, Cuauhtémoc, 06500 Ciudad de México, CDMX, Mexico",Cuauhtémoc,Ciudad de México,Ciudad de México,Mexico,MX,06500,19.4295628,-99.1696231,bar,"bar, point_of_interest, establishment",OPERATIONAL,3.9,486.0,PRICE_LEVEL_EXPENSIVE,RESOLVED_FROM_URL
Le Tachinomi Desu,Restaurante mini y de mis favoritos,https://www.google.com/maps/place/Le+Tachinomi+Desu/data=!4m2!3m1!1s0x85d1ff4aec23a511:0x282bd999a031aec,,,CDMX,visited,ChIJEaUj7Er_0YUR7BoDmpm9ggI,Le Tachinomi Desu,https://maps.google.com/?cid=180915402459781868&g_mp=CiVnb29nbGUubWFwcy5wbGFjZXMudjEuUGxhY2VzLkdldFBsYWNlEAIYBCAA,"Río Pánuco 132-1a, Cuauhtémoc, 06500 Ciudad de México, CDMX, Mexico",Cuauhtémoc,Ciudad de México,Ciudad de México,Mexico,MX,06500,19.4295628,-99.1696231,bar,"bar, restaurant, food, point_of_interest, establishment",OPERATIONAL,4.6,345.0,,RESOLVED_FROM_URL
ololo,Bar deli,https://www.google.com/maps/place/ololo/data=!4m2!3m1!1s0x85d1ff789601db3b:0x185e5746da0e77f6,,,CDMX,visited,ChIJO9sBlnj_0YUR9ncO2kZXXhg,ololo,https://maps.google.com/?cid=1755936866538780662&g_mp=CiVnb29nbGUubWFwcy5wbGFjZXMudjEuUGxhY2VzLkdldFBsYWNlEAIYBCAA,"Chicontepec 57, Hipódromo Condesa, Cuauhtémoc, 06170 Ciudad de México, CDMX, Mexico",Hipódromo Condesa,Ciudad de México,Ciudad de México,Mexico,MX,06170,19.4097379,-99.1807219,bar,"bar, point_of_interest, establishment",OPERATIONAL,3.9,264.0,PRICE_LEVEL_EXPENSIVE,RESOLVED_FROM_URL
Sesame,Baos deli,https://www.google.com/maps/place/Sesame/data=!4m2!3m1!1s0x85d1ff3a7484228b:0xa00a3a365e24ff87,,,CDMX,visited,ChIJiyKEdDr_0YURh_8kXjY6CqA,Sesame,https://maps.google.com/?cid=11532093801017704327&g_mp=CiVnb29nbGUubWFwcy5wbGFjZXMudjEuUGxhY2VzLkdldFBsYWNlEAIYBCAA,"C.Colima 183, Roma Nte., Cuauhtémoc, 06700 Ciudad de México, CDMX, Mexico",Roma Norte,Ciudad de México,Ciudad de México,Mexico,MX,06700,19.419866,-99.16069759999999,asian_restaurant,"asian_restaurant, bar, restaurant, food, point_of_interest, establishment",OPERATIONAL,4.4,1650.0,PRICE_LEVEL_MODERATE,RESOLVED_FROM_URL
Niddo Oxford,,https://www.google.com/maps/place/Niddo+Oxford/data=!4m2!3m1!1s0x85d1ffeb20a1918b:0x80ec2e159839511d,,,CDMX,visited,ChIJi5GhIOv_0YURHVE5mBUu7IA,Niddo Oxford,https://maps.google.com/?cid=9289850801641574685&g_mp=CiVnb29nbGUubWFwcy5wbGFjZXMudjEuUGxhY2VzLkdldFBsYWNlEAIYBCAA,"Oxford 12, Juárez, Cuauhtémoc, 06600 Ciudad de México, CDMX, Mexico",Juárez,Ciudad de México,Ciudad de México,Mexico,MX,06600,19.4253786,-99.1694495,restaurant,"restaurant, food, point_of_interest, establishment",OPERATIONAL,4.6,914.0,PRICE_LEVEL_MODERATE,RESOLVED_FROM_URL
Máximo,,https://www.google.com/maps/place/M%C3%A1ximo/data=!4m2!3m1!1s0x85d1ff3be3010d77:0x61a7328c1d52cc2b,,,CDMX,visited,ChIJdw0B4zv_0YURK8xSHYwyp2E,Máximo,https://maps.google.com/?cid=7036648520158465067&g_mp=CiVnb29nbGUubWFwcy5wbGFjZXMudjEuUGxhY2VzLkdldFBsYWNlEAIYBCAA,"Av. Álvaro Obregón 65 Bis, Roma Nte., Cuauhtémoc, 06700 Ciudad de México, CDMX, Mexico",Roma Norte,Ciudad de México,Ciudad de México,Mexico,MX,06700,19.4189482,-99.1580841,fine_dining_restaurant,"fine_dining_restaurant, restaurant, food, point_of_interest, establishment",OPERATIONAL,4.3,2819.0,PRICE_LEVEL_VERY_EXPENSIVE,RESOLVED_FROM_URL
Puntarena,,https://www.google.com/maps/place/Puntarena/data=!4m2!3m1!1s0x85d2010d1a10adcb:0xf4fee3504d49b2b6,,,CDMX,visited,ChIJy60QGg0B0oURtrJJTVDj_vQ,Puntarena,https://maps.google.com/?cid=17653797523372487350&g_mp=CiVnb29nbGUubWFwcy5wbGFjZXMudjEuUGxhY2VzLkdldFBsYWNlEAIYBCAA,"Bosque de Duraznos 39, Bosque de las Lomas, Miguel Hidalgo, 11700 Ciudad de México, CDMX, Mexico",Bosque de las Lomas,Ciudad de México,Ciudad de México,Mexico,MX,11700,19.403284499999998,-99.2424832,mexican_restaurant,"mexican_restaurant, breakfast_restaurant, restaurant, food, point_of_interest, establishment",OPERATIONAL,4.4,754.0,,RESOLVED_FROM_URL
Puntarena,,https://www.google.com/maps/place/Puntarena/data=!4m2!3m1!1s0x85d200cc992871b1:0x98e7835f6311b5cb,,,CDMX,visited,ChIJsXEomcwA0oURy7URY1-D55g,Puntarena,https://maps.google.com/?cid=11017919459092444619&g_mp=CiVnb29nbGUubWFwcy5wbGFjZXMudjEuUGxhY2VzLkdldFBsYWNlEAIYBCAA,"Vasco de Quiroga Col, Santa Fe, Contadero, Cuajimalpa de Morelos, 05348 Ciudad de México, CDMX, Mexico",Santa Fe,Ciudad de México,Ciudad de México,Mexico,MX,05348,19.3622846,-99.27574659999999,restaurant,"restaurant, seafood_restaurant, food, point_of_interest, establishment",OPERATIONAL,4.4,663.0,PRICE_LEVEL_VERY_EXPENSIVE,RESOLVED_FROM_URL
Ginza Barra,,https://www.google.com/maps/place/Ginza+Barra/data=!4m2!3m1!1s0x85d2013b301e79df:0x9e5b05af4ce0ee1d,,,CDMX,visited,ChIJ33keMDsB0oURHe7gTK8FW54,Ginza Barra,https://maps.google.com/?cid=11410720331340508701&g_mp=CiVnb29nbGUubWFwcy5wbGFjZXMudjEuUGxhY2VzLkdldFBsYWNlEAIYBCAA,"Pedregal 17, Lomas - Virreyes, Lomas de Chapultepec, Miguel Hidalgo, 11000 Ciudad de México, CDMX, Mexico",Lomas - Virreyes,Ciudad de México,Ciudad de México,Mexico,MX,11000,19.424978,-99.2038247,japanese_restaurant,"japanese_restaurant, sushi_restaurant, restaurant, food, point_of_interest, establishment",OPERATIONAL,4.3,294.0,PRICE_LEVEL_EXPENSIVE,RESOLVED_FROM_URL
Eno,,https://www.google.com/maps/place/Eno/data=!4m2!3m1!1s0x85d201f2d77708b7:0xd31fb2657959d798,,,CDMX,visited,ChIJtwh31_IB0oURmNdZeWWyH9M,Eno,https://maps.google.com/?cid=15213074215178196888&g_mp=CiVnb29nbGUubWFwcy5wbGFjZXMudjEuUGxhY2VzLkdldFBsYWNlEAIYBCAA,"Av. Explanada 730, Lomas - Virreyes, Lomas de Chapultepec IV Secc, Miguel Hidalgo, 11000 Ciudad de México, CDMX, Mexico",Lomas - Virreyes,Ciudad de México,Ciudad de México,Mexico,MX,11000,19.420562999999998,-99.2112474,restaurant,"restaurant, breakfast_restaurant, coffee_shop, cafe, food_store, store, point_of_interest, food, establishment",OPERATIONAL,4.2,704.0,PRICE_LEVEL_MODERATE,RESOLVED_FROM_URL
Zeru Lomas,,https://www.google.com/maps/place/Zeru+Lomas/data=!4m2!3m1!1s0x85d2016386a96733:0x55c7fcbfdf53822b,,,CDMX,visited,ChIJM2ephmMB0oURK4JT37_8x1U,Zeru Lomas,https://maps.google.com/?cid=6181186914605040171&g_mp=CiVnb29nbGUubWFwcy5wbGFjZXMudjEuUGxhY2VzLkdldFBsYWNlEAIYBCAA,"Monte Everest 635, Lomas de Chapultepec, Miguel Hidalgo, 11000 Ciudad de México, CDMX, Mexico",Lomas de Chapultepec,Ciudad de México,Ciudad de México,Mexico,MX,11000,19.419161199999998,-99.2155647,restaurant,"restaurant, food, point_of_interest, establishment",OPERATIONAL,4.5,378.0,PRICE_LEVEL_VERY_EXPENSIVE,RESOLVED_FROM_URL
LaMari,,https://www.google.com/maps/place/LaMari/data=!4m2!3m1!1s0x85d201922fec07dd:0xcf17aaf71c77af2e,,,CDMX,visited,ChIJ3QfsL5IB0oURLq93HPeqF88,LaMari,https://maps.google.com/?cid=14922583868626677550&g_mp=CiVnb29nbGUubWFwcy5wbGFjZXMudjEuUGxhY2VzLkdldFBsYWNlEAIYBCAA,"Monte Athos 395, Lomas de Chapultepec III Secc, Miguel Hidalgo, 11000 Ciudad de México, CDMX, Mexico",Lomas de Chapultepec III Sección,Ciudad de México,Ciudad de México,Mexico,MX,11000,19.4192182,-99.2150238,restaurant,"restaurant, mexican_restaurant, point_of_interest, food, establishment",OPERATIONAL,4.3,412.0,,RESOLVED_FROM_URL
Sandoi,,https://www.google.com/maps/place/Sandoi/data=!4m2!3m1!1s0x85d2015adacd450f:0x7d8d3d132d12ff6c,,,CDMX,visited,ChIJD0XN2loB0oURbP8SLRM9jX0,Sandoi,https://maps.google.com/?cid=9046954379027087212&g_mp=CiVnb29nbGUubWFwcy5wbGFjZXMudjEuUGxhY2VzLkdldFBsYWNlEAIYBCAA,"Monte Everest 630, Lomas de Chapultepec VI Secc, Miguel Hidalgo, 11000 Ciudad de México, CDMX, Mexico",Lomas de Chapultepec VI Sección,Ciudad de México,Ciudad de México,Mexico,MX,11000,19.4194097,-99.2148933,restaurant,"restaurant, food, point_of_interest, establishment",OPERATIONAL,4.5,190.0,PRICE_LEVEL_VERY_EXPENSIVE,RESOLVED_FROM_URL
Roca,,https://www.google.com/maps/place/Roca/data=!4m2!3m1!1s0x85d2018d1482e875:0x1e27dedf1a25f0a2,,,CDMX,visited,ChIJdeiCFI0B0oURovAlGt_eJx4,Roca,https://maps.google.com/?cid=2172950395027320994&g_mp=CiVnb29nbGUubWFwcy5wbGFjZXMudjEuUGxhY2VzLkdldFBsYWNlEAIYBCAA,"Monte Athos 310, Lomas de Chapultepec, Miguel Hidalgo, 11000 Ciudad de México, CDMX, Mexico",Lomas de Chapultepec,Ciudad de México,Ciudad de México,Mexico,MX,11000,19.4190814,-99.21386609999999,mexican_restaurant,"mexican_restaurant, restaurant, food, point_of_interest, establishment",OPERATIONAL,4.4,584.0,PRICE_LEVEL_VERY_EXPENSIVE,RESOLVED_FROM_URL
One Pound Terraza,,https://www.google.com/maps/place/One+Pound+Terraza/data=!4m2!3m1!1s0x85d201d2ba6fdcd1:0x3bd34519d6b1e3e5,,,CDMX,visited,ChIJ0dxvutIB0oUR5eOx1hlF0zs,One Pound,https://maps.google.com/?cid=4310865245602178021&g_mp=CiVnb29nbGUubWFwcy5wbGFjZXMudjEuUGxhY2VzLkdldFBsYWNlEAIYBCAA,"Rooftop, Monte Everest 720, Lomas de Chapultepec, Miguel Hidalgo, 11000 Ciudad de México, CDMX, Mexico",Lomas de Chapultepec,Ciudad de México,Ciudad de México,Mexico,MX,11000,19.418735899999998,-99.2152294,restaurant,"restaurant, food, point_of_interest, establishment",OPERATIONAL,4.7,141.0,PRICE_LEVEL_VERY_EXPENSIVE,RESOLVED_FROM_URL
Ajoblanco,,https://www.google.com/maps/place/Ajoblanco/data=!4m2!3m1!1s0x85d201c42d492ddd:0x4914428c6e0f11b3,,,CDMX,visited,ChIJ3S1JLcQB0oURsxEPboxCFEk,Ajoblanco,https://maps.google.com/?cid=5265907035212288435&g_mp=CiVnb29nbGUubWFwcy5wbGFjZXMudjEuUGxhY2VzLkdldFBsYWNlEAIYBCAA,"Pedregal #45, Lomas - Virreyes, Lomas de Chapultepec, Miguel Hidalgo, 11000 Ciudad de México, CDMX, Mexico",Lomas - Virreyes,Ciudad de México,Ciudad de México,Mexico,MX,11000,19.4240164,-99.2039456,restaurant,"restaurant, mediterranean_restaurant, food, point_of_interest, establishment",OPERATIONAL,4.6,542.0,PRICE_LEVEL_VERY_EXPENSIVE,RESOLVED_FROM_URL
Prendes,,https://www.google.com/maps/place/Prendes/data=!4m2!3m1!1s0x85d1ff634e2a7971:0xa619806d91d2be80,,,CDMX,visited,ChIJcXkqTmP_0YURgL7SkW2AGaY,Prendes,https://maps.google.com/?cid=11968738692800102016&g_mp=CiVnb29nbGUubWFwcy5wbGFjZXMudjEuUGxhY2VzLkdldFBsYWNlEAIYBCAA,"Moliere, Palacio de Hierro 222, Polanco, Polanco II Secc, Miguel Hidalgo, 05320 Ciudad de México, CDMX, Mexico",Polanco,Ciudad de México,Ciudad de México,Mexico,MX,05320,19.435923499999998,-99.20303659999999,mexican_restaurant,"mexican_restaurant, restaurant, food, point_of_interest, establishment",OPERATIONAL,4.6,1539.0,,RESOLVED_FROM_URL
Boccado Prendes La Mexicana,,https://www.google.com/maps/place/Boccado+Prendes+La+Mexicana/data=!4m2!3m1!1s0x85d201b6d809bb5b:0x50994797b7d24440,,,CDMX,visited,ChIJW7sJ2LYB0oURQETSt5dHmVA,Boccado Prendes La Mexicana,https://maps.google.com/?cid=5807751911420609600&g_mp=CiVnb29nbGUubWFwcy5wbGFjZXMudjEuUGxhY2VzLkdldFBsYWNlEAIYBCAA,"Av. Luis Barragan 505, Lomas de Santa Fe, Contadero, Cuajimalpa de Morelos, 01219 Ciudad de México, CDMX, Mexico",Lomas de Santa Fe,Ciudad de México,Ciudad de México,Mexico,MX,01219,19.356265699999998,-99.2712707,restaurant,"restaurant, point_of_interest, food, establishment",OPERATIONAL,4.1,316.0,,RESOLVED_FROM_URL
Estoril,,https://www.google.com/maps/place/Estoril/data=!4m2!3m1!1s0x85d200c4b98ed481:0xcae37a051ee80a0a,,,CDMX,visited,ChIJgdSOucQA0oURCgroHgV648o,Estoril,https://maps.google.com/?cid=14619662977786710538&g_mp=CiVnb29nbGUubWFwcy5wbGFjZXMudjEuUGxhY2VzLkdldFBsYWNlEAIYBCAA,"C. Guillermo Gonzalez Camarena 999, Santa Fe, Lomas de Santa Fe, Álvaro Obregón, 01210 Ciudad de México, CDMX, Mexico",Santa Fe,Ciudad de México,Ciudad de México,Mexico,MX,01210,19.3667738,-99.2627744,restaurant,"restaurant, fusion_restaurant, japanese_restaurant, food, point_of_interest, establishment",OPERATIONAL,4.5,360.0,,RESOLVED_FROM_URL
Jin San,,https://www.google.com/maps/place/Jin+San/data=!4m2!3m1!1s0x85d200e7c7857b93:0xa65d797e529e51c3,,,CDMX,visited,ChIJk3uFx-cA0oURw1GeUn55XaY,Jin San,https://maps.google.com/?cid=11987871366589075907&g_mp=CiVnb29nbGUubWFwcy5wbGFjZXMudjEuUGxhY2VzLkdldFBsYWNlEAIYBCAA,"Av. Javier Barros Sierra 540, Santa Fe, Zedec Sta Fé, Álvaro Obregón, 01210 Ciudad de México, CDMX, Mexico",Santa Fe,Ciudad de México,Ciudad de México,Mexico,MX,01210,19.3646133,-99.2593191,japanese_restaurant,"sushi_restaurant, japanese_restaurant, restaurant, food, point_of_interest, establishment",OPERATIONAL,4.4,518.0,,RESOLVED_FROM_URL
Sakai Santa Fe,,https://www.google.com/maps/place/Sakai+Santa+Fe/data=!4m2!3m1!1s0x85d201e2c6ec0c8d:0xf0735b8e46bbe3d8,,,CDMX,visited,ChIJjQzsxuIB0oUR2OO7Ro5bc_A,Sakai Santa Fe,https://maps.google.com/?cid=17326292858054632408&g_mp=CiVnb29nbGUubWFwcy5wbGFjZXMudjEuUGxhY2VzLkdldFBsYWNlEAIYBCAA,"Cruz Manca, Av. Santa Fe 428, Santa Fe, Contadero, Álvaro Obregón, 01219 Ciudad de México, CDMX, Mexico",Santa Fe,Ciudad de México,Ciudad de México,Mexico,MX,01219,19.3611543,-99.2665619,japanese_restaurant,"japanese_restaurant, sushi_restaurant, restaurant, food, point_of_interest, establishment",OPERATIONAL,4.4,425.0,,RESOLVED_FROM_URL
Onomura Santa Fe,,https://www.google.com/maps/place/Onomura+Santa+Fe/data=!4m2!3m1!1s0x85d201446353c655:0x5d069ee5e1c4c774,,,CDMX,visited,ChIJVcZTY0QB0oURdMfE4eWeBl0,Onomura Santa Fe,https://maps.google.com/?cid=6703219805560031092&g_mp=CiVnb29nbGUubWFwcy5wbGFjZXMudjEuUGxhY2VzLkdldFBsYWNlEAIYBCAA,"Av. Santa Fe 483-Loc B2, Lomas de Santa Fe, Contadero, Cuajimalpa de Morelos, 05000 Ciudad de México, CDMX, Mexico",Lomas de Santa Fe,Ciudad de México,Ciudad de México,Mexico,MX,05000,19.3592798,-99.2713787,sushi_restaurant,"sushi_restaurant, fine_dining_restaurant, japanese_restaurant, restaurant, food, point_of_interest, establishment",OPERATIONAL,4.6,423.0,,RESOLVED_FROM_URL
Onomura Prado Norte,,https://www.google.com/maps/place/Onomura+Prado+Norte/data=!4m2!3m1!1s0x85d2015439d13f33:0x2c380b9de92d6fe2,,,CDMX,visited,ChIJMz_ROVQB0oUR4m8t6Z0LOCw,Onomura Prado Norte,https://maps.google.com/?cid=3186309509214466018&g_mp=CiVnb29nbGUubWFwcy5wbGFjZXMudjEuUGxhY2VzLkdldFBsYWNlEAIYBCAA,"Avenida Prado Norte 420 PB-Loc 6, Lomas - Virreyes, Lomas de Chapultepec, Miguel Hidalgo, 11000 Ciudad de México, CDMX, Mexico",Lomas - Virreyes,Ciudad de México,Ciudad de México,Mexico,MX,11000,19.4271907,-99.211096,sushi_restaurant,"sushi_restaurant, fine_dining_restaurant, japanese_restaurant, restaurant, point_of_interest, food, establishment",OPERATIONAL,4.7,733.0,,RESOLVED_FROM_URL
Contramar,,https://www.google.com/maps/place/Contramar/data=!4m2!3m1!1s0x85d1ff2fbf2f3f7b:0xe8a4468e5f14a3f,,,CDMX,visited,ChIJez8vvy__0YURP0rx5WhEig4,Contramar,https://maps.google.com/?cid=1047725080642144831&g_mp=CiVnb29nbGUubWFwcy5wbGFjZXMudjEuUGxhY2VzLkdldFBsYWNlEAIYBCAA,"Durango 200, Roma Nte., Cuauhtémoc, 06700 Ciudad de México, CDMX, Mexico",Roma Norte,Ciudad de México,Ciudad de México,Mexico,MX,06700,19.4195793,-99.1671526,seafood_restaurant,"seafood_restaurant, mexican_restaurant, restaurant, food, point_of_interest, establishment",OPERATIONAL,4.5,6762.0,,RESOLVED_FROM_URL
La Esquina Del Chilaquil,,https://www.google.com/maps/place/La+Esquina+Del+Chilaquil/data=!4m2!3m1!1s0x85d1ff428f61a6a3:0xec757c64e0f05944,,,CDMX,visited,ChIJo6Zhj0L_0YURRFnw4GR8dew,La Esquina Del Chilaquil,https://maps.google.com/?cid=17038661537938561348&g_mp=CiVnb29nbGUubWFwcy5wbGFjZXMudjEuUGxhY2VzLkdldFBsYWNlEAIYBCAA,"Alfonso Reyes 139, Hipódromo, Cuauhtémoc, 06100 Ciudad de México, CDMX, Mexico",Hipódromo,Ciudad de México,Ciudad de México,Mexico,MX,06100,19.4083759,-99.17656269999999,mexican_restaurant,"mexican_restaurant, fast_food_restaurant, restaurant, food, point_of_interest, establishment",OPERATIONAL,4.4,11194.0,PRICE_LEVEL_INEXPENSIVE,RESOLVED_FROM_URL
Restaurante Rosetta,,https://www.google.com/maps/place/Restaurante+Rosetta/data=!4m2!3m1!1s0x85d1ff035a802175:0x617fedb7ee58dbc0,,,CDMX,visited,ChIJdSGAWgP_0YURwNtY7rftf2E,Restaurante Rosetta,https://maps.google.com/?cid=7025595317954862016&g_mp=CiVnb29nbGUubWFwcy5wbGFjZXMudjEuUGxhY2VzLkdldFBsYWNlEAIYBCAA,"C.Colima 166, Roma Nte., Cuauhtémoc, 06700 Ciudad de México, CDMX, Mexico",Roma Norte,Ciudad de México,Ciudad de México,Mexico,MX,06700,19.4197758,-99.1598009,fine_dining_restaurant,"fine_dining_restaurant, restaurant, food, point_of_interest, establishment",OPERATIONAL,4.2,4832.0,PRICE_LEVEL_VERY_EXPENSIVE,RESOLVED_FROM_URL
ULTRAMARINOS DEMAR,,https://www.google.com/maps/place/ULTRAMARINOS+DEMAR/data=!4m2!3m1!1s0x85d1ff003cb5ceeb:0x9ecb12cbee322204,,,CDMX,visited,ChIJ6861PAD_0YURBCIy7ssSy54,ULTRAMARINOS DEMAR,https://maps.google.com/?cid=11442259945348801028&g_mp=CiVnb29nbGUubWFwcy5wbGFjZXMudjEuUGxhY2VzLkdldFBsYWNlEAIYBCAA,"Mérida 21, Roma Nte., Cuauhtémoc, 06700 Ciudad de México, CDMX, Mexico",Roma Norte,Ciudad de México,Ciudad de México,Mexico,MX,06700,19.423471499999998,-99.1586808,restaurant,"restaurant, food, point_of_interest, establishment",OPERATIONAL,4.2,373.0,PRICE_LEVEL_VERY_EXPENSIVE,RESOLVED_FROM_URL
Havre 77,,https://www.google.com/maps/place/Havre+77/data=!4m2!3m1!1s0x85d1ff316923c3f7:0xe06e213a196ed97c,,,CDMX,visited,ChIJ98MjaTH_0YURfNluGTohbuA,Havre 77,https://maps.google.com/?cid=16171899845352544636&g_mp=CiVnb29nbGUubWFwcy5wbGFjZXMudjEuUGxhY2VzLkdldFBsYWNlEAIYBCAA,"Havre 77, Juárez, Cuauhtémoc, 06600 Ciudad de México, CDMX, Mexico",Juárez,Ciudad de México,Ciudad de México,Mexico,MX,06600,19.425198299999998,-99.1606963,french_restaurant,"french_restaurant, bistro, restaurant, food, point_of_interest, establishment",OPERATIONAL,4.4,1121.0,PRICE_LEVEL_VERY_EXPENSIVE,RESOLVED_FROM_URL
La Bonvi - Virreyes,,https://www.google.com/maps/place/La+Bonvi+-+Virreyes/data=!4m2!3m1!1s0x85d2010043cda13f:0x4eccf415d50fb02b,,,CDMX,visited,ChIJP6HNQwAB0oURK7AP1RX0zE4,La Bonvi,https://maps.google.com/?cid=5678181604813418539&g_mp=CiVnb29nbGUubWFwcy5wbGFjZXMudjEuUGxhY2VzLkdldFBsYWNlEAIYBCAA,"Pedregal 33, Lomas - Virreyes, Lomas de Chapultepec IV Secc, Miguel Hidalgo, 11000 Ciudad de México, CDMX, Mexico",Lomas - Virreyes,Ciudad de México,Ciudad de México,Mexico,MX,11000,19.424283799999998,-99.2038915,taco_restaurant,"taco_restaurant, restaurant, food, point_of_interest, establishment",OPERATIONAL,4.9,3516.0,PRICE_LEVEL_EXPENSIVE,RESOLVED_FROM_URL
Sartoria,,https://www.google.com/maps/place/Sartoria/data=!4m2!3m1!1s0x85d1ff30eb7ba479:0xa401b90a6b1a4276,,,CDMX,visited,ChIJeaR76zD_0YURdkIaawq5AaQ,Sartoria,https://maps.google.com/?cid=11817930351594586742&g_mp=CiVnb29nbGUubWFwcy5wbGFjZXMudjEuUGxhY2VzLkdldFBsYWNlEAIYBCAA,"C. Orizaba 42, Roma Nte., Cuauhtémoc, 06700 Ciudad de México, CDMX, Mexico",Roma Norte,Ciudad de México,Ciudad de México,Mexico,MX,06700,19.4218756,-99.1603614,italian_restaurant,"italian_restaurant, restaurant, food, point_of_interest, establishment",OPERATIONAL,4.1,1917.0,,RESOLVED_FROM_URL
Space Talk,,https://www.google.com/maps/place/Space+Talk/data=!4m2!3m1!1s0x48761baee3dde51b:0xea4369e0477a649,,,London,visited,ChIJG-Xd464bdkgRSaZ3BJ42pA4,Space Talk,https://maps.google.com/?cid=1055028265019221577&g_mp=CiVnb29nbGUubWFwcy5wbGFjZXMudjEuUGxhY2VzLkdldFBsYWNlEAIYBCAA,"18-20 St John St, Barbican, London EC1M 4AY, UK",Barbican,Greater London,England,United Kingdom,GB,EC1M 4AY,51.520240099999995,-0.10160849999999999,cocktail_bar,"cocktail_bar, bar, point_of_interest, establishment",OPERATIONAL,4.6,267.0,PRICE_LEVEL_MODERATE,RESOLVED_FROM_URL
St Dunstan in the East Church Garden,,https://www.google.com/maps/place/St+Dunstan+in+the+East+Church+Garden/data=!4m2!3m1!1s0x48760351ff31196f:0xbd3d6d2fb43ff52d,,,London,visited,ChIJbxkx_1EDdkgRLfU_tC9tPb0,St Dunstan in the East Church Garden,https://maps.google.com/?cid=13636175298402710829&g_mp=CiVnb29nbGUubWFwcy5wbGFjZXMudjEuUGxhY2VzLkdldFBsYWNlEAIYBCAA,"St Dunstan's Hill, London EC3R 5DD, UK",,Greater London,England,United Kingdom,GB,EC3R 5DD,51.509715,-0.0824601,garden,"garden, tourist_attraction, event_venue, point_of_interest, establishment",OPERATIONAL,4.7,8719.0,,RESOLVED_FROM_URL
Sky Garden,,https://www.google.com/maps/place/Sky+Garden/data=!4m2!3m1!1s0x487603526c3ca281:0xd5156ccc2c6a9284,,,London,visited,ChIJgaI8bFIDdkgRhJJqLMxsFdU,Sky Garden,https://maps.google.com/?cid=15354298128763884164&g_mp=CiVnb29nbGUubWFwcy5wbGFjZXMudjEuUGxhY2VzLkdldFBsYWNlEAIYBCAA,"1, Sky Garden Walk, London EC3M 8AF, UK",,Greater London,England,United Kingdom,GB,EC3M 8AF,51.5112422,-0.08354929999999999,scenic_spot,"scenic_spot, garden, cafe, tourist_attraction, bar, restaurant, food, point_of_interest, establishment",OPERATIONAL,4.6,77925.0,,RESOLVED_FROM_URL
BAO City,Bowl de carne con arroz!!,https://www.google.com/maps/place/BAO+City/data=!4m2!3m1!1s0x487603158bfb60f3:0x5115ec091e674819,,,London,visited,ChIJ82D7ixUDdkgRGUhnHgnsFVE,BAO City,https://maps.google.com/?cid=5842835615492032537&g_mp=CiVnb29nbGUubWFwcy5wbGFjZXMudjEuUGxhY2VzLkdldFBsYWNlEAIYBCAA,"2-8 Bloomberg Arcade, London EC4N 8AR, UK",,Greater London,England,United Kingdom,GB,EC4N 8AR,51.512444599999995,-0.09200240000000001,restaurant,"restaurant, taiwanese_restaurant, karaoke, night_club, bar, food, point_of_interest, establishment",OPERATIONAL,4.7,707.0,PRICE_LEVEL_MODERATE,RESOLVED_FROM_URL
The Mall Tavern,,https://www.google.com/maps/place/The+Mall+Tavern/data=!4m2!3m1!1s0x48760ff958a389e5:0xe0cd754160141ff0,,,London,visited,ChIJ5YmjWPkPdkgR8B8UYEF1zeA,The Mall Tavern,https://maps.google.com/?cid=16198732358366797808&g_mp=CiVnb29nbGUubWFwcy5wbGFjZXMudjEuUGxhY2VzLkdldFBsYWNlEAIYBCAA,"71 Palace Gardens Terrace, London W8 4RU, UK",,Greater London,England,United Kingdom,GB,W8 4RU,51.5084885,-0.19392199999999998,pub,"pub, bar, point_of_interest, establishment",OPERATIONAL,4.5,2175.0,PRICE_LEVEL_MODERATE,RESOLVED_FROM_URL
The Camberwell Arms,"Gran pub en camberwell. Muy bueno para date con muy buena comida y muy buen ambiente. Sirven aperitivos, vinos diferentes y esta separada la parte de restaurante y pub. Gran lugar!",https://www.google.com/maps/place/The+Camberwell+Arms/data=!4m2!3m1!1s0x4876037f4e67aca1:0xe0e6552a2be04399,,,London,visited,ChIJoaxnTn8DdkgRmUPgKypV5uA,The Camberwell Arms,https://maps.google.com/?cid=16205733948752413593&g_mp=CiVnb29nbGUubWFwcy5wbGFjZXMudjEuUGxhY2VzLkdldFBsYWNlEAIYBCAA,"65 Camberwell Church St, London SE5 8TR, UK",,Greater London,England,United Kingdom,GB,SE5 8TR,51.4737687,-0.0883342,pub,"pub, bar, restaurant, food, point_of_interest, establishment",OPERATIONAL,4.5,1173.0,PRICE_LEVEL_MODERATE,RESOLVED_FROM_URL
Grove House Tavern,Pub local en camberwell y sirven los sandwiches de cafe mondo. Muy cool para estar adentro o afuera para todo tipo de plan! ,https://www.google.com/maps/place/Grove+House+Tavern/data=!4m2!3m1!1s0x48760381f7b6ee6d:0x4e3a74cd2941f40f,,,London,visited,ChIJbe6294EDdkgRD_RBKc10Ok4,Grove House Tavern,https://maps.google.com/?cid=5636946308116902927&g_mp=CiVnb29nbGUubWFwcy5wbGFjZXMudjEuUGxhY2VzLkdldFBsYWNlEAIYBCAA,"26 Camberwell Grove, London SE5 8RE, UK",,Greater London,England,United Kingdom,GB,SE5 8RE,51.4721696,-0.08808819999999999,pub,"pub, bar, point_of_interest, establishment",OPERATIONAL,4.3,620.0,PRICE_LEVEL_MODERATE,RESOLVED_FROM_URL
Los Mochis Notting Hill,,https://www.google.com/maps/place/Los+Mochis+Notting+Hill/data=!4m2!3m1!1s0x48760f5b2b3c6ff7:0xe74911fd4ec778c3,,,London,visited,ChIJ9288K1sPdkgRw3jHTv0RSec,Los Mochis Notting Hill,https://maps.google.com/?cid=16665871675707324611&g_mp=CiVnb29nbGUubWFwcy5wbGFjZXMudjEuUGxhY2VzLkdldFBsYWNlEAIYBCAA,"2-4 Farmer St, London W8 7SN, UK",,Greater London,England,United Kingdom,GB,W8 7SN,51.5085267,-0.19712059999999998,mexican_restaurant,"mexican_restaurant, restaurant, food, point_of_interest, establishment",OPERATIONAL,4.5,2616.0,,RESOLVED_FROM_URL
Rooftop Cinema Club Peckham,,https://www.google.com/maps/place/Rooftop+Cinema+Club+Peckham/data=!4m2!3m1!1s0x487603a1a9981c29:0xfd3d218d62a85f9c,,,London,visited,ChIJKRyYqaEDdkgRnF-oYo0hPf0,Rooftop Cinema Club Peckham,https://maps.google.com/?cid=18247778156304424860&g_mp=CiVnb29nbGUubWFwcy5wbGFjZXMudjEuUGxhY2VzLkdldFBsYWNlEAIYBCAA,"Roof A, Bussey Building, 133 Rye Ln, London SE15 4ST, UK",,Greater London,England,United Kingdom,GB,SE15 4ST,51.469963199999995,-0.0671201,movie_theater,"movie_theater, event_venue, bar, point_of_interest, establishment",OPERATIONAL,4.8,1152.0,,RESOLVED_FROM_URL
The Ox,,https://www.google.com/maps/place/The+Ox/data=!4m2!3m1!1s0x487605c51a2b4b47:0x55f42d21b0297418,,,London,visited,ChIJR0srGsUFdkgRGHQpsCEt9FU,The Ox,https://maps.google.com/?cid=6193625010253952024&g_mp=CiVnb29nbGUubWFwcy5wbGFjZXMudjEuUGxhY2VzLkdldFBsYWNlEAIYBCAA,"50 Clapham High St, London SW4 7UL, UK",,Greater London,England,United Kingdom,GB,SW4 7UL,51.4639078,-0.1326155,gastropub,"gastropub, bar, restaurant, point_of_interest, food, establishment",OPERATIONAL,4.3,415.0,PRICE_LEVEL_MODERATE,RESOLVED_FROM_URL
Cafe Linea,,https://www.google.com/maps/place/Cafe+Linea/data=!4m2!3m1!1s0x4876057bf025c365:0x48df07ea798b8fd9,,,London,visited,ChIJZcMl8HsFdkgR2Y-LeeoH30g,Cafe Linea,https://maps.google.com/?cid=5250924394180218841&g_mp=CiVnb29nbGUubWFwcy5wbGFjZXMudjEuUGxhY2VzLkdldFBsYWNlEAIYBCAA,"90, duke of york square, London SW3 4LY, UK",,Greater London,England,United Kingdom,GB,SW3 4LY,51.491107299999996,-0.159291,restaurant,"pastry_shop, dessert_shop, confectionery, bar, bakery, food_store, restaurant, food, point_of_interest, store, establishment",OPERATIONAL,4.4,453.0,PRICE_LEVEL_MODERATE,RESOLVED_FROM_URL
Devonshire Arms Kensington,,https://www.google.com/maps/place/Devonshire+Arms+Kensington/data=!4m2!3m1!1s0x48760ff4614c42bb:0xfd7b1b6e6d8c4d95,,,London,visited,ChIJu0JMYfQPdkgRlU2MbW4be_0,Devonshire Arms Kensington,https://maps.google.com/?cid=18265222874829442453&g_mp=CiVnb29nbGUubWFwcy5wbGFjZXMudjEuUGxhY2VzLkdldFBsYWNlEAIYBCAA,"37 Marloes Rd, London W8 6LA, UK",,Greater London,England,United Kingdom,GB,W8 6LA,51.496815299999994,-0.19265089999999999,pub,"pub, bar, point_of_interest, establishment",OPERATIONAL,4.4,1869.0,PRICE_LEVEL_MODERATE,RESOLVED_FROM_URL
Wonton Charlie's,,https://www.google.com/maps/place/Wonton+Charlie's/data=!4m2!3m1!1s0x48761d32ff23b1ab:0x613f2aff5e885739,,,London,visited,ChIJq7Ej_zIddkgROVeIXv8qP2E,Wonton Charlie's Noodle Soup Restaurant London Fields,https://maps.google.com/?cid=7007366821502801721&g_mp=CiVnb29nbGUubWFwcy5wbGFjZXMudjEuUGxhY2VzLkdldFBsYWNlEAIYBCAA,"392-393 Mentmore Terrace, London E8 3PH, UK",,Greater London,England,United Kingdom,GB,E8 3PH,51.5409711,-0.057650200000000006,cantonese_restaurant,"cantonese_restaurant, dumpling_restaurant, noodle_shop, meal_takeaway, chinese_restaurant, restaurant, food, point_of_interest, establishment",OPERATIONAL,3.9,107.0,,RESOLVED_FROM_URL
Hagen Espresso Bar (Hagen Belgravia),,https://www.google.com/maps/place/Hagen+Espresso+Bar+(Hagen+Belgravia)/data=!4m2!3m1!1s0x487605314f1e5e1b:0x82a48a138ac51e97,,,London,visited,ChIJG14eTzEFdkgRlx7FihOKpII,Hagen Espresso Bar (Hagen Belgravia),https://maps.google.com/?cid=9413800937648365207&g_mp=CiVnb29nbGUubWFwcy5wbGFjZXMudjEuUGxhY2VzLkdldFBsYWNlEAIYBCAA,"30a Pimlico Rd, London SW1W 8LJ, UK",,Greater London,England,United Kingdom,GB,SW1W 8LJ,51.4908333,-0.1521667,coffee_shop,"coffee_shop, cafe, food_store, store, food, point_of_interest, establishment",OPERATIONAL,4.5,318.0,PRICE_LEVEL_INEXPENSIVE,RESOLVED_FROM_URL
Cafe Kowloon,,https://www.google.com/maps/place/Cafe+Kowloon/data=!4m2!3m1!1s0x48761ddb88949213:0xac803f23d8f8cd3f,,,London,visited,ChIJE5KUiNsddkgRP8342CM_gKw,Cafe Kowloon - Modern Cantonese Restaurant,https://maps.google.com/?cid=12430004394739158335&g_mp=CiVnb29nbGUubWFwcy5wbGFjZXMudjEuUGxhY2VzLkdldFBsYWNlEAIYBCAA,"392-393 Mentmore Terrace, London E8 3PH, UK",,Greater London,England,United Kingdom,GB,E8 3PH,51.5409711,-0.057650200000000006,cantonese_restaurant,"cantonese_restaurant, chinese_restaurant, restaurant, food, point_of_interest, establishment",OPERATIONAL,4.4,163.0,,RESOLVED_FROM_URL
Jolene Redchurch Street,,https://www.google.com/maps/place/Jolene+Redchurch+Street/data=!4m2!3m1!1s0x48761d5419f8081b:0x7fc417d07ef391c0,,,London,visited,ChIJGwj4GVQddkgRwJHzftAXxH8,Jolene Redchurch Street,https://maps.google.com/?cid=9206509722502664640&g_mp=CiVnb29nbGUubWFwcy5wbGFjZXMudjEuUGxhY2VzLkdldFBsYWNlEAIYBCAA,"67 Redchurch St, London E2 7DJ, UK",,Greater London,England,United Kingdom,GB,E2 7DJ,51.524557800000004,-0.0743051,bakery,"bakery, food_store, store, point_of_interest, food, establishment",OPERATIONAL,4.4,489.0,PRICE_LEVEL_INEXPENSIVE,RESOLVED_FROM_URL
The Knave of Clubs,Muy buen pub,https://www.google.com/maps/place/The+Knave+of+Clubs/data=!4m2!3m1!1s0x48761cb71267af4d:0xa10a333a3ad70129,,,London,visited,ChIJTa9nErccdkgRKQHXOjozCqE,The Knave of Clubs,https://maps.google.com/?cid=11604143715061793065&g_mp=CiVnb29nbGUubWFwcy5wbGFjZXMudjEuUGxhY2VzLkdldFBsYWNlEAIYBCAA,"25 Bethnal Grn Rd, London E1 6HT, UK",,Greater London,England,United Kingdom,GB,E1 6HT,51.523987299999995,-0.07420979999999999,pub,"pub, bar, point_of_interest, establishment",OPERATIONAL,4.7,312.0,PRICE_LEVEL_MODERATE,RESOLVED_FROM_URL
"Popin - Coffee, Deli & Groceries",Tiendita linda,"https://www.google.com/maps/place/Popin+-+Coffee,+Deli+%26+Groceries/data=!4m2!3m1!1s0x487605738469506d:0x5871f568abbef448",,,London,visited,ChIJbVBphHMFdkgRSPS-q2j1cVg,"Popin - Coffee, Sandwiches & Deli",https://maps.google.com/?cid=6373144777612784712&g_mp=CiVnb29nbGUubWFwcy5wbGFjZXMudjEuUGxhY2VzLkdldFBsYWNlEAIYBCAA,"127 Northcote Rd, London SW11 6PS, UK",,Greater London,England,United Kingdom,GB,SW11 6PS,51.4562859,-0.1651541,coffee_shop,"coffee_shop, gift_shop, sandwich_shop, grocery_store, deli, cafe, food_store, store, restaurant, food, point_of_interest, establishment",OPERATIONAL,4.8,27.0,PRICE_LEVEL_INEXPENSIVE,RESOLVED_FROM_URL
Where's Fred's,,https://www.google.com/maps/place/Where's+Fred's/data=!4m2!3m1!1s0x487603d2e9efb5c5:0xf7c2e569bee5336a,,,London,visited,ChIJxbXv6dIDdkgRajPlvmnlwvc,Where's Fred's,https://maps.google.com/?cid=17853084115187086186&g_mp=CiVnb29nbGUubWFwcy5wbGFjZXMudjEuUGxhY2VzLkdldFBsYWNlEAIYBCAA,"7 Frederick's Pl, London EC2R 8EA, UK",,Greater London,England,United Kingdom,GB,EC2R 8EA,51.514110699999996,-0.0912236,restaurant,"restaurant, wine_bar, bar, coffee_shop, cafe, food_store, food, store, point_of_interest, establishment",OPERATIONAL,4.5,232.0,PRICE_LEVEL_MODERATE,RESOLVED_FROM_URL
Hanbaagaasuuteeki,,https://www.google.com/maps/place/Hanbaagaasuuteeki/data=!4m2!3m1!1s0x487605003bfeea69:0x5f37f7246fd725a8,,,London,visited,ChIJaer-OwAFdkgRqCXXbyT3N18,Hanbaagaasuuteeki,https://maps.google.com/?cid=6861224293189494184&g_mp=CiVnb29nbGUubWFwcy5wbGFjZXMudjEuUGxhY2VzLkdldFBsYWNlEAIYBCAA,"36 Buckingham Palace Rd, London SW1W 0RE, UK",,Greater London,England,United Kingdom,GB,SW1W 0RE,51.497243,-0.1447387,hamburger_restaurant,"hamburger_restaurant, american_restaurant, restaurant, point_of_interest, food, establishment",OPERATIONAL,4.7,1242.0,PRICE_LEVEL_MODERATE,RESOLVED_FROM_URL
WatchHouse Hanover,,https://www.google.com/maps/place/WatchHouse+Hanover/data=!4m2!3m1!1s0x4876055ecc798819:0x57110cdfb3505d6c,,,London,visited,ChIJGYh5zF4FdkgRbF1Qs98MEVc,WatchHouse Hanover,https://maps.google.com/?cid=6273809910829440364&g_mp=CiVnb29nbGUubWFwcy5wbGFjZXMudjEuUGxhY2VzLkdldFBsYWNlEAIYBCAA,"2-3, Medici Court, London W1S 1BR, UK",,Greater London,England,United Kingdom,GB,W1S 1BR,51.513726899999995,-0.1451025,coffee_shop,"coffee_shop, cafe, food_store, store, food, point_of_interest, establishment",OPERATIONAL,4.5,1247.0,PRICE_LEVEL_INEXPENSIVE,RESOLVED_FROM_URL
Marjorie's,,https://www.google.com/maps/place/Marjorie's/data=!4m2!3m1!1s0x4876059b6037e591:0x14c911aa3dd64969,,,London,visited,ChIJkeU3YJsFdkgRaUnWPaoRyRQ,Marjorie's,https://maps.google.com/?cid=1497747773956966761&g_mp=CiVnb29nbGUubWFwcy5wbGFjZXMudjEuUGxhY2VzLkdldFBsYWNlEAIYBCAA,"26 Foubert's Pl, Carnaby, London W1F 7PP, UK",Carnaby,Greater London,England,United Kingdom,GB,W1F 7PP,51.5137271,-0.139124,restaurant,"restaurant, food, point_of_interest, establishment",OPERATIONAL,4.5,218.0,PRICE_LEVEL_MODERATE,RESOLVED_FROM_URL
Hidden Grooves,,https://www.google.com/maps/place/Hidden+Grooves/data=!4m2!3m1!1s0x48761d000ddcaa7d:0x7349c2c72dba0da4,,,London,visited,ChIJfarcDQAddkgRpA26LcfCSXM,Hidden Grooves,https://maps.google.com/?cid=8307385148383038884&g_mp=CiVnb29nbGUubWFwcy5wbGFjZXMudjEuUGxhY2VzLkdldFBsYWNlEAIYBCAA,"45 Curtain Rd, London EC2A 3PT, UK",,Greater London,England,United Kingdom,GB,EC2A 3PT,51.5238211,-0.0805467,bar,"bar, cocktail_bar, point_of_interest, establishment",OPERATIONAL,4.5,72.0,PRICE_LEVEL_MODERATE,RESOLVED_FROM_URL
Lagana,,https://www.google.com/maps/place/Lagana/data=!4m2!3m1!1s0x48761d14904cb057:0x225c79e31ffaf0d8,,,London,visited,ChIJV7BMkBQddkgR2PD6H-N5XCI,Lagana,https://maps.google.com/?cid=2475987911548006616&g_mp=CiVnb29nbGUubWFwcy5wbGFjZXMudjEuUGxhY2VzLkdldFBsYWNlEAIYBCAA,"19 Willow St, London EC2A 3HU, UK",,Greater London,England,United Kingdom,GB,EC2A 3HU,51.5252276,-0.0823184,greek_restaurant,"greek_restaurant, restaurant, food, point_of_interest, establishment",OPERATIONAL,4.6,507.0,PRICE_LEVEL_MODERATE,RESOLVED_FROM_URL
Taq,,https://www.google.com/maps/place/Taq/data=!4m2!3m1!1s0x487611005b50d56f:0x260b9c1412ffa4a,,,London,visited,ChIJb9VQWwARdkgRSvovQcG5YAI,Taq,https://maps.google.com/?cid=171341025513568842&g_mp=CiVnb29nbGUubWFwcy5wbGFjZXMudjEuUGxhY2VzLkdldFBsYWNlEAIYBCAA,"141 Westbourne Grove, London W11 2RS, UK",,Greater London,England,United Kingdom,GB,W11 2RS,51.51483090000001,-0.19591499999999998,restaurant,"restaurant, food, point_of_interest, establishment",OPERATIONAL,4.5,285.0,PRICE_LEVEL_MODERATE,RESOLVED_FROM_URL
A Bar with Shapes for a Name,,https://www.google.com/maps/place/A+Bar+with+Shapes+for+a+Name/data=!4m2!3m1!1s0x48761d62f3361eaf:0x4008bf508ccde14d,,,London,visited,ChIJrx4282IddkgRTeHNjFC_CEA,A Bar with Shapes for a Name,https://maps.google.com/?cid=4614148170921664845&g_mp=CiVnb29nbGUubWFwcy5wbGFjZXMudjEuUGxhY2VzLkdldFBsYWNlEAIYBCAA,"232 Kingsland Rd, Whitmore Estate, London E2 8AX, UK",Whitmore Estate,Greater London,England,United Kingdom,GB,E2 8AX,51.5356735,-0.0767291,cocktail_bar,"cocktail_bar, cafe, bar, event_venue, food, point_of_interest, establishment",OPERATIONAL,4.6,937.0,PRICE_LEVEL_MODERATE,RESOLVED_FROM_URL
Lucia's,,https://www.google.com/maps/place/Lucia's/data=!4m2!3m1!1s0x48761d002ec82b4d:0x81d6277e7d23c0bb,,,London,visited,ChIJTSvILgAddkgRu8AjfX4n1oE,Lucia's,https://maps.google.com/?cid=9355708700127641787&g_mp=CiVnb29nbGUubWFwcy5wbGFjZXMudjEuUGxhY2VzLkdldFBsYWNlEAIYBCAA,"43 White Post Ln, London E9 5EN, UK",,Greater London,England,United Kingdom,GB,E9 5EN,51.5430673,-0.0235713,taco_restaurant,"taco_restaurant, restaurant, food, point_of_interest, establishment",OPERATIONAL,4.7,443.0,PRICE_LEVEL_MODERATE,RESOLVED_FROM_URL
CRATE Bar & Pizzeria Hackney Wick,,https://www.google.com/maps/place/CRATE+Bar+%26+Pizzeria+Hackney+Wick/data=!4m2!3m1!1s0x48761d6cc179a7cf:0xf10e028226dd377e,,,London,visited,ChIJz6d5wWwddkgRfjfdJoICDvE,CRATE Bar & Pizzeria Hackney Wick,https://maps.google.com/?cid=17369823570835617662&g_mp=CiVnb29nbGUubWFwcy5wbGFjZXMudjEuUGxhY2VzLkdldFBsYWNlEAIYBCAA,"Unit 7 Queen's Yard, London E9 5EN, UK",,Greater London,England,United Kingdom,GB,E9 5EN,51.5429436,-0.0221367,bar,"bar, beer_garden, pizza_restaurant, event_venue, restaurant, food, point_of_interest, establishment",OPERATIONAL,4.5,2406.0,PRICE_LEVEL_MODERATE,RESOLVED_FROM_URL
The Two Brewers,,https://www.google.com/maps/place/The+Two+Brewers/data=!4m2!3m1!1s0x48767afb221e3157:0x5fe1ec3c489edee4,,,London,visited,ChIJVzEeIvt6dkgR5N6eSDzs4V8,The Two Brewers,https://maps.google.com/?cid=6909063047023615716&g_mp=CiVnb29nbGUubWFwcy5wbGFjZXMudjEuUGxhY2VzLkdldFBsYWNlEAIYBCAA,"34 Park St, Windsor SL4 1LB, UK",,Berkshire,England,United Kingdom,GB,SL4 1LB,51.48047390000001,-0.6041388,pub,"pub, bar, restaurant, food, point_of_interest, establishment",OPERATIONAL,4.5,1768.0,PRICE_LEVEL_MODERATE,RESOLVED_FROM_URL
It's Bagels Primrose Hill,,https://www.google.com/maps/place/It's+Bagels+Primrose+Hill/data=!4m2!3m1!1s0x48761b0d04dd3f67:0xfb4c147087661575,,,London,visited,ChIJZz_dBA0bdkgRdRVmh3AUTPs,It's Bagels Primrose Hill,https://maps.google.com/?cid=18107870675290428789&g_mp=CiVnb29nbGUubWFwcy5wbGFjZXMudjEuUGxhY2VzLkdldFBsYWNlEAIYBCAA,"65 Regent's Park Rd, London NW1 8XD, UK",,Greater London,England,United Kingdom,GB,NW1 8XD,51.5410091,-0.15759589999999998,bagel_shop,"bagel_shop, coffee_shop, meal_takeaway, cafe, brunch_restaurant, breakfast_restaurant, bakery, food_store, store, restaurant, food, point_of_interest, establishment",OPERATIONAL,4.5,1525.0,PRICE_LEVEL_MODERATE,RESOLVED_FROM_URL
MOTH Club,,https://www.google.com/maps/place/MOTH+Club/data=!4m2!3m1!1s0x48761ce4c41f26d3:0xc0d56d30ff53f675,,,London,visited,ChIJ0yYfxOQcdkgRdfZT_zBt1cA,MOTH Club,https://maps.google.com/?cid=13895132282531083893&g_mp=CiVnb29nbGUubWFwcy5wbGFjZXMudjEuUGxhY2VzLkdldFBsYWNlEAIYBCAA,"Valette St, London E9 6NU, UK",,Greater London,England,United Kingdom,GB,E9 6NU,51.5457494,-0.0545996,bar,"live_music_venue, bar, event_venue, association_or_organization, point_of_interest, establishment",OPERATIONAL,4.5,1166.0,PRICE_LEVEL_MODERATE,RESOLVED_FROM_URL
Ria's,,https://www.google.com/maps/place/Ria's/data=!4m2!3m1!1s0x487611c8842cff15:0xa6ab6703fef50896,,,London,visited,ChIJFf8shMgRdkgRlgj1_gNnq6Y,Ria's,https://maps.google.com/?cid=12009806098173593750&g_mp=CiVnb29nbGUubWFwcy5wbGFjZXMudjEuUGxhY2VzLkdldFBsYWNlEAIYBCAA,"29 All Saints Rd, London W11 1HE, UK",,Greater London,England,United Kingdom,GB,W11 1HE,51.518448400000004,-0.20425920000000003,pizza_restaurant,"pizza_restaurant, restaurant, food, point_of_interest, establishment",OPERATIONAL,4.4,643.0,PRICE_LEVEL_MODERATE,RESOLVED_FROM_URL
Aragon House,Pub con terraza increible,https://www.google.com/maps/place/Aragon+House/data=!4m2!3m1!1s0x48760fa276181f67:0x1dbc6ea20d2b78df,,,London,visited,ChIJZx8YdqIPdkgR33grDaJuvB0,Aragon House,https://maps.google.com/?cid=2142709165006223583&g_mp=CiVnb29nbGUubWFwcy5wbGFjZXMudjEuUGxhY2VzLkdldFBsYWNlEAIYBCAA,"247 New Kings Rd, London SW6 4XG, UK",,Greater London,England,United Kingdom,GB,SW6 4XG,51.4724991,-0.2005312,pub,"pub, wedding_venue, beer_garden, event_venue, bar, service, restaurant, point_of_interest, food, establishment",OPERATIONAL,4.6,132.0,PRICE_LEVEL_MODERATE,RESOLVED_FROM_URL
Pappa Ciccia,Buena pizza para take away,https://www.google.com/maps/place/Pappa+Ciccia/data=!4m2!3m1!1s0x48760f9f0554af5b:0xb339d2676a155fa2,,,London,visited,ChIJW69UBZ8PdkgRol8VamfSObM,Pappa Ciccia,https://maps.google.com/?cid=12914584748064858018&g_mp=CiVnb29nbGUubWFwcy5wbGFjZXMudjEuUGxhY2VzLkdldFBsYWNlEAIYBCAA,"105 Munster Rd, London SW6 5RQ, UK",,Greater London,England,United Kingdom,GB,SW6 5RQ,51.476072699999996,-0.2092024,pizza_restaurant,"pizza_restaurant, pizza_delivery, catering_service, meal_delivery, food_delivery, grocery_store, italian_restaurant, meal_takeaway, food_store, store, service, restaurant, food, point_of_interest, establishment",OPERATIONAL,4.6,701.0,PRICE_LEVEL_MODERATE,RESOLVED_FROM_URL
The Princess Royal Pub & Boutique Hotel Notting Hill,,https://www.google.com/maps/place/The+Princess+Royal+Pub+%26+Boutique+Hotel+Notting+Hill/data=!4m2!3m1!1s0x487610021b5df5a1:0x5cf37bdb30b9451e,,,London,visited,ChIJofVdGwIQdkgRHkW5MNt781w,The Princess Royal Pub & Boutique Hotel Notting Hill,https://maps.google.com/?cid=6697833252175562014&g_mp=CiVnb29nbGUubWFwcy5wbGFjZXMudjEuUGxhY2VzLkdldFBsYWNlEAIYBCAA,"47 Hereford Rd, London W2 5AH, UK",,Greater London,England,United Kingdom,GB,W2 5AH,51.515586,-0.19433599999999998,pub,"pub, gastropub, bar, hotel, lodging, restaurant, food, point_of_interest, establishment",OPERATIONAL,4.4,685.0,,RESOLVED_FROM_URL
AGORA souvla bar,,https://www.google.com/maps/place/AGORA+souvla+bar/data=!4m2!3m1!1s0x48760355467ce93b:0x1aeee3ddc86c07b5,,,London,visited,ChIJO-l8RlUDdkgRtQdsyN3j7ho,AGORA souvla bar,https://maps.google.com/?cid=1940739031133063093&g_mp=CiVnb29nbGUubWFwcy5wbGFjZXMudjEuUGxhY2VzLkdldFBsYWNlEAIYBCAA,"4 Bedale St, London SE1 9AL, UK",,Greater London,England,United Kingdom,GB,SE1 9AL,51.505369,-0.08999159999999999,restaurant,"restaurant, point_of_interest, food, establishment",OPERATIONAL,4.6,1282.0,PRICE_LEVEL_MODERATE,RESOLVED_FROM_URL
B Bagel,,https://www.google.com/maps/place/B+Bagel/data=!4m2!3m1!1s0x4876056364e36f0f:0x889aec2a11393685,,,London,visited,ChIJD2_jZGMFdkgRhTY5ESrsmog,B Bagel,https://maps.google.com/?cid=9843439600993384069&g_mp=CiVnb29nbGUubWFwcy5wbGFjZXMudjEuUGxhY2VzLkdldFBsYWNlEAIYBCAA,"236D Fulham Rd., London SW10 9NB, UK",,Greater London,England,United Kingdom,GB,SW10 9NB,51.4852,-0.182417,bagel_shop,"bagel_shop, sandwich_shop, coffee_shop, cafe, bakery, supplier, food_store, manufacturer, store, restaurant, food, point_of_interest, establishment",OPERATIONAL,4.8,2556.0,PRICE_LEVEL_INEXPENSIVE,RESOLVED_FROM_URL
La Fromagerie,,https://www.google.com/maps/place/La+Fromagerie/data=!4m2!3m1!1s0x48761ad20372fc43:0x1757998f7724c280,,,London,visited,ChIJQ_xyA9IadkgRgMIkd4-ZVxc,La Fromagerie,https://maps.google.com/?cid=1681981827304440448&g_mp=CiVnb29nbGUubWFwcy5wbGFjZXMudjEuUGxhY2VzLkdldFBsYWNlEAIYBCAA,"2-6 Moxon St, London W1U 4EW, UK",,Greater London,England,United Kingdom,GB,W1U 4EW,51.519882499999994,-0.1523168,restaurant,"restaurant, coffee_shop, cafe, liquor_store, food_store, store, food, point_of_interest, establishment",OPERATIONAL,4.5,880.0,PRICE_LEVEL_MODERATE,RESOLVED_FROM_URL
Crunch - sandwich[up]rising,,https://www.google.com/maps/place/Crunch+-+sandwich%5Bup%5Drising/data=!4m2!3m1!1s0x487605514ffcd71b:0x726ad1fc9059863d,,,London,visited,ChIJG9f8T1EFdkgRPYZZkPzRanI,Crunch - sandwich[up]rising,https://maps.google.com/?cid=8244632950538864189&g_mp=CiVnb29nbGUubWFwcy5wbGFjZXMudjEuUGxhY2VzLkdldFBsYWNlEAIYBCAA,"60 Dean St, London W1D 6AW, UK",,Greater London,England,United Kingdom,GB,W1D 6AW,51.5128212,-0.1320505,sandwich_shop,"sandwich_shop, restaurant, food, point_of_interest, establishment",OPERATIONAL,4.5,1100.0,PRICE_LEVEL_INEXPENSIVE,RESOLVED_FROM_URL
Brat x Climpson's Arch,,https://www.google.com/maps/place/Brat+x+Climpson's+Arch/data=!4m2!3m1!1s0x48761dd50689a233:0xd7e85b76f70f8f98,,,London,visited,ChIJM6KJBtUddkgRmI8P93Zb6Nc,Brat x Climpson's Arch,https://maps.google.com/?cid=15557785479260639128&g_mp=CiVnb29nbGUubWFwcy5wbGFjZXMudjEuUGxhY2VzLkdldFBsYWNlEAIYBCAA,"374 Helmsley Pl, London E8 3SB, UK",,Greater London,England,United Kingdom,GB,E8 3SB,51.539560599999994,-0.058389500000000004,restaurant,"restaurant, point_of_interest, food, establishment",OPERATIONAL,4.3,846.0,,RESOLVED_FROM_URL
Mad Cats,,https://www.google.com/maps/place/Mad+Cats/data=!4m2!3m1!1s0x48761d075a3f37d5:0x29664a8094ef8b1b,,,London,visited,ChIJ1Tc_WgcddkgRG4vvlIBKZik,Mad Cats,https://maps.google.com/?cid=2983153719294528283&g_mp=CiVnb29nbGUubWFwcy5wbGFjZXMudjEuUGxhY2VzLkdldFBsYWNlEAIYBCAA,"107 Redchurch St, London E2 7DL, UK",,Greater London,England,United Kingdom,GB,E2 7DL,51.5248499,-0.0724119,restaurant,"restaurant, cocktail_bar, bar, food, point_of_interest, establishment",OPERATIONAL,4.7,276.0,PRICE_LEVEL_MODERATE,RESOLVED_FROM_URL
Josephine Bouchon - Chelsea,Buenísimo frances,https://www.google.com/maps/place/Josephine+Bouchon+-+Chelsea/data=!4m2!3m1!1s0x4876050049d1ec0d:0xe43cc0c98587981a,,,London,visited,ChIJDezRSQAFdkgRGpiHhcnAPOQ,Josephine Bouchon - Chelsea,https://maps.google.com/?cid=16446231911011424282&g_mp=CiVnb29nbGUubWFwcy5wbGFjZXMudjEuUGxhY2VzLkdldFBsYWNlEAIYBCAA,"315A Fulham Rd., London SW10 9QH, UK",,Greater London,England,United Kingdom,GB,SW10 9QH,51.486561800000004,-0.1794704,french_restaurant,"french_restaurant, restaurant, food, point_of_interest, establishment",OPERATIONAL,4.1,481.0,,RESOLVED_FROM_URL
District - Battersea Park,Lugar deli para trabajar ,https://www.google.com/maps/place/District+-+Battersea+Park/data=!4m2!3m1!1s0x487605270392b365:0x875cbc96eae973f7,,,London,visited,ChIJZbOSAycFdkgR93Pp6pa8XIc,District - Battersea Park,https://maps.google.com/?cid=9753878249349936119&g_mp=CiVnb29nbGUubWFwcy5wbGFjZXMudjEuUGxhY2VzLkdldFBsYWNlEAIYBCAA,"49 Parkgate Rd, London SW11 4NP, UK",,Greater London,England,United Kingdom,GB,SW11 4NP,51.479194299999996,-0.16699699999999998,cafe,"cafe, wine_bar, bar, food, point_of_interest, establishment",OPERATIONAL,4.6,233.0,PRICE_LEVEL_INEXPENSIVE,RESOLVED_FROM_URL
BookBar Chelsea,Libreria para leer o trabajar con cafesito muy agusto,https://www.google.com/maps/place/BookBar+Chelsea/data=!4m2!3m1!1s0x487605b4d11b3eef:0x128b3f1cc890087f,,,London,visited,ChIJ7z4b0bQFdkgRfwiQyBw_ixI,BookBar Chelsea,https://maps.google.com/?cid=1336231107302000767&g_mp=CiVnb29nbGUubWFwcy5wbGFjZXMudjEuUGxhY2VzLkdldFBsYWNlEAIYBCAA,"11 Chelsea Manor St, London SW3 3TW, UK",,Greater London,England,United Kingdom,GB,SW3 3TW,51.4880674,-0.1679329,book_store,"book_store, coffee_shop, cafe, food_store, food, store, point_of_interest, establishment",OPERATIONAL,4.8,117.0,,RESOLVED_FROM_URL
New Forms,Bar y cafe muy agusto para platicar. El matcha esta deli! Tienen viniles y musica con audio muy pro,https://www.google.com/maps/place/New+Forms/data=!4m2!3m1!1s0x487605dd70c906c3:0xc032c01ca696e02c,,,London,visited,ChIJwwbJcN0FdkgRLOCWphzAMsA,New Forms,https://maps.google.com/?cid=13849343033404219436&g_mp=CiVnb29nbGUubWFwcy5wbGFjZXMudjEuUGxhY2VzLkdldFBsYWNlEAIYBCAA,"9 Chelsea Manor St, London SW3 3TW, UK",,Greater London,England,United Kingdom,GB,SW3 3TW,51.488168699999996,-0.16801900000000003,cocktail_bar,"cocktail_bar, event_venue, bar, store, point_of_interest, establishment",OPERATIONAL,4.8,92.0,PRICE_LEVEL_MODERATE,RESOLVED_FROM_URL
ACRE,Comida deli! El toast de ostiones uff,https://www.google.com/maps/place/ACRE/data=!4m2!3m1!1s0x4876111056f8d687:0xa5f8696374cee5fb,,,London,visited,ChIJh9b4VhARdkgR--XOdGNp-KU,ACRE,https://maps.google.com/?cid=11959424686364747259&g_mp=CiVnb29nbGUubWFwcy5wbGFjZXMudjEuUGxhY2VzLkdldFBsYWNlEAIYBCAA,"60 Golborne Rd, London W10 5PR, UK",,Greater London,England,United Kingdom,GB,W10 5PR,51.5224219,-0.2080272,restaurant,"restaurant, food, point_of_interest, establishment",OPERATIONAL,4.2,154.0,PRICE_LEVEL_EXPENSIVE,RESOLVED_FROM_URL
The Faltering Fullback,Pub para ver deportes y hay comida thai,https://www.google.com/maps/place/The+Faltering+Fullback/data=!4m2!3m1!1s0x48761b90611aa6a9:0xdbcd51b011b3430c,,,London,visited,ChIJqaYaYZAbdkgRDEOzEbBRzds,The Faltering Fullback,https://maps.google.com/?cid=15838405281184957196&g_mp=CiVnb29nbGUubWFwcy5wbGFjZXMudjEuUGxhY2VzLkdldFBsYWNlEAIYBCAA,"19 Perth Rd, Finsbury Park, London N4 3HB, UK",Finsbury Park,Greater London,England,United Kingdom,GB,N4 3HB,51.568549999999995,-0.10820969999999999,irish_pub,"irish_pub, pub, bar, restaurant, food, point_of_interest, establishment",OPERATIONAL,4.5,3430.0,PRICE_LEVEL_MODERATE,RESOLVED_FROM_URL
Over Under Coffee,,https://www.google.com/maps/place/Over+Under+Coffee/data=!4m2!3m1!1s0x48760f8b68e4904f:0xf4bc8f5e12c977e9,,,London,visited,ChIJT5DkaIsPdkgR6XfJEl6PvPQ,Over Under Coffee,https://maps.google.com/?cid=17635127875080910825&g_mp=CiVnb29nbGUubWFwcy5wbGFjZXMudjEuUGxhY2VzLkdldFBsYWNlEAIYBCAA,"181A Earls Ct Rd, London SW5 9RD, UK",,Greater London,England,United Kingdom,GB,SW5 9RD,51.492406599999995,-0.1929628,coffee_shop,"coffee_shop, breakfast_restaurant, brunch_restaurant, cafe, food_store, store, restaurant, food, point_of_interest, establishment",OPERATIONAL,4.2,1246.0,PRICE_LEVEL_MODERATE,RESOLVED_FROM_URL
FILTRD,,https://www.google.com/maps/place/FILTRD/data=!4m2!3m1!1s0x4876053afa7b5da5:0xd6859bfa86f1c7c6,,,London,visited,ChIJpV17-joFdkgRxsfxhvqbhdY,FILTRD,https://maps.google.com/?cid=15457932796327217094&g_mp=CiVnb29nbGUubWFwcy5wbGFjZXMudjEuUGxhY2VzLkdldFBsYWNlEAIYBCAA,"51-53 Shelton St, London WC2H 9JU, UK",,Greater London,England,United Kingdom,GB,WC2H 9JU,51.514463899999996,-0.12401409999999999,cafe,"cafe, brunch_restaurant, coffee_shop, food_store, store, restaurant, food, point_of_interest, establishment",OPERATIONAL,4.2,204.0,PRICE_LEVEL_INEXPENSIVE,RESOLVED_FROM_URL
Eel Sushi Bar,Deli el winter menu! Super calidad,https://www.google.com/maps/place/Eel+Sushi+Bar/data=!4m2!3m1!1s0x487611001bbbe42d:0xd552e77a435971e5,,,London,visited,ChIJLeS7GwARdkgR5XFZQ3rnUtU,Eel Sushi Bar,https://maps.google.com/?cid=15371602990470885861&g_mp=CiVnb29nbGUubWFwcy5wbGFjZXMudjEuUGxhY2VzLkdldFBsYWNlEAIYBCAA,"118 Talbot Rd, London W11 1JR, UK",,Greater London,England,United Kingdom,GB,W11 1JR,51.5168417,-0.2007619,japanese_restaurant,"japanese_restaurant, restaurant, food, point_of_interest, establishment",OPERATIONAL,3.8,240.0,,RESOLVED_FROM_URL
Story Coffee - Brunch and Cafe,,https://www.google.com/maps/place/Story+Coffee+-+Brunch+and+Cafe/data=!4m2!3m1!1s0x48760f1f3bcc62b9:0xd70f0879442a3cc7,,,London,visited,ChIJuWLMOx8PdkgRxzwqRHkID9c,Story Coffee,https://maps.google.com/?cid=15496614159732849863&g_mp=CiVnb29nbGUubWFwcy5wbGFjZXMudjEuUGxhY2VzLkdldFBsYWNlEAIYBCAA,"Ram Quarter, 15 Barley Walk, London SW18 1UL, UK",,Greater London,England,United Kingdom,GB,SW18 1UL,51.45718900000001,-0.19350789999999998,coffee_shop,"coffee_shop, brunch_restaurant, cake_shop, breakfast_restaurant, cafe, pastry_shop, dessert_shop, confectionery, bakery, food_store, manufacturer, store, wholesaler, restaurant, food, point_of_interest, service, establishment",OPERATIONAL,4.0,807.0,PRICE_LEVEL_MODERATE,RESOLVED_FROM_URL
It's Bagels Notting Hill,,https://www.google.com/maps/place/It's+Bagels+Notting+Hill/data=!4m2!3m1!1s0x48760f629ff54ba5:0xbefb0767cac3af92,,,London,visited,ChIJpUv1n2IPdkgRkq_DymcH-74,It's Bagels Notting Hill,https://maps.google.com/?cid=13761601228725530514&g_mp=CiVnb29nbGUubWFwcy5wbGFjZXMudjEuUGxhY2VzLkdldFBsYWNlEAIYBCAA,"120 Kensington Park Rd, London W11 2PW, UK",,Greater London,England,United Kingdom,GB,W11 2PW,51.513119599999996,-0.20396689999999998,bagel_shop,"bagel_shop, brunch_restaurant, coffee_shop, breakfast_restaurant, meal_takeaway, cafe, bakery, food_store, store, restaurant, food, point_of_interest, establishment",OPERATIONAL,4.2,850.0,PRICE_LEVEL_MODERATE,RESOLVED_FROM_URL
Dove Restaurant,,https://www.google.com/maps/place/Dove+Restaurant/data=!4m2!3m1!1s0x4876118aacddb611:0x12530b5e47bc4324,,,London,visited,ChIJEbbdrIoRdkgRJEO8R14LUxI,Dove Restaurant,https://maps.google.com/?cid=1320411615308038948&g_mp=CiVnb29nbGUubWFwcy5wbGFjZXMudjEuUGxhY2VzLkdldFBsYWNlEAIYBCAA,"31 Kensington Park Rd, London W11 2EU, UK",,Greater London,England,United Kingdom,GB,W11 2EU,51.51539210000001,-0.20593619999999999,british_restaurant,"british_restaurant, restaurant, food, point_of_interest, establishment",OPERATIONAL,4.4,810.0,PRICE_LEVEL_EXPENSIVE,RESOLVED_FROM_URL
Dorian Restaurant,La mejor carne del mundo por mucho,https://www.google.com/maps/place/Dorian+Restaurant/data=!4m2!3m1!1s0x48761165d6785947:0x13c5c116da4ae866,,,London,visited,ChIJR1l41mURdkgRZuhK2hbBxRM,Dorian Restaurant,https://maps.google.com/?cid=1424757161028413542&g_mp=CiVnb29nbGUubWFwcy5wbGFjZXMudjEuUGxhY2VzLkdldFBsYWNlEAIYBCAA,"105, 107 Talbot Rd, London W11 2AT, UK",,Greater London,England,United Kingdom,GB,W11 2AT,51.516601599999994,-0.2006305,restaurant,"restaurant, point_of_interest, food, establishment",OPERATIONAL,3.8,719.0,PRICE_LEVEL_VERY_EXPENSIVE,RESOLVED_FROM_URL
"The Holland, Kensington",Gastropub local deli y muy agusto,"https://www.google.com/maps/place/The+Holland,+Kensington/data=!4m2!3m1!1s0x48760f83be90b989:0x2bb23347c964bd2b",,,London,visited,ChIJibmQvoMPdkgRK71kyUczsis,"The Holland, Kensington",https://maps.google.com/?cid=3148635472899915051&g_mp=CiVnb29nbGUubWFwcy5wbGFjZXMudjEuUGxhY2VzLkdldFBsYWNlEAIYBCAA,"25 Earls Ct Rd, London W8 6EB, UK",,Greater London,England,United Kingdom,GB,W8 6EB,51.498177999999996,-0.1978859,gastropub,"gastropub, bar, restaurant, point_of_interest, food, establishment",OPERATIONAL,4.6,291.0,PRICE_LEVEL_MODERATE,RESOLVED_FROM_URL
Compane,,https://www.google.com/maps/place/Compane/data=!4m2!3m1!1s0x48761b08aba486b5:0x2854e65e43875863,,,London,visited,ChIJtYakqwgbdkgRY1iHQ17mVCg,Compane,https://maps.google.com/?cid=2906200952095070307&g_mp=CiVnb29nbGUubWFwcy5wbGFjZXMudjEuUGxhY2VzLkdldFBsYWNlEAIYBCAA,"47 Camden Passage, London N1 8EA, UK",,Greater London,England,United Kingdom,GB,N1 8EA,51.5354167,-0.1033627,coffee_shop,"coffee_shop, cafe, food_store, food, store, point_of_interest, establishment",OPERATIONAL,4.7,120.0,PRICE_LEVEL_INEXPENSIVE,RESOLVED_FROM_URL
BAO Noodle Shop,,https://www.google.com/maps/place/BAO+Noodle+Shop/data=!4m2!3m1!1s0x48761ddde7c030f1:0xab65baefda1490f0,,,London,visited,ChIJ8TDA590ddkgR8JAU2u-6Zas,BAO Noodle Shop,https://maps.google.com/?cid=12350483092452184304&g_mp=CiVnb29nbGUubWFwcy5wbGFjZXMudjEuUGxhY2VzLkdldFBsYWNlEAIYBCAA,"1 Redchurch St, London E2 7DJ, UK",,Greater London,England,United Kingdom,GB,E2 7DJ,51.524387000000004,-0.0769656,taiwanese_restaurant,"taiwanese_restaurant, noodle_shop, night_club, karaoke, bar, restaurant, food, point_of_interest, establishment",OPERATIONAL,4.5,1669.0,PRICE_LEVEL_MODERATE,RESOLVED_FROM_URL
EQUAL PARTS,,https://www.google.com/maps/place/EQUAL+PARTS/data=!4m2!3m1!1s0x48761d6230a1de73:0xcd8d2e442311bfa2,,,London,visited,ChIJc96hMGIddkgRor8RI0Qujc0,EQUAL PARTS,https://maps.google.com/?cid=14811545619672448930&g_mp=CiVnb29nbGUubWFwcy5wbGFjZXMudjEuUGxhY2VzLkdldFBsYWNlEAIYBCAA,"245 Hackney Rd, London E2 8NA, UK",,Greater London,England,United Kingdom,GB,E2 8NA,51.531148599999995,-0.0694854,cocktail_bar,"cocktail_bar, bar, point_of_interest, establishment",OPERATIONAL,4.6,366.0,PRICE_LEVEL_MODERATE,RESOLVED_FROM_URL
Miga,,https://www.google.com/maps/place/Miga/data=!4m2!3m1!1s0x48761d00378845b5:0xa11dc3975c479366,,,London,visited,ChIJtUWINwAddkgRZpNHXJfDHaE,Miga,https://maps.google.com/?cid=11609650469286679398&g_mp=CiVnb29nbGUubWFwcy5wbGFjZXMudjEuUGxhY2VzLkdldFBsYWNlEAIYBCAA,"1 Mare St, London E8 4RP, UK",,Greater London,England,United Kingdom,GB,E8 4RP,51.534533599999996,-0.0576598,korean_restaurant,"korean_restaurant, restaurant, food, point_of_interest, establishment",OPERATIONAL,4.6,635.0,PRICE_LEVEL_MODERATE,RESOLVED_FROM_URL
Katsute 100,,https://www.google.com/maps/place/Katsute+100/data=!4m2!3m1!1s0x48761b5d3da5113f:0xc721de43fb65c1d7,,,London,visited,ChIJPxGlPV0bdkgR18Fl-0PeIcc,Katsute 100,https://maps.google.com/?cid=14348994271341035991&g_mp=CiVnb29nbGUubWFwcy5wbGFjZXMudjEuUGxhY2VzLkdldFBsYWNlEAIYBCAA,"100 Islington High St, London N1 8EG, UK",,Greater London,England,United Kingdom,GB,N1 8EG,51.5342224,-0.1044229,cafe,"cafe, brunch_restaurant, tea_store, beer_garden, tea_house, coffee_shop, deli, japanese_restaurant, bar, pastry_shop, dessert_shop, confectionery, bakery, food_store, store, restaurant, food, point_of_interest, establishment",OPERATIONAL,4.4,1203.0,PRICE_LEVEL_INEXPENSIVE,RESOLVED_FROM_URL
Bancone Covent Garden,Pasta deli! Pedirse la tradicional con yema y nuez,https://www.google.com/maps/place/Bancone+Covent+Garden/data=!4m2!3m1!1s0x487604ce7e57942f:0x2ba07c05296427b,,,London,visited,ChIJL5RXfs4EdkgRe0KWUsAHugI,Bancone Covent Garden,https://maps.google.com/?cid=196478056344732283&g_mp=CiVnb29nbGUubWFwcy5wbGFjZXMudjEuUGxhY2VzLkdldFBsYWNlEAIYBCAA,"39 William IV St, London WC2N 4DD, UK",,Greater London,England,United Kingdom,GB,WC2N 4DD,51.5095795,-0.1264051,italian_restaurant,"italian_restaurant, restaurant, food, point_of_interest, establishment",OPERATIONAL,4.4,4001.0,PRICE_LEVEL_MODERATE,RESOLVED_FROM_URL
Zephyr Notting Hill,,https://www.google.com/maps/place/Zephyr+Notting+Hill/data=!4m2!3m1!1s0x48760f73148e5029:0x2c3d98b80abddcdf,,,London,visited,ChIJKVCOFHMPdkgR39y9CriYPSw,Zephyr Notting Hill,https://maps.google.com/?cid=3187872027469798623&g_mp=CiVnb29nbGUubWFwcy5wbGFjZXMudjEuUGxhY2VzLkdldFBsYWNlEAIYBCAA,"100 Portobello Rd, London W11 2QD, UK",,Greater London,England,United Kingdom,GB,W11 2QD,51.5133132,-0.20261289999999998,greek_restaurant,"greek_restaurant, restaurant, food, point_of_interest, establishment",OPERATIONAL,4.5,1092.0,,RESOLVED_FROM_URL
Tamila,,https://www.google.com/maps/place/Tamila/data=!4m2!3m1!1s0x487605f775554e5d:0x6a1694154dae82e0,,,London,visited,ChIJXU5VdfcFdkgR4IKuTRWUFmo,Tamila,https://maps.google.com/?cid=7644460236726502112&g_mp=CiVnb29nbGUubWFwcy5wbGFjZXMudjEuUGxhY2VzLkdldFBsYWNlEAIYBCAA,"39 Northcote Rd, London SW11 1NJ, UK",,Greater London,England,United Kingdom,GB,SW11 1NJ,51.4596722,-0.16624619999999998,restaurant,"restaurant, food, point_of_interest, establishment",OPERATIONAL,4.5,404.0,PRICE_LEVEL_MODERATE,RESOLVED_FROM_URL
Dāku Coffee Kensington,,https://www.google.com/maps/place/D%C4%81ku+Coffee+Kensington/data=!4m2!3m1!1s0x48760fb34cba3ed5:0x9949825642abe13b,,,London,visited,ChIJ1T66TLMPdkgRO-GrQlaCSZk,Dāku Coffee Kensington,https://maps.google.com/?cid=11045502868100211003&g_mp=CiVnb29nbGUubWFwcy5wbGFjZXMudjEuUGxhY2VzLkdldFBsYWNlEAIYBCAA,"100 Kensington High St, London W8 4SG, UK",,Greater London,England,United Kingdom,GB,W8 4SG,51.501276999999995,-0.1929357,coffee_shop,"coffee_shop, cafe, food_store, store, food, point_of_interest, establishment",OPERATIONAL,4.3,313.0,PRICE_LEVEL_INEXPENSIVE,RESOLVED_FROM_URL
The Delaunay,,https://www.google.com/maps/place/The+Delaunay/data=!4m2!3m1!1s0x487605b13a03ae5d:0xae1464e156fc8208,,,London,visited,ChIJXa4DOrEFdkgRCIL8VuFkFK4,The Delaunay,https://maps.google.com/?cid=12543761781123482120&g_mp=CiVnb29nbGUubWFwcy5wbGFjZXMudjEuUGxhY2VzLkdldFBsYWNlEAIYBCAA,"55 Aldwych, London WC2B 4BB, UK",,Greater London,England,United Kingdom,GB,WC2B 4BB,51.5131702,-0.11822370000000001,austrian_restaurant,"austrian_restaurant, european_restaurant, restaurant, food, point_of_interest, establishment",OPERATIONAL,4.5,4030.0,,RESOLVED_FROM_URL
Cahoots Underground,,https://www.google.com/maps/place/Cahoots+Underground/data=!4m2!3m1!1s0x487604d507ab69fb:0xbbfbc270f421a878,,,London,visited,ChIJ-2mrB9UEdkgReKgh9HDC-7s,Cahoots Underground,https://maps.google.com/?cid=13545634094634870904&g_mp=CiVnb29nbGUubWFwcy5wbGFjZXMudjEuUGxhY2VzLkdldFBsYWNlEAIYBCAA,"13 Kingly Ct, Carnaby, London W1B 5PW, UK",Carnaby,Greater London,England,United Kingdom,GB,W1B 5PW,51.512482399999996,-0.1385496,cocktail_bar,"cocktail_bar, live_music_venue, event_venue, bar, point_of_interest, establishment",OPERATIONAL,4.6,5283.0,PRICE_LEVEL_MODERATE,RESOLVED_FROM_URL
The Wigmore,Cheese tostie deliii!! Un pub muy bueno como para invierno,https://www.google.com/maps/place/The+Wigmore/data=!4m2!3m1!1s0x48761ad5a81aaaab:0xae8e509962b393a5,,,London,visited,ChIJq6oaqNUadkgRpZOzYplQjq4,The Wigmore,https://maps.google.com/?cid=12578079429008528293&g_mp=CiVnb29nbGUubWFwcy5wbGFjZXMudjEuUGxhY2VzLkdldFBsYWNlEAIYBCAA,"15 Langham Pl, London W1B 3DE, UK",,Greater London,England,United Kingdom,GB,W1B 3DE,51.5174988,-0.1432782,pub,"pub, bar, restaurant, food, point_of_interest, establishment",OPERATIONAL,4.6,1689.0,PRICE_LEVEL_MODERATE,RESOLVED_FROM_URL
Firebird | Restaurant & Wine Bar,"Tuna tartar, stake tartar y halloumi deli!!! El lugar muy agusto, la margarita con mezcal buenisima",https://www.google.com/maps/place/Firebird+%7C+Restaurant+%26+Wine+Bar/data=!4m2!3m1!1s0x48761b3d79fc3b5b:0x2b517b3f5f64160,,,London,visited,ChIJWzv8eT0bdkgRYEH29bMXtQI,Firebird,https://maps.google.com/?cid=195088220553625952&g_mp=CiVnb29nbGUubWFwcy5wbGFjZXMudjEuUGxhY2VzLkdldFBsYWNlEAIYBCAA,"29 Poland St, London W1F 8QR, UK",,Greater London,England,United Kingdom,GB,W1F 8QR,51.51542,-0.1374429,mediterranean_restaurant,"mediterranean_restaurant, wine_bar, bar, restaurant, food, point_of_interest, establishment",OPERATIONAL,4.6,829.0,,RESOLVED_FROM_URL
Waxy O'Connor's London,,https://www.google.com/maps/place/Waxy+O'Connor's+London/data=!4m2!3m1!1s0x487604d3cadafa23:0x13b38a07e7631340,,,London,visited,ChIJI_raytMEdkgRQBNj5weKsxM,Waxy O'Connor's London,https://maps.google.com/?cid=1419630074103272256&g_mp=CiVnb29nbGUubWFwcy5wbGFjZXMudjEuUGxhY2VzLkdldFBsYWNlEAIYBCAA,"14-16 Rupert St, London W1D 6DD, UK",,Greater London,England,United Kingdom,GB,W1D 6DD,51.510832,-0.13233599999999998,irish_pub,"irish_pub, live_music_venue, pub, sports_bar, bar, event_venue, restaurant, point_of_interest, food, establishment",OPERATIONAL,4.5,9691.0,PRICE_LEVEL_MODERATE,RESOLVED_FROM_URL
Experimental Cocktail Club Chinatown,Lugar que cierra tarde para drinksx pedirse el Kota ternate y negroni. Buen ambiente,https://www.google.com/maps/place/Experimental+Cocktail+Club+Chinatown/data=!4m2!3m1!1s0x487604d24c1e7bd3:0xdef97653196fb5fd,,,London,visited,ChIJ03seTNIEdkgR_bVvGVN2-d4,Experimental Cocktail Club Chinatown,https://maps.google.com/?cid=16067003244902069757&g_mp=CiVnb29nbGUubWFwcy5wbGFjZXMudjEuUGxhY2VzLkdldFBsYWNlEAIYBCAA,"13a Gerrard St, London W1D 5PS, UK",,Greater London,England,United Kingdom,GB,W1D 5PS,51.5119233,-0.13102719999999998,cocktail_bar,"cocktail_bar, bar, point_of_interest, establishment",OPERATIONAL,4.0,1227.0,PRICE_LEVEL_MODERATE,RESOLVED_FROM_URL
The Devonshire,,https://www.google.com/maps/place/The+Devonshire/data=!4m2!3m1!1s0x487605074d79cfb1:0x3f0b094216e3000e,,,London,visited,ChIJsc95TQcFdkgRDgDjFkIJCz8,The Devonshire,https://maps.google.com/?cid=4542734828589744142&g_mp=CiVnb29nbGUubWFwcy5wbGFjZXMudjEuUGxhY2VzLkdldFBsYWNlEAIYBCAA,"The Devonshire, 17 Denman St, London W1D 7HW, UK",,Greater London,England,United Kingdom,GB,W1D 7HW,51.510627500000005,-0.1353358,pub,"pub, bar, restaurant, food, point_of_interest, establishment",OPERATIONAL,4.4,3135.0,,RESOLVED_FROM_URL
It’s Bagels Soho,,https://www.google.com/maps/place/It%E2%80%99s+Bagels+Soho/data=!4m2!3m1!1s0x487605002a732007:0x6439c4de46a39aa5,,,London,visited,ChIJByBzKgAFdkgRpZqjRt7EOWQ,It’s Bagels Soho,https://maps.google.com/?cid=7222019936412211877&g_mp=CiVnb29nbGUubWFwcy5wbGFjZXMudjEuUGxhY2VzLkdldFBsYWNlEAIYBCAA,"8 D'Arblay St, London W1F 8DP, UK",,Greater London,England,United Kingdom,GB,W1F 8DP,51.514722899999995,-0.13599090000000003,bagel_shop,"bagel_shop, brunch_restaurant, coffee_shop, breakfast_restaurant, meal_takeaway, cafe, bakery, food_store, store, restaurant, food, point_of_interest, establishment",OPERATIONAL,4.4,556.0,PRICE_LEVEL_MODERATE,RESOLVED_FROM_URL
Berners Tavern,,https://www.google.com/maps/place/Berners+Tavern/data=!4m2!3m1!1s0x48761b2b657c41e5:0x5593682c9b218977,,,London,visited,ChIJ5UF8ZSsbdkgRd4khmyxok1U,Berners Tavern,https://maps.google.com/?cid=6166386855590857079&g_mp=CiVnb29nbGUubWFwcy5wbGFjZXMudjEuUGxhY2VzLkdldFBsYWNlEAIYBCAA,"10 Berners St, London W1T 3NP, UK",,Greater London,England,United Kingdom,GB,W1T 3NP,51.5166544,-0.1361045,british_restaurant,"british_restaurant, fine_dining_restaurant, restaurant, food, point_of_interest, establishment",OPERATIONAL,4.5,2722.0,,RESOLVED_FROM_URL
OMA,Muy buen restaurante de comida griega. El orzo con oxtail impresionante. Bueno el martini tambien. Se ve que puede tener mejor ambiente el restaurante de abajo.,https://www.google.com/maps/place/OMA/data=!4m2!3m1!1s0x487603999336cae1:0xc90fb04e06d5a838,,,London,visited,ChIJ4co2k5kDdkgROKjVBk6wD8k,OMA,https://maps.google.com/?cid=14487992375442778168&g_mp=CiVnb29nbGUubWFwcy5wbGFjZXMudjEuUGxhY2VzLkdldFBsYWNlEAIYBCAA,"3 Bedale St, London SE1 9AL, UK",,Greater London,England,United Kingdom,GB,SE1 9AL,51.505348999999995,-0.090019,restaurant,"restaurant, greek_restaurant, food, point_of_interest, establishment",OPERATIONAL,4.7,2476.0,,RESOLVED_FROM_URL
Bar Levan,Gran wine bar con platillos para paicar. Muy cool el ambiente y muy buena la comida. Tienen dias de oysters y de wine tastings.,https://www.google.com/maps/place/Bar+Levan/data=!4m2!3m1!1s0x4876038f3490fdf3:0x4fae307dc5305a6e,,,London,visited,ChIJ8_2QNI8DdkgRblowxX0wrk8,Bar Levan,https://maps.google.com/?cid=5741579891681286766&g_mp=CiVnb29nbGUubWFwcy5wbGFjZXMudjEuUGxhY2VzLkdldFBsYWNlEAIYBCAA,"5, 12-16 Blenheim Grove, London SE15 4QL, UK",,Greater London,England,United Kingdom,GB,SE15 4QL,51.469676299999996,-0.0692753,restaurant,"restaurant, wine_bar, liquor_store, bar, store, food, point_of_interest, establishment",OPERATIONAL,4.5,66.0,PRICE_LEVEL_MODERATE,RESOLVED_FROM_URL
SUSHISAMBA London,,https://www.google.com/maps/place/SUSHISAMBA+London/data=!4m2!3m1!1s0x48761cb296f1fb8b:0x105009a373c43f23,,,London,visited,ChIJi_vxlrIcdkgRIz_Ec6MJUBA,SUSHISAMBA London,https://maps.google.com/?cid=1175450100370259747&g_mp=CiVnb29nbGUubWFwcy5wbGFjZXMudjEuUGxhY2VzLkdldFBsYWNlEAIYBCAA,"Heron Tower, London EC2N 4AY, UK",,Greater London,England,United Kingdom,GB,EC2N 4AY,51.5162529,-0.0809449,restaurant,"restaurant, cocktail_bar, peruvian_restaurant, brazilian_restaurant, sushi_restaurant, lounge_bar, night_club, japanese_restaurant, bar, food, point_of_interest, establishment",OPERATIONAL,4.5,13516.0,,RESOLVED_FROM_URL
Kings Mediterranean,Mejor kebab de london! Esta casi abierto 24/7. El chicken shawarma deli ,https://www.google.com/maps/place/Kings+Mediterranean/data=!4m2!3m1!1s0x48760f8bb499b089:0xc4ad0b0f07dddcdd,,,London,visited,ChIJibCZtIsPdkgR3dzdBw8LrcQ,Kings Mediterranean,https://maps.google.com/?cid=14171995761589214429&g_mp=CiVnb29nbGUubWFwcy5wbGFjZXMudjEuUGxhY2VzLkdldFBsYWNlEAIYBCAA,"308 Earls Ct Rd, London SW5 9BA, UK",,Greater London,England,United Kingdom,GB,SW5 9BA,51.4901421,-0.1910202,mediterranean_restaurant,"mediterranean_restaurant, restaurant, point_of_interest, food, establishment",OPERATIONAL,4.2,548.0,PRICE_LEVEL_MODERATE,RESOLVED_FROM_URL
Wild Tavern,,https://www.google.com/maps/place/Wild+Tavern/data=!4m2!3m1!1s0x487605513eb8165b:0xfd5206ddade44221,,,London,visited,ChIJWxa4PlEFdkgRIULkrd0GUv0,Wild Tavern,https://maps.google.com/?cid=18253659788860998177&g_mp=CiVnb29nbGUubWFwcy5wbGFjZXMudjEuUGxhY2VzLkdldFBsYWNlEAIYBCAA,"2 Elystan St, London SW3 3NS, UK",,Greater London,England,United Kingdom,GB,SW3 3NS,51.490718699999995,-0.1658202,mediterranean_restaurant,"mediterranean_restaurant, restaurant, food, point_of_interest, establishment",OPERATIONAL,4.4,435.0,PRICE_LEVEL_VERY_EXPENSIVE,RESOLVED_FROM_URL
The Duke of Edinburgh,,https://www.google.com/maps/place/The+Duke+of+Edinburgh/data=!4m2!3m1!1s0x4876045d27c0a51b:0xb321b3946c7883bc,,,London,visited,ChIJG6XAJ10EdkgRvIN4bJSzIbM,The Duke of Edinburgh,https://maps.google.com/?cid=12907795457076921276&g_mp=CiVnb29nbGUubWFwcy5wbGFjZXMudjEuUGxhY2VzLkdldFBsYWNlEAIYBCAA,"204 Ferndale Rd, London SW9 8AG, UK",,Greater London,England,United Kingdom,GB,SW9 8AG,51.463275900000006,-0.11998869999999999,pub,"pub, bar, point_of_interest, establishment",OPERATIONAL,4.2,1676.0,PRICE_LEVEL_MODERATE,RESOLVED_FROM_URL
Crisp W1,Best pizza ever,https://www.google.com/maps/place/Crisp+W1/data=!4m2!3m1!1s0x4876050052989425:0x3add31d977ed5dab,,,London,visited,ChIJJZSYUgAFdkgRq13td9kx3To,Crisp W1,https://maps.google.com/?cid=4241601234142584235&g_mp=CiVnb29nbGUubWFwcy5wbGFjZXMudjEuUGxhY2VzLkdldFBsYWNlEAIYBCAA,"24 N Audley St, London W1K 6WD, UK",,Greater London,England,United Kingdom,GB,W1K 6WD,51.5133863,-0.15382469999999998,pizza_restaurant,"pizza_restaurant, restaurant, food, point_of_interest, establishment",OPERATIONAL,4.0,515.0,PRICE_LEVEL_MODERATE,RESOLVED_FROM_URL
21 Grams fulham,,https://www.google.com/maps/place/21+Grams+fulham/data=!4m2!3m1!1s0x48760f5f21cbd1cd:0xd2efb74081675f78,,,London,visited,ChIJzdHLIV8PdkgReF9ngUC379I,21 Grams fulham,https://maps.google.com/?cid=15199568755075538808&g_mp=CiVnb29nbGUubWFwcy5wbGFjZXMudjEuUGxhY2VzLkdldFBsYWNlEAIYBCAA,"65b New Kings Rd, London SW6 4SG, UK",,Greater London,England,United Kingdom,GB,SW6 4SG,51.4759612,-0.19312669999999998,coffee_shop,"coffee_shop, food_store, cafe, food, point_of_interest, store, establishment",OPERATIONAL,4.7,135.0,PRICE_LEVEL_INEXPENSIVE,RESOLVED_FROM_URL
Italo,Muy rico deli en un lugar muy original y con estilo neighborhood. Tienen dos sandwiches que cambian diario y muy buenos. Te atiende un niño de 6 años muy chistoso,https://www.google.com/maps/place/Italo/data=!4m2!3m1!1s0x487604ed9fd2877b:0x4998b1e56982cc49,,,London,visited,ChIJe4fSn-0EdkgRScyCaeWxmEk,Italo,https://maps.google.com/?cid=5303184160104565833&g_mp=CiVnb29nbGUubWFwcy5wbGFjZXMudjEuUGxhY2VzLkdldFBsYWNlEAIYBCAA,"13 Bonnington Square, London SW8 1TE, UK",,Greater London,England,United Kingdom,GB,SW8 1TE,51.4844929,-0.12031649999999998,deli,"deli, coffee_shop, cafe, meal_takeaway, sandwich_shop, italian_restaurant, food_store, store, restaurant, point_of_interest, food, establishment",OPERATIONAL,4.5,644.0,PRICE_LEVEL_MODERATE,RESOLVED_FROM_URL
The Wallace Collection,,https://www.google.com/maps/place/The+Wallace+Collection/data=!4m2!3m1!1s0x48761acd7d993b73:0xc11d6276bbfec573,,,London,visited,ChIJczuZfc0adkgRc8X-u3ZiHcE,The Wallace Collection,https://maps.google.com/?cid=13915386685744399731&g_mp=CiVnb29nbGUubWFwcy5wbGFjZXMudjEuUGxhY2VzLkdldFBsYWNlEAIYBCAA,"Hertford House, Manchester Square, London W1U 3BN, UK",,Greater London,England,United Kingdom,GB,W1U 3BN,51.517323000000005,-0.1530885,art_museum,"art_museum, tourist_attraction, art_gallery, museum, point_of_interest, establishment",OPERATIONAL,4.8,10806.0,,RESOLVED_FROM_URL
"""mu""",,https://www.google.com/maps/place/%22mu%22/data=!4m2!3m1!1s0x48761db487301e21:0x9677392c5f0f06ae,,,London,visited,ChIJIR4wh7QddkgRrgYPXyw5d5Y,"""mu""",https://maps.google.com/?cid=10842197490653922990&g_mp=CiVnb29nbGUubWFwcy5wbGFjZXMudjEuUGxhY2VzLkdldFBsYWNlEAIYBCAA,"432-434 Kingsland Rd, London E8 4AA, UK",,Greater London,England,United Kingdom,GB,E8 4AA,51.5421793,-0.0758792,japanese_restaurant,"japanese_restaurant, restaurant, food, point_of_interest, establishment",OPERATIONAL,4.2,309.0,PRICE_LEVEL_EXPENSIVE,RESOLVED_FROM_URL
Canal Restaurant,,https://www.google.com/maps/place/Canal+Restaurant/data=!4m2!3m1!1s0x4876111a366d2413:0xa55b4fe77b056536,,,London,visited,ChIJEyRtNhoRdkgRNmUFe-dPW6U,Canal Restaurant,https://maps.google.com/?cid=11915205094758769974&g_mp=CiVnb29nbGUubWFwcy5wbGFjZXMudjEuUGxhY2VzLkdldFBsYWNlEAIYBCAA,"11b Woodfield Rd, London W9 2BA, UK",,Greater London,England,United Kingdom,GB,W9 2BA,51.522539099999996,-0.1998125,restaurant,"restaurant, food, point_of_interest, establishment",OPERATIONAL,4.4,248.0,PRICE_LEVEL_EXPENSIVE,RESOLVED_FROM_URL
London Cheesemongers,,https://www.google.com/maps/place/London+Cheesemongers/data=!4m2!3m1!1s0x48760515fd1fd291:0x41eee47ab111bdf0,,,London,visited,ChIJkdIf_RUFdkgR8L0RsXrk7kE,London Cheesemongers,https://maps.google.com/?cid=4750985872530324976&g_mp=CiVnb29nbGUubWFwcy5wbGFjZXMudjEuUGxhY2VzLkdldFBsYWNlEAIYBCAA,"251 Pavilion Rd, London SW1X 0BP, UK",,Greater London,England,United Kingdom,GB,SW1X 0BP,51.4932988,-0.1586232,food_store,"general_store, wine_bar, food_delivery, liquor_store, bar, food_store, store, food, point_of_interest, establishment",OPERATIONAL,4.3,107.0,,RESOLVED_FROM_URL
The Walmer Castle,,https://www.google.com/maps/place/The+Walmer+Castle/data=!4m2!3m1!1s0x48761002a8bb5b93:0x30d26166d518ff3f,,,London,visited,ChIJk1u7qAIQdkgRP_8Y1WZh0jA,The Walmer Castle,https://maps.google.com/?cid=3517981353219522367&g_mp=CiVnb29nbGUubWFwcy5wbGFjZXMudjEuUGxhY2VzLkdldFBsYWNlEAIYBCAA,"Walmer Castle, 58 Ledbury Rd, London W11 2AJ, UK",,Greater London,England,United Kingdom,GB,W11 2AJ,51.5151816,-0.199155,pub,"pub, bar, point_of_interest, establishment",OPERATIONAL,4.3,766.0,PRICE_LEVEL_MODERATE,RESOLVED_FROM_URL
Sol's,Cool wine bar para ir pero solo en date porque se llena y esta chiquito. La comida se ve rica.,https://www.google.com/maps/place/Sol's/data=!4m2!3m1!1s0x487605d83b0741ad:0x747bb114d7bef64,,,London,visited,ChIJrUEHO9gFdkgRZO97TRG7Rwc,Sol's,https://maps.google.com/?cid=524593564600758116&g_mp=CiVnb29nbGUubWFwcy5wbGFjZXMudjEuUGxhY2VzLkdldFBsYWNlEAIYBCAA,"25 Leinster Terrace, London W2 3ET, UK",,Greater London,England,United Kingdom,GB,W2 3ET,51.5116927,-0.1832536,wine_bar,"wine_bar, snack_bar, grocery_store, liquor_store, deli, spanish_restaurant, meal_takeaway, food_store, store, bar, restaurant, food, point_of_interest, establishment",OPERATIONAL,4.4,134.0,PRICE_LEVEL_MODERATE,RESOLVED_FROM_URL
Colbert,A fran no le gusto pero es spot para comer si es que quieres afyera,https://www.google.com/maps/place/Colbert/data=!4m2!3m1!1s0x487605163ec39119:0xc92aef651ac0cfca,,,London,visited,ChIJGZHDPhYFdkgRys_AGmXvKsk,Colbert,https://maps.google.com/?cid=14495661568164941770&g_mp=CiVnb29nbGUubWFwcy5wbGFjZXMudjEuUGxhY2VzLkdldFBsYWNlEAIYBCAA,"50-52 Sloane Square, London SW1W 8AX, UK",,Greater London,England,United Kingdom,GB,SW1W 8AX,51.4927777,-0.1565658,french_restaurant,"french_restaurant, restaurant, food, point_of_interest, establishment",OPERATIONAL,4.3,2435.0,PRICE_LEVEL_MODERATE,RESOLVED_FROM_URL
Dozo,Deli el bowl! Take away,https://www.google.com/maps/place/Dozo/data=!4m2!3m1!1s0x48760567ef4d1361:0x4fa2f0d12e3eff33,,,London,visited,ChIJYRNN72cFdkgRM_8-LtHwok8,Dozo,https://maps.google.com/?cid=5738413656438144819&g_mp=CiVnb29nbGUubWFwcy5wbGFjZXMudjEuUGxhY2VzLkdldFBsYWNlEAIYBCAA,"68 Old Brompton Rd, South Kensington, London SW7 3LQ, UK",South Kensington,Greater London,England,United Kingdom,GB,SW7 3LQ,51.492896599999995,-0.17689919999999998,japanese_restaurant,"japanese_restaurant, sushi_restaurant, restaurant, point_of_interest, food, establishment",OPERATIONAL,4.1,1345.0,PRICE_LEVEL_MODERATE,RESOLVED_FROM_URL
Carousel,,https://www.google.com/maps/place/Carousel/data=!4m2!3m1!1s0x48761acc50a4c787:0x7283ba1c4de0551,,,London,visited,ChIJh8ekUMwadkgRUQXexKE7KAc,Carousel,https://maps.google.com/?cid=515727723312579921&g_mp=CiVnb29nbGUubWFwcy5wbGFjZXMudjEuUGxhY2VzLkdldFBsYWNlEAIYBCAA,"19-23 Charlotte St., London W1T 1RW, UK",,Greater London,England,United Kingdom,GB,W1T 1RW,51.5185928,-0.1350881,restaurant,"cocktail_bar, event_venue, bar, mexican_restaurant, restaurant, food, point_of_interest, establishment",OPERATIONAL,4.5,642.0,,RESOLVED_FROM_URL
Granger & Co. Marylebone,,https://www.google.com/maps/place/Granger+%26+Co.+Marylebone/data=!4m2!3m1!1s0x48761b1437c74c55:0x215fa4ed5984bded,,,London,visited,ChIJVUzHNxQbdkgR7b2EWe2kXyE,Granger & Co. Marylebone,https://maps.google.com/?cid=2404822065355210221&g_mp=CiVnb29nbGUubWFwcy5wbGFjZXMudjEuUGxhY2VzLkdldFBsYWNlEAIYBCAA,"105 Marylebone High St, London W1U 4RS, UK",,Greater London,England,United Kingdom,GB,W1U 4RS,51.5191151,-0.1518381,australian_restaurant,"australian_restaurant, restaurant, food, point_of_interest, establishment",OPERATIONAL,4.2,1010.0,PRICE_LEVEL_MODERATE,RESOLVED_FROM_URL
Granger & Co. Chelsea,,https://www.google.com/maps/place/Granger+%26+Co.+Chelsea/data=!4m2!3m1!1s0x4876053e01c1a39d:0x80619661c1c7d468,,,London,visited,ChIJnaPBAT4FdkgRaNTHwWGWYYA,Granger & Co. Chelsea,https://maps.google.com/?cid=9250840456202802280&g_mp=CiVnb29nbGUubWFwcy5wbGFjZXMudjEuUGxhY2VzLkdldFBsYWNlEAIYBCAA,"237-239 Pavilion Rd, London SW1X 0BP, UK",,Greater London,England,United Kingdom,GB,SW1X 0BP,51.4938195,-0.15868469999999998,australian_restaurant,"australian_restaurant, brunch_restaurant, restaurant, food, point_of_interest, establishment",OPERATIONAL,4.2,2685.0,PRICE_LEVEL_MODERATE,RESOLVED_FROM_URL
Super Kebab,Buen kebab para acabar la noche en Dalston,https://www.google.com/maps/place/Super+Kebab/data=!4m2!3m1!1s0x48761c8b8cef14b1:0xee5a2dbb29270b4e,,,London,visited,ChIJsRTvjIscdkgRTgsnKbstWu4,Super Kebab,https://maps.google.com/?cid=17175090410803366734&g_mp=CiVnb29nbGUubWFwcy5wbGFjZXMudjEuUGxhY2VzLkdldFBsYWNlEAIYBCAA,"54 Stoke Newington Rd, London N16 7XB, UK",,Greater London,England,United Kingdom,GB,N16 7XB,51.5522517,-0.0747611,kebab_shop,"kebab_shop, fast_food_restaurant, halal_restaurant, meal_takeaway, restaurant, point_of_interest, food, establishment",OPERATIONAL,4.5,1261.0,PRICE_LEVEL_INEXPENSIVE,RESOLVED_FROM_URL
Supernova,Muy buenas burgers,https://www.google.com/maps/place/Supernova/data=!4m2!3m1!1s0x487605931f125e57:0x255978e99789e741,,,London,visited,ChIJV14SH5MFdkgRQeeJl-l4WSU,Supernova,https://maps.google.com/?cid=2691315196995692353&g_mp=CiVnb29nbGUubWFwcy5wbGFjZXMudjEuUGxhY2VzLkdldFBsYWNlEAIYBCAA,"25 Peter St, London W1F 0AH, UK",,Greater London,England,United Kingdom,GB,W1F 0AH,51.5125764,-0.1343709,hamburger_restaurant,"hamburger_restaurant, american_restaurant, restaurant, food, point_of_interest, establishment",OPERATIONAL,4.2,2741.0,PRICE_LEVEL_MODERATE,RESOLVED_FROM_URL
The Elder Press Cafe,Lugar deli para cafesito! Quedarse en la terraza y esta wow,https://www.google.com/maps/place/The+Elder+Press+Cafe/data=!4m2!3m1!1s0x48760f355517ca2b:0xb9afd8f1cd6c3a42,,,London,visited,ChIJK8oXVTUPdkgRQjpszfHYr7k,Elder Press Cafe,https://maps.google.com/?cid=13380151550986172994&g_mp=CiVnb29nbGUubWFwcy5wbGFjZXMudjEuUGxhY2VzLkdldFBsYWNlEAIYBCAA,"3 S Black Lion Ln, London W6 9TJ, UK",,Greater London,England,United Kingdom,GB,W6 9TJ,51.4901543,-0.24208459999999998,cafe,"cafe, restaurant, point_of_interest, food, establishment",OPERATIONAL,4.7,574.0,PRICE_LEVEL_MODERATE,RESOLVED_FROM_URL
The Falcon,Pub sports bar con terraza muy cool y local,https://www.google.com/maps/place/The+Falcon/data=!4m2!3m1!1s0x487604590de750f7:0x3abd6d43e39fa058,,,London,visited,ChIJ91DnDVkEdkgRWKCf40NtvTo,The Falcon,https://maps.google.com/?cid=4232659363147259992&g_mp=CiVnb29nbGUubWFwcy5wbGFjZXMudjEuUGxhY2VzLkdldFBsYWNlEAIYBCAA,"33 Bedford Rd, London SW4 7SQ, UK",,Greater London,England,United Kingdom,GB,SW4 7SQ,51.464321999999996,-0.1290154,pub,"pub, bar, point_of_interest, establishment",OPERATIONAL,4.4,1927.0,PRICE_LEVEL_MODERATE,RESOLVED_FROM_URL
Cinnamon Bazaar,,https://www.google.com/maps/place/Cinnamon+Bazaar/data=!4m2!3m1!1s0x487604cc0eb02233:0xee4641360219bb94,,,London,visited,ChIJMyKwDswEdkgRlLsZAjZBRu4,Cinnamon Bazaar,https://maps.google.com/?cid=17169482329615874964&g_mp=CiVnb29nbGUubWFwcy5wbGFjZXMudjEuUGxhY2VzLkdldFBsYWNlEAIYBCAA,"28 Maiden Ln, London WC2E 7JS, UK",,Greater London,England,United Kingdom,GB,WC2E 7JS,51.510619399999996,-0.123701,indian_restaurant,"indian_restaurant, restaurant, food, point_of_interest, establishment",OPERATIONAL,4.6,4457.0,PRICE_LEVEL_MODERATE,RESOLVED_FROM_URL
The Cock and Bottle,,https://www.google.com/maps/place/The+Cock+and+Bottle/data=!4m2!3m1!1s0x4876100285637903:0x253946df7dc7d03,,,London,visited,ChIJA3ljhQIQdkgRA33c922UUwI,The Cock and Bottle,https://maps.google.com/?cid=167640811173608707&g_mp=CiVnb29nbGUubWFwcy5wbGFjZXMudjEuUGxhY2VzLkdldFBsYWNlEAIYBCAA,"17 Needham Rd, London W11 2RP, UK",,Greater London,England,United Kingdom,GB,W11 2RP,51.515423,-0.1975556,pub,"pub, beer_garden, sports_bar, bar, restaurant, food, point_of_interest, establishment",OPERATIONAL,4.5,1051.0,PRICE_LEVEL_MODERATE,RESOLVED_FROM_URL
Marta,Foccaccia di Marta la mejor!!! Con trufa,https://www.google.com/maps/place/Marta/data=!4m2!3m1!1s0x48760548249f3035:0x1ec72698439e51c4,,,London,visited,ChIJNTCfJEgFdkgRxFGeQ5gmxx4,Marta,https://maps.google.com/?cid=2217783776914592196&g_mp=CiVnb29nbGUubWFwcy5wbGFjZXMudjEuUGxhY2VzLkdldFBsYWNlEAIYBCAA,"343 Fulham Rd., London SW10 9TW, UK",,Greater London,England,United Kingdom,GB,SW10 9TW,51.4859643,-0.1806941,restaurant,"restaurant, pizza_restaurant, food, point_of_interest, establishment",OPERATIONAL,4.4,289.0,PRICE_LEVEL_MODERATE,RESOLVED_FROM_URL
Lyle's,,https://www.google.com/maps/place/Lyle's/data=!4m2!3m1!1s0x48761cb0cce43ccd:0xda438df0c880096f,,,London,visited,ChIJzTzkzLAcdkgRbwmAyPCNQ9o,Lyle's,https://maps.google.com/?cid=15727570389003405679&g_mp=CiVnb29nbGUubWFwcy5wbGFjZXMudjEuUGxhY2VzLkdldFBsYWNlEAIYBCAA,"Tea Building, 56 Shoreditch High St, London E1 6JJ, UK",,Greater London,England,United Kingdom,GB,E1 6JJ,51.5237542,-0.0764767,british_restaurant,"british_restaurant, restaurant, food, point_of_interest, establishment",CLOSED_PERMANENTLY,4.5,1279.0,PRICE_LEVEL_VERY_EXPENSIVE,RESOLVED_FROM_URL
The Waterman’s Arms,"De los mejores restaurantes de Londres. La zona esta increible muy tipo pueblito. Neighbourhood restaurant buenisimo que tiene vista al rio. Vale la pena pedir mesa arriba en la terraza si esta bueno el clima. El pescado esta de otro nivel, se deshace.",https://www.google.com/maps/place/The+Waterman%E2%80%99s+Arms/data=!4m2!3m1!1s0x48760f403f821d2b:0x1c98f23df2d67f51,,,London,visited,ChIJKx2CP0APdkgRUX_W8j3ymBw,The Waterman’s Arms,https://maps.google.com/?cid=2060663177403072337&g_mp=CiVnb29nbGUubWFwcy5wbGFjZXMudjEuUGxhY2VzLkdldFBsYWNlEAIYBCAA,"375 Lonsdale Rd, London SW13 9PY, UK",,Greater London,England,United Kingdom,GB,SW13 9PY,51.4736501,-0.25110289999999996,pub,"pub, bar, restaurant, point_of_interest, food, establishment",OPERATIONAL,4.6,772.0,PRICE_LEVEL_EXPENSIVE,RESOLVED_FROM_URL
HIMI,Buenisimo sushi en Soho. Vale la pena sentarse en la barra para ver que se antoja y platicar con los cocineros. El temaki de otoro y los camarones wow. Carisisisimo eso si.,https://www.google.com/maps/place/HIMI/data=!4m2!3m1!1s0x48760500222197e7:0xc3c27f904feac7f3,,,London,visited,ChIJ55chIgAFdkgR88fqT5B_wsM,HIMI,https://maps.google.com/?cid=14105977240670619635&g_mp=CiVnb29nbGUubWFwcy5wbGFjZXMudjEuUGxhY2VzLkdldFBsYWNlEAIYBCAA,"4 Newburgh St, Carnaby, London W1F 7RF, UK",Carnaby,Greater London,England,United Kingdom,GB,W1F 7RF,51.5135356,-0.13847389999999998,japanese_restaurant,"japanese_restaurant, sushi_restaurant, restaurant, food, point_of_interest, establishment",OPERATIONAL,4.8,229.0,PRICE_LEVEL_VERY_EXPENSIVE,RESOLVED_FROM_URL
Mother Vine,Deli pa un vino,https://www.google.com/maps/place/Mother+Vine/data=!4m2!3m1!1s0x48760506927f9be3:0x1a515697459b9934,,,London,visited,ChIJ45t_kgYFdkgRNJmbRZdWURo,Mother Vine,https://maps.google.com/?cid=1896392125807565108&g_mp=CiVnb29nbGUubWFwcy5wbGFjZXMudjEuUGxhY2VzLkdldFBsYWNlEAIYBCAA,"255 Pavilion Rd, London SW1X 0BP, UK",,Greater London,England,United Kingdom,GB,SW1X 0BP,51.4932273,-0.1586231,liquor_store,"wine_bar, liquor_store, bar, store, food, point_of_interest, establishment",OPERATIONAL,4.7,61.0,,RESOLVED_FROM_URL
Mildreds Soho,Bueno vegano con salsas ricas y comida asiatica/mexicana y de mundo bien sazonada,https://www.google.com/maps/place/Mildreds+Soho/data=!4m2!3m1!1s0x487604d4925cc9b1:0x1382b06767ef178b,,,London,visited,ChIJsclcktQEdkgRixfvZ2ewghM,Mildreds Soho,https://maps.google.com/?cid=1405879991864858507&g_mp=CiVnb29nbGUubWFwcy5wbGFjZXMudjEuUGxhY2VzLkdldFBsYWNlEAIYBCAA,"45 Lexington St, Carnaby, London W1F 9AN, UK",Carnaby,Greater London,England,United Kingdom,GB,W1F 9AN,51.5130279,-0.1364023,vegan_restaurant,"vegan_restaurant, vegetarian_restaurant, restaurant, food, point_of_interest, establishment",OPERATIONAL,4.7,7932.0,PRICE_LEVEL_MODERATE,RESOLVED_FROM_URL
Sushi Shop,Mejor takeaway sushi,https://www.google.com/maps/place/Sushi+Shop/data=!4m2!3m1!1s0x48760542a06ff037:0xb61f54d783c33683,,,London,visited,ChIJN_BvoEIFdkgRgzbDg9dUH7Y,Sushi Shop,https://maps.google.com/?cid=13123301123786225283&g_mp=CiVnb29nbGUubWFwcy5wbGFjZXMudjEuUGxhY2VzLkdldFBsYWNlEAIYBCAA,"10 Old Brompton Rd, South Kensington, London SW7 3DL, UK",South Kensington,Greater London,England,United Kingdom,GB,SW7 3DL,51.493910299999996,-0.1748263,sushi_restaurant,"sushi_restaurant, asian_restaurant, meal_delivery, food_delivery, fast_food_restaurant, meal_takeaway, japanese_restaurant, restaurant, food, point_of_interest, establishment",OPERATIONAL,4.2,712.0,,RESOLVED_FROM_URL
Yashin Ocean House,Bueno take away,https://www.google.com/maps/place/Yashin+Ocean+House/data=!4m2!3m1!1s0x48760566e077a957:0xd2fccf934847f156,,,London,visited,ChIJV6l34GYFdkgRVvFHSJPP_NI,Yashin Ocean House,https://maps.google.com/?cid=15203254673575768406&g_mp=CiVnb29nbGUubWFwcy5wbGFjZXMudjEuUGxhY2VzLkdldFBsYWNlEAIYBCAA,"117, 119 Old Brompton Rd, South Kensington, London SW7 3RN, UK",South Kensington,Greater London,England,United Kingdom,GB,SW7 3RN,51.491009999999996,-0.18043499999999998,japanese_restaurant,"japanese_restaurant, sushi_restaurant, bar, restaurant, food, point_of_interest, establishment",OPERATIONAL,4.5,943.0,,RESOLVED_FROM_URL
HJEM,,https://www.google.com/maps/place/HJEM/data=!4m2!3m1!1s0x487605e3975d3c41:0xf6d10df5cfb9329e,,,London,visited,ChIJQTxdl-MFdkgRnjK5z_UN0fY,HJEM,https://maps.google.com/?cid=17785011752865968798&g_mp=CiVnb29nbGUubWFwcy5wbGFjZXMudjEuUGxhY2VzLkdldFBsYWNlEAIYBCAA,"157 Gloucester Rd, South Kensington, London SW7 4TH, UK",South Kensington,Greater London,England,United Kingdom,GB,SW7 4TH,51.491527399999995,-0.1801351,coffee_shop,"coffee_shop, cafe, bakery, food_store, store, restaurant, food, point_of_interest, establishment",OPERATIONAL,4.4,200.0,PRICE_LEVEL_INEXPENSIVE,RESOLVED_FROM_URL
NAC,"El postre, la hamburguesa y la pasta delis!! ",https://www.google.com/maps/place/NAC/data=!4m2!3m1!1s0x4876053286565dc9:0x5e8818df1bc3dea1,,,London,visited,ChIJyV1WhjIFdkgRod7DG98YiF4,NAC,https://maps.google.com/?cid=6811721782920470177&g_mp=CiVnb29nbGUubWFwcy5wbGFjZXMudjEuUGxhY2VzLkdldFBsYWNlEAIYBCAA,"41 N Audley St, London W1K 6ZP, UK",,Greater London,England,United Kingdom,GB,W1K 6ZP,51.5124794,-0.15340399999999998,french_restaurant,"bistro, coffee_shop, cafe, french_restaurant, food_store, store, restaurant, point_of_interest, food, establishment",OPERATIONAL,4.4,6227.0,PRICE_LEVEL_MODERATE,RESOLVED_FROM_URL
Bank of Friendship,,https://www.google.com/maps/place/Bank+of+Friendship/data=!4m2!3m1!1s0x48761b81eb2bbdf7:0xf6846b1eb7860d40,,,London,visited,ChIJ970r64EbdkgRQA2Gtx5rhPY,Bank of Friendship,https://maps.google.com/?cid=17763440609928285504&g_mp=CiVnb29nbGUubWFwcy5wbGFjZXMudjEuUGxhY2VzLkdldFBsYWNlEAIYBCAA,"226 Blackstock Rd, London N5 1EA, UK",,Greater London,England,United Kingdom,GB,N5 1EA,51.558357,-0.09869829999999999,pub,"pub, bar, point_of_interest, establishment",OPERATIONAL,4.5,934.0,PRICE_LEVEL_MODERATE,RESOLVED_FROM_URL
The Wolseley,,https://www.google.com/maps/place/The+Wolseley/data=!4m2!3m1!1s0x4876052f571cfeaf:0x5350dedd3b5bb322,,,London,visited,ChIJr_4cVy8FdkgRIrNbO93eUFM,The Wolseley Piccadilly,https://maps.google.com/?cid=6003543345049875234&g_mp=CiVnb29nbGUubWFwcy5wbGFjZXMudjEuUGxhY2VzLkdldFBsYWNlEAIYBCAA,"160 Piccadilly, London W1J 9EB, UK",,Greater London,England,United Kingdom,GB,W1J 9EB,51.5074427,-0.1409233,british_restaurant,"british_restaurant, restaurant, food, point_of_interest, establishment",OPERATIONAL,4.4,7924.0,,RESOLVED_FROM_URL
Granger and Co. Notting Hill,,https://www.google.com/maps/place/Granger+and+Co.+Notting+Hill/data=!4m2!3m1!1s0x48760ffd63068e2b:0xecefe50d6423ac66,,,London,visited,ChIJK44GY_0PdkgRZqwjZA3l7-w,Granger and Co. Notting Hill,https://maps.google.com/?cid=17073116558062234726&g_mp=CiVnb29nbGUubWFwcy5wbGFjZXMudjEuUGxhY2VzLkdldFBsYWNlEAIYBCAA,"175 Westbourne Grove, London W11 2SB, UK",,Greater London,England,United Kingdom,GB,W11 2SB,51.5145986,-0.1977545,australian_restaurant,"australian_restaurant, breakfast_restaurant, restaurant, food, point_of_interest, establishment",OPERATIONAL,4.4,3547.0,PRICE_LEVEL_MODERATE,RESOLVED_FROM_URL
Dishoom Covent Garden,,https://www.google.com/maps/place/Dishoom+Covent+Garden/data=!4m2!3m1!1s0x487604b7c7d895c5:0x9c3887a3670e0076,,,London,visited,ChIJxZXYx7cEdkgRdgAOZ6OHOJw,Dishoom Covent Garden,https://maps.google.com/?cid=11256896404490944630&g_mp=CiVnb29nbGUubWFwcy5wbGFjZXMudjEuUGxhY2VzLkdldFBsYWNlEAIYBCAA,"12 Upper St Martin's Ln, London WC2H 9FB, UK",,Greater London,England,United Kingdom,GB,WC2H 9FB,51.512517599999995,-0.1268291,indian_restaurant,"indian_restaurant, halal_restaurant, vegan_restaurant, meal_takeaway, vegetarian_restaurant, cafe, bar, restaurant, food, point_of_interest, establishment",OPERATIONAL,4.7,29485.0,PRICE_LEVEL_MODERATE,RESOLVED_FROM_URL
The Dreamery,,https://www.google.com/maps/place/The+Dreamery/data=!4m2!3m1!1s0x48761d342d569415:0x3b5cb337d6947d8,,,London,visited,ChIJFZRWLTQddkgR2EdpfTPLtQM,The Dreamery,https://maps.google.com/?cid=267343174906234840&g_mp=CiVnb29nbGUubWFwcy5wbGFjZXMudjEuUGxhY2VzLkdldFBsYWNlEAIYBCAA,"20a Halliford St, London N1 3HD, UK",,Greater London,England,United Kingdom,GB,N1 3HD,51.5402931,-0.0900937,ice_cream_shop,"ice_cream_shop, dessert_shop, confectionery, food_store, store, food, point_of_interest, establishment",OPERATIONAL,4.0,214.0,,RESOLVED_FROM_URL
Naked & Famous Bar,,https://www.google.com/maps/place/Naked+%26+Famous+Bar/data=!4m2!3m1!1s0x48760fcd26e671f7:0xf237a203802c3c6b,,,London,visited,ChIJ93HmJs0PdkgRazwsgAOiN_I,Naked & Famous Bar,https://maps.google.com/?cid=17453597016816630891&g_mp=CiVnb29nbGUubWFwcy5wbGFjZXMudjEuUGxhY2VzLkdldFBsYWNlEAIYBCAA,"100 Portobello Rd, London W11 2QD, UK",,Greater London,England,United Kingdom,GB,W11 2QD,51.5133343,-0.2025966,bar,"bar, point_of_interest, establishment",OPERATIONAL,4.4,98.0,PRICE_LEVEL_MODERATE,RESOLVED_FROM_URL
Jeru,,https://www.google.com/maps/place/Jeru/data=!4m2!3m1!1s0x48760505ec5a430f:0x715a14cfb14b98fa,,,London,visited,ChIJD0Na7AUFdkgR-phLsc8UWnE,Jeru,https://maps.google.com/?cid=8167863756455123194&g_mp=CiVnb29nbGUubWFwcy5wbGFjZXMudjEuUGxhY2VzLkdldFBsYWNlEAIYBCAA,"11 Berkeley St, London W1J 8DS, UK",,Greater London,England,United Kingdom,GB,W1J 8DS,51.508173299999996,-0.14274219999999999,mediterranean_restaurant,"mediterranean_restaurant, wine_bar, lounge_bar, night_club, bakery, food_store, store, bar, event_venue, restaurant, food, point_of_interest, establishment",CLOSED_PERMANENTLY,4.4,566.0,PRICE_LEVEL_VERY_EXPENSIVE,RESOLVED_FROM_URL
Bar Daskal,,https://www.google.com/maps/place/Bar+Daskal/data=!4m2!3m1!1s0x48760394cdbe851b:0xe2fdff51b4c19617,,,London,visited,ChIJG4W-zZQDdkgRF5bBtFH__eI,Bar Daskal,https://maps.google.com/?cid=16356510148069529111&g_mp=CiVnb29nbGUubWFwcy5wbGFjZXMudjEuUGxhY2VzLkdldFBsYWNlEAIYBCAA,"16 Park St, London SE1 9AB, UK",,Greater London,England,United Kingdom,GB,SE1 9AB,51.505318599999995,-0.09201079999999999,wine_bar,"wine_bar, snack_bar, cocktail_bar, meal_takeaway, bar, event_venue, service, restaurant, food, point_of_interest, establishment",OPERATIONAL,4.6,218.0,PRICE_LEVEL_MODERATE,RESOLVED_FROM_URL
B London,,https://www.google.com/maps/place/B+London/data=!4m2!3m1!1s0x48760567e904c233:0xc2ed82992d17fe6a,,,London,visited,ChIJM8IE6WcFdkgRav4XLZmC7cI,Paloma Chelsea,https://maps.google.com/?cid=14046026407236599402&g_mp=CiVnb29nbGUubWFwcy5wbGFjZXMudjEuUGxhY2VzLkdldFBsYWNlEAIYBCAA,"92b Old Brompton Rd, South Kensington, London SW7 3LQ, UK",South Kensington,Greater London,England,United Kingdom,GB,SW7 3LQ,51.4924025,-0.1780021,night_club,"night_club, point_of_interest, association_or_organization, establishment",OPERATIONAL,3.9,301.0,,RESOLVED_FROM_URL
Afternoon Tea at The Ritz,,https://www.google.com/maps/place/Afternoon+Tea+at+The+Ritz/data=!4m2!3m1!1s0x48760529cd5fd799:0x207a8754eb7d3a92,,,London,visited,ChIJmddfzSkFdkgRkjp961SHeiA,Afternoon Tea at The Ritz,https://maps.google.com/?cid=2340331755170249362&g_mp=CiVnb29nbGUubWFwcy5wbGFjZXMudjEuUGxhY2VzLkdldFBsYWNlEAIYBCAA,"150 Piccadilly, London W1J 9BR, UK",,Greater London,England,United Kingdom,GB,W1J 9BR,51.5069416,-0.1414953,tea_house,"tea_house, point_of_interest, establishment",OPERATIONAL,4.4,472.0,,RESOLVED_FROM_URL
Kiln,,https://www.google.com/maps/place/Kiln/data=!4m2!3m1!1s0x487604d46eeab9ff:0x327d3035b194d3b8,,,London,visited,ChIJ_7nqbtQEdkgRuNOUsTUwfTI,Kiln,https://maps.google.com/?cid=3638117081155949496&g_mp=CiVnb29nbGUubWFwcy5wbGFjZXMudjEuUGxhY2VzLkdldFBsYWNlEAIYBCAA,"58 Brewer St, London W1F 9TL, UK",,Greater London,England,United Kingdom,GB,W1F 9TL,51.511400699999996,-0.13605899999999999,thai_restaurant,"thai_restaurant, restaurant, food, point_of_interest, establishment",OPERATIONAL,4.3,4106.0,PRICE_LEVEL_MODERATE,RESOLVED_FROM_URL
"Mestizo Mexican Market, Chelsea",,"https://www.google.com/maps/place/Mestizo+Mexican+Market,+Chelsea/data=!4m2!3m1!1s0x4876053372cd0ff7:0xbb84f2bfd9e5443",,,London,visited,ChIJ9w_NcjMFdkgRQ1Se_StPuAs,"Mestizo Mexican Market, Chelsea",https://maps.google.com/?cid=844511980489167939&g_mp=CiVnb29nbGUubWFwcy5wbGFjZXMudjEuUGxhY2VzLkdldFBsYWNlEAIYBCAA,"396 King's Rd, London SW10 0LN, UK",,Greater London,England,United Kingdom,GB,SW10 0LN,51.483768500000004,-0.1772803,grocery_store,"grocery_store, food_store, food, store, point_of_interest, establishment",OPERATIONAL,4.4,34.0,,RESOLVED_FROM_URL
Al Hamra,,https://www.google.com/maps/place/Al+Hamra/data=!4m2!3m1!1s0x4876052f2e056ca3:0x56627775f2f8f922,,,London,visited,ChIJo2wFLi8FdkgRIvn48nV3YlY,Al Hamra,https://maps.google.com/?cid=6224668983450728738&g_mp=CiVnb29nbGUubWFwcy5wbGFjZXMudjEuUGxhY2VzLkdldFBsYWNlEAIYBCAA,"31-33 Shepherd Market, London W1J 7PT, UK",,Greater London,England,United Kingdom,GB,W1J 7PT,51.506375399999996,-0.1471581,lebanese_restaurant,"lebanese_restaurant, restaurant, food, point_of_interest, establishment",OPERATIONAL,4.1,1179.0,,RESOLVED_FROM_URL
Mayyil - Lebanese On The Go,,https://www.google.com/maps/place/Mayyil+-+Lebanese+On+The+Go/data=!4m2!3m1!1s0x48760fcd47577805:0xa674756eb92b0a55,,,London,visited,ChIJBXhXR80PdkgRVQoruW51dKY,Mayyil - Lebanese On The Go,https://maps.google.com/?cid=11994340826007931477&g_mp=CiVnb29nbGUubWFwcy5wbGFjZXMudjEuUGxhY2VzLkdldFBsYWNlEAIYBCAA,"14 Pembridge Rd, London W11 3HL, UK",,Greater London,England,United Kingdom,GB,W11 3HL,51.509514599999996,-0.19699119999999998,lebanese_restaurant,"lebanese_restaurant, restaurant, point_of_interest, food, establishment",OPERATIONAL,4.8,809.0,PRICE_LEVEL_MODERATE,RESOLVED_FROM_URL
"The Churchill Arms, Kensington",,"https://www.google.com/maps/place/The+Churchill+Arms,+Kensington/data=!4m2!3m1!1s0x48760ffa31d53019:0x379aa0d23b50cf3a",,,London,visited,ChIJGTDVMfoPdkgROs9QO9Kgmjc,"The Churchill Arms, Kensington",https://maps.google.com/?cid=4006691643298205498&g_mp=CiVnb29nbGUubWFwcy5wbGFjZXMudjEuUGxhY2VzLkdldFBsYWNlEAIYBCAA,"119 Kensington Church St, London W8 7LN, UK",,Greater London,England,United Kingdom,GB,W8 7LN,51.506911699999996,-0.194801,pub,"pub, thai_restaurant, bar, restaurant, food, point_of_interest, establishment",OPERATIONAL,4.5,8636.0,PRICE_LEVEL_MODERATE,RESOLVED_FROM_URL
Blend Juice+Coffee Bar,,https://www.google.com/maps/place/Blend+Juice%2BCoffee+Bar/data=!4m2!3m1!1s0x48760f57a42a32ed:0xa70e3bf0ea5d946d,,,London,visited,ChIJ7TIqpFcPdkgRbZRd6vA7Dqc,Blend Juice+Coffee Bar,https://maps.google.com/?cid=12037624759918105709&g_mp=CiVnb29nbGUubWFwcy5wbGFjZXMudjEuUGxhY2VzLkdldFBsYWNlEAIYBCAA,"101B Kensington Church St, London W8 7LN, UK",,Greater London,England,United Kingdom,GB,W8 7LN,51.5062223,-0.194649,cafe,"cafe, juice_shop, cake_shop, tea_house, coffee_shop, pastry_shop, dessert_shop, confectionery, bakery, food_store, manufacturer, store, wholesaler, restaurant, food, point_of_interest, service, establishment",OPERATIONAL,4.6,203.0,PRICE_LEVEL_MODERATE,RESOLVED_FROM_URL
Cafe Jumo,Muy buen lugar para desayunar y buenisimo el avo toast,https://www.google.com/maps/place/Cafe+Jumo/data=!4m2!3m1!1s0x48760f1907828049:0xa75168db191e6472,,,London,visited,ChIJSYCCBxkPdkgRcmQeGdtoUac,Jumo,https://maps.google.com/?cid=12056532967676077170&g_mp=CiVnb29nbGUubWFwcy5wbGFjZXMudjEuUGxhY2VzLkdldFBsYWNlEAIYBCAA,"32b Kensington Church St, London W8 4HA, UK",,Greater London,England,United Kingdom,GB,W8 4HA,51.5039972,-0.19194799999999998,cafe,"cafe, brunch_restaurant, cake_shop, tea_house, sandwich_shop, coffee_shop, breakfast_restaurant, bakery, wholesaler, food_store, store, manufacturer, service, restaurant, food, point_of_interest, establishment",OPERATIONAL,4.6,465.0,PRICE_LEVEL_MODERATE,RESOLVED_FROM_URL
The Pig's Ear,,https://www.google.com/maps/place/The+Pig's+Ear/data=!4m2!3m1!1s0x4876056e3a418ddf:0xf62b72282dc89185,,,London,visited,ChIJ341BOm4FdkgRhZHILShyK_Y,The Pig's Ear,https://maps.google.com/?cid=17738397074221207941&g_mp=CiVnb29nbGUubWFwcy5wbGFjZXMudjEuUGxhY2VzLkdldFBsYWNlEAIYBCAA,"35 Old Church St, London SW3 5BS, UK",,Greater London,England,United Kingdom,GB,SW3 5BS,51.4842923,-0.1722511,pub,"pub, cocktail_bar, bistro, bar, restaurant, food, point_of_interest, establishment",OPERATIONAL,4.7,1915.0,PRICE_LEVEL_MODERATE,RESOLVED_FROM_URL
Canonbury Tavern,,https://www.google.com/maps/place/Canonbury+Tavern/data=!4m2!3m1!1s0x48761b631a936b87:0xb49d93aa26321bbd,,,London,visited,ChIJh2uTGmMbdkgRvRsyJqqTnbQ,Canonbury Tavern,https://maps.google.com/?cid=13014720857165142973&g_mp=CiVnb29nbGUubWFwcy5wbGFjZXMudjEuUGxhY2VzLkdldFBsYWNlEAIYBCAA,"21 Canonbury Pl, London N1 2NS, UK",,Greater London,England,United Kingdom,GB,N1 2NS,51.544672,-0.09758539999999999,pub,"pub, beer_garden, wedding_venue, event_venue, bar, restaurant, food, point_of_interest, service, establishment",OPERATIONAL,4.1,2294.0,PRICE_LEVEL_MODERATE,RESOLVED_FROM_URL
Lore of the Land,Pub imposible de encontrar reservacion pero famoso por su sunday roast. ,https://www.google.com/maps/place/Lore+of+the+Land/data=!4m2!3m1!1s0x48761b783c613277:0x9979279b7986df20,,,London,visited,ChIJdzJhPHgbdkgRIN-GeZsneZk,Lore of the Land,https://maps.google.com/?cid=11058913908697259808&g_mp=CiVnb29nbGUubWFwcy5wbGFjZXMudjEuUGxhY2VzLkdldFBsYWNlEAIYBCAA,"4 Conway St, London W1T 6BB, UK",,Greater London,England,United Kingdom,GB,W1T 6BB,51.522050199999995,-0.139629,pub,"pub, steak_house, british_restaurant, bar, european_restaurant, restaurant, food, point_of_interest, establishment",OPERATIONAL,4.6,1515.0,PRICE_LEVEL_MODERATE,RESOLVED_FROM_URL
Roebuck,,https://www.google.com/maps/place/Roebuck/data=!4m2!3m1!1s0x48760c3dee1bbaf3:0xaff5c18ce5922c96,,,London,visited,ChIJ87ob7j0MdkgRliyS5YzB9a8,Roebuck,https://maps.google.com/?cid=12679253136822643862&g_mp=CiVnb29nbGUubWFwcy5wbGFjZXMudjEuUGxhY2VzLkdldFBsYWNlEAIYBCAA,"130 Richmond Hill, Richmond TW10 6RN, UK",,Greater London,England,United Kingdom,GB,TW10 6RN,51.452469099999995,-0.29851010000000006,pub,"pub, bar, restaurant, food, point_of_interest, establishment",OPERATIONAL,4.5,2927.0,,RESOLVED_FROM_URL
White Cross,,https://www.google.com/maps/place/White+Cross/data=!4m2!3m1!1s0x48760c470ed0a25b:0x97a5c19d6066202f,,,London,visited,ChIJW6LQDkcMdkgRLyBmYJ3BpZc,White Cross,https://maps.google.com/?cid=10927352952555708463&g_mp=CiVnb29nbGUubWFwcy5wbGFjZXMudjEuUGxhY2VzLkdldFBsYWNlEAIYBCAA,"Surrey, Riverside House, Water Ln, Richmond TW9 1NR, UK",,Greater London,England,United Kingdom,GB,TW9 1NR,51.4589327,-0.30834449999999997,pub,"pub, sports_bar, beer_garden, bar, restaurant, food, point_of_interest, establishment",OPERATIONAL,4.3,3323.0,PRICE_LEVEL_MODERATE,RESOLVED_FROM_URL
Pear Tree Cafe,Cafeteria linda en el parque,https://www.google.com/maps/place/Pear+Tree+Cafe/data=!4m2!3m1!1s0x4876050595eea9fb:0x92eb238934f035eb,,,London,visited,ChIJ-6nulQUFdkgR6zXwNIkj65I,Pear Tree Cafe,https://maps.google.com/?cid=10586594421270132203&g_mp=CiVnb29nbGUubWFwcy5wbGFjZXMudjEuUGxhY2VzLkdldFBsYWNlEAIYBCAA,"Lakeside Cafe Battersea Park, London SW11 4NJ, UK",,Greater London,England,United Kingdom,GB,SW11 4NJ,51.4796629,-0.1511722,cafe,"cafe, restaurant, food, point_of_interest, establishment",OPERATIONAL,4.2,2322.0,PRICE_LEVEL_MODERATE,RESOLVED_FROM_URL
Sessions Arts Club,Lugar increible!! La comida equis pero vale la pena ir,https://www.google.com/maps/place/Sessions+Arts+Club/data=!4m2!3m1!1s0x48761b03660fcde5:0xb606de409a3692ee,,,London,visited,ChIJ5c0PZgMbdkgR7pI2mkDeBrY,Sessions Arts Club,https://maps.google.com/?cid=13116415333809689326&g_mp=CiVnb29nbGUubWFwcy5wbGFjZXMudjEuUGxhY2VzLkdldFBsYWNlEAIYBCAA,"24 Clerkenwell Grn, London EC1R 0NA, UK",,Greater London,England,United Kingdom,GB,EC1R 0NA,51.5226427,-0.1060103,restaurant,"restaurant, food, point_of_interest, establishment",OPERATIONAL,4.2,786.0,,RESOLVED_FROM_URL
Brutto,Deli muy italiano. ,https://www.google.com/maps/place/Brutto/data=!4m2!3m1!1s0x48761b8e0f5df703:0x9e21a6a190df2cd1,,,London,visited,ChIJA_ddD44bdkgR0SzfkKGmIZ4,Brutto,https://maps.google.com/?cid=11394571745074556113&g_mp=CiVnb29nbGUubWFwcy5wbGFjZXMudjEuUGxhY2VzLkdldFBsYWNlEAIYBCAA,"35-37 Greenhill Rents, London EC1M 6BN, UK",,Greater London,England,United Kingdom,GB,EC1M 6BN,51.5198142,-0.102394,italian_restaurant,"italian_restaurant, restaurant, food, point_of_interest, establishment",OPERATIONAL,4.4,1042.0,PRICE_LEVEL_EXPENSIVE,RESOLVED_FROM_URL
tease,Lugar de smoothies deli. Matcha con seasalt y datil,https://www.google.com/maps/place/tease/data=!4m2!3m1!1s0x487605645de31267:0xee3b25698031276b,,,London,visited,ChIJZxLjXWQFdkgRaycxgGklO-4,tease,https://maps.google.com/?cid=17166355539705276267&g_mp=CiVnb29nbGUubWFwcy5wbGFjZXMudjEuUGxhY2VzLkdldFBsYWNlEAIYBCAA,"19 Harrington Rd, South Kensington, London SW7 3ES, UK",South Kensington,Greater London,England,United Kingdom,GB,SW7 3ES,51.493998999999995,-0.1757507,cafe,"cafe, food, point_of_interest, establishment",OPERATIONAL,4.1,267.0,PRICE_LEVEL_INEXPENSIVE,RESOLVED_FROM_URL
Cleo,,https://www.google.com/maps/place/Cleo/data=!4m2!3m1!1s0x487605006fb1366f:0xd1802ca5455de129,,,London,visited,ChIJbzaxbwAFdkgRKeFdRaUsgNE,Cleo,https://maps.google.com/?cid=15096115039290908969&g_mp=CiVnb29nbGUubWFwcy5wbGFjZXMudjEuUGxhY2VzLkdldFBsYWNlEAIYBCAA,"54A Elizabeth St, London SW1W 9PB, UK",,Greater London,England,United Kingdom,GB,SW1W 9PB,51.4940625,-0.1512518,restaurant,"restaurant, brunch_restaurant, bar, food, point_of_interest, establishment",OPERATIONAL,4.4,412.0,PRICE_LEVEL_MODERATE,RESOLVED_FROM_URL
Kiss the Hippo Coffee Chelsea,,https://www.google.com/maps/place/Kiss+the+Hippo+Coffee+Chelsea/data=!4m2!3m1!1s0x4876058572d60a83:0x3f5c6b0b17f86e93,,,London,visited,ChIJgwrWcoUFdkgRk274FwtrXD8,Kiss the Hippo Coffee Chelsea,https://maps.google.com/?cid=4565641817637809811&g_mp=CiVnb29nbGUubWFwcy5wbGFjZXMudjEuUGxhY2VzLkdldFBsYWNlEAIYBCAA,"285 Fulham Rd., London SW10 9PZ, UK",,Greater London,England,United Kingdom,GB,SW10 9PZ,51.4873506,-0.1784802,coffee_shop,"coffee_shop, food_store, cafe, food, point_of_interest, store, establishment",OPERATIONAL,4.7,501.0,PRICE_LEVEL_INEXPENSIVE,RESOLVED_FROM_URL
Phat Phuc Noodle Bar,Increíble restaurante en Chelsea. Muy sencillo pero muy cool. La comida espectacular y muy barato. A las 4 pm no habia cola en domingo.,https://www.google.com/maps/place/Phat+Phuc+Noodle+Bar/data=!4m2!3m1!1s0x4876056c10d1bbc1:0xfa1f46a6b0952116,,,London,visited,ChIJwbvREGwFdkgRFiGVsKZGH_o,Phat Phuc Noodle Bar,https://maps.google.com/?cid=18023201915501093142&g_mp=CiVnb29nbGUubWFwcy5wbGFjZXMudjEuUGxhY2VzLkdldFBsYWNlEAIYBCAA,"The Courtyard, 151 Sydney St, London SW3 6NT, UK",,Greater London,England,United Kingdom,GB,SW3 6NT,51.487543699999996,-0.1692042,vietnamese_restaurant,"vietnamese_restaurant, restaurant, food, point_of_interest, establishment",OPERATIONAL,4.6,2411.0,PRICE_LEVEL_MODERATE,RESOLVED_FROM_URL
Crisp Pizza,La mejor pizza de Londres sin duda. Todas las pizzas están excelentes y padre experiencia al ser un pub normal. Vale la pena hacer la cola. Dura como 1 hora pero si lo valen.,https://www.google.com/maps/place/Crisp+Pizza/data=!4m2!3m1!1s0x48760f005bf2e35d:0x98d36dbbdb5d2f55,,,London,visited,ChIJXePyWwAPdkgRVS9d27tt05g,Crisp Pizza,https://maps.google.com/?cid=11012266167457623893&g_mp=CiVnb29nbGUubWFwcy5wbGFjZXMudjEuUGxhY2VzLkdldFBsYWNlEAIYBCAA,"25 Crisp Rd, London W6 9RL, UK",,Greater London,England,United Kingdom,GB,W6 9RL,51.4885586,-0.22691919999999996,pizza_restaurant,"pizza_restaurant, restaurant, food, point_of_interest, establishment",CLOSED_PERMANENTLY,4.0,422.0,PRICE_LEVEL_MODERATE,RESOLVED_FROM_URL
Julie's Restaurant,Gran restaurante en una muy buena zona de Notting Hill. El ambiente muy fancy pero de gente joven. Bueno para echar drinks.,https://www.google.com/maps/place/Julie's+Restaurant/data=!4m2!3m1!1s0x4876057dae80cd7d:0x871bbd44f24c027a,,,London,visited,ChIJfc2Arn0FdkgRegJM8kS9G4c,Julie's Restaurant,https://maps.google.com/?cid=9735583123311952506&g_mp=CiVnb29nbGUubWFwcy5wbGFjZXMudjEuUGxhY2VzLkdldFBsYWNlEAIYBCAA,"135 Portland Rd, London W11 4LW, UK",,Greater London,England,United Kingdom,GB,W11 4LW,51.510129799999994,-0.2105453,french_restaurant,"french_restaurant, event_venue, bar, restaurant, food, point_of_interest, establishment",OPERATIONAL,4.2,508.0,,RESOLVED_FROM_URL
The Plimsoll,"De los mejores restaurantes/pubs de Londres. La comida espectacular pero casual. Ambiente casual, casero, cozy y friendly. La hamburguesa esta impresionante y si es la mejor de la ciudad hasta lo que vamos.",https://www.google.com/maps/place/The+Plimsoll/data=!4m2!3m1!1s0x48761b4b35a84039:0xcf341b5e3f1b3a92,,,London,visited,ChIJOUCoNUsbdkgRkjobP14bNM8,The Plimsoll,https://maps.google.com/?cid=14930588756239661714&g_mp=CiVnb29nbGUubWFwcy5wbGFjZXMudjEuUGxhY2VzLkdldFBsYWNlEAIYBCAA,"52 St Thomas's Rd, Finsbury Park, London N4 2QQ, UK",Finsbury Park,Greater London,England,United Kingdom,GB,N4 2QQ,51.5620146,-0.1051081,pub,"pub, bar, restaurant, food, point_of_interest, establishment",OPERATIONAL,4.4,1178.0,PRICE_LEVEL_MODERATE,RESOLVED_FROM_URL
Bar Crispin,Buen wine bar en soho. La comida rica pero tampoco nada del otro mundo y ni cierra muy tarde para ser soho. Buena opcion de vinos de todo tipo eso si.,https://www.google.com/maps/place/Bar+Crispin/data=!4m2!3m1!1s0x487605f81badaf13:0x77926e447f3dfc91,,,London,visited,ChIJE6-tG_gFdkgRkfw9f0Ruknc,Bar Crispin,https://maps.google.com/?cid=8616070277584780433&g_mp=CiVnb29nbGUubWFwcy5wbGFjZXMudjEuUGxhY2VzLkdldFBsYWNlEAIYBCAA,"19 Kingly St, Carnaby, London W1B 5PY, UK",Carnaby,Greater London,England,United Kingdom,GB,W1B 5PY,51.5129094,-0.13954,restaurant,"restaurant, wine_bar, bar, food, point_of_interest, establishment",OPERATIONAL,4.6,945.0,PRICE_LEVEL_MODERATE,RESOLVED_FROM_URL
"Kricket Shoreditch - Kafé, Restaurant & Bar",,"https://www.google.com/maps/place/Kricket+Shoreditch+-+Kaf%C3%A9,+Restaurant+%26+Bar/data=!4m2!3m1!1s0x48761d00685e0c01:0x5e2b81bff913a090",,,London,visited,ChIJAQxeaAAddkgRkKAT-b-BK14,Kricket Shoreditch,https://maps.google.com/?cid=6785659925081333904&g_mp=CiVnb29nbGUubWFwcy5wbGFjZXMudjEuUGxhY2VzLkdldFBsYWNlEAIYBCAA,"35-42 Charlotte Rd, London EC2A 3PB, UK",,Greater London,England,United Kingdom,GB,EC2A 3PB,51.525249099999996,-0.0809457,restaurant,"restaurant, food, point_of_interest, establishment",OPERATIONAL,4.9,1984.0,PRICE_LEVEL_MODERATE,RESOLVED_FROM_URL
Rochelle Canteen,,https://www.google.com/maps/place/Rochelle+Canteen/data=!4m2!3m1!1s0x48761cb9d954f035:0x761c3b782e228426,,,London,visited,ChIJNfBU2bkcdkgRJoQiLng7HHY,Rochelle Canteen,https://maps.google.com/?cid=8510742783179523110&g_mp=CiVnb29nbGUubWFwcy5wbGFjZXMudjEuUGxhY2VzLkdldFBsYWNlEAIYBCAA,"16 Playground Gardens, London E2 7FA, UK",,Greater London,England,United Kingdom,GB,E2 7FA,51.5257669,-0.07429179999999999,restaurant,"breakfast_restaurant, restaurant, food, point_of_interest, establishment",OPERATIONAL,4.4,832.0,PRICE_LEVEL_EXPENSIVE,RESOLVED_FROM_URL
JUNK SOHO,,https://www.google.com/maps/place/JUNK+SOHO/data=!4m2!3m1!1s0x4876053aea7cbcab:0xdd6e0679405aa433,,,London,visited,ChIJq7x86joFdkgRM6RaQHkGbt0,JUNK SOHO,https://maps.google.com/?cid=15955697647660737587&g_mp=CiVnb29nbGUubWFwcy5wbGFjZXMudjEuUGxhY2VzLkdldFBsYWNlEAIYBCAA,"49 Old Compton St, London W1D 6HL, UK",,Greater London,England,United Kingdom,GB,W1D 6HL,51.5126541,-0.1323859,fast_food_restaurant,"fast_food_restaurant, hamburger_restaurant, american_restaurant, restaurant, point_of_interest, food, establishment",OPERATIONAL,4.5,3221.0,PRICE_LEVEL_MODERATE,RESOLVED_FROM_URL
The Mayfair Chippy,"Buen fish and chips en central. Perfecto para llevar a invitados turistas, hay camarones igual y lobster roll. Se llena entonces tratar de ir con reservacion o hacer cola. ",https://www.google.com/maps/place/The+Mayfair+Chippy/data=!4m2!3m1!1s0x4876053296ce3eeb:0x49900da706103950,,,London,visited,ChIJ6z7OljIFdkgRUDkQBqcNkEk,The Mayfair Chippy,https://maps.google.com/?cid=5300751772427499856&g_mp=CiVnb29nbGUubWFwcy5wbGFjZXMudjEuUGxhY2VzLkdldFBsYWNlEAIYBCAA,"14 N Audley St, London W1K 6WE, UK",,Greater London,England,United Kingdom,GB,W1K 6WE,51.5131708,-0.1532625,fish_and_chips_restaurant,"fish_and_chips_restaurant, meal_takeaway, british_restaurant, restaurant, food, point_of_interest, establishment",OPERATIONAL,4.5,6317.0,PRICE_LEVEL_MODERATE,RESOLVED_FROM_URL
Mercato Mayfair,,https://www.google.com/maps/place/Mercato+Mayfair/data=!4m2!3m1!1s0x48760509d1f4d6b7:0xeb4ea82d4f8172d1,,,London,visited,ChIJt9b00QkFdkgR0XKBTy2oTus,Mercato Mayfair,https://maps.google.com/?cid=16955674559657374417&g_mp=CiVnb29nbGUubWFwcy5wbGFjZXMudjEuUGxhY2VzLkdldFBsYWNlEAIYBCAA,"St. Mark's Church, 13A N Audley St, London W1K 6ZA, UK",,Greater London,England,United Kingdom,GB,W1K 6ZA,51.5131568,-0.1528891,food_court,"food_court, market, grocery_store, food_store, store, restaurant, food, point_of_interest, establishment",OPERATIONAL,4.5,9632.0,PRICE_LEVEL_MODERATE,RESOLVED_FROM_URL
Hollywood Arms,,https://www.google.com/maps/place/Hollywood+Arms/data=!4m2!3m1!1s0x48760563a7c77abb:0xbe31db066db8ca02,,,London,visited,ChIJu3rHp2MFdkgRAsq4bQbbMb4,Hollywood Arms,https://maps.google.com/?cid=13704975961722243586&g_mp=CiVnb29nbGUubWFwcy5wbGFjZXMudjEuUGxhY2VzLkdldFBsYWNlEAIYBCAA,"45 Hollywood Rd, London SW10 9HX, UK",,Greater London,England,United Kingdom,GB,SW10 9HX,51.4861186,-0.1840164,pub,"pub, wedding_venue, bar, event_venue, service, point_of_interest, establishment",OPERATIONAL,4.4,1217.0,PRICE_LEVEL_MODERATE,RESOLVED_FROM_URL
The Goods Shed Market,,https://www.google.com/maps/place/The+Goods+Shed+Market/data=!4m2!3m1!1s0x47decb007bdad96f:0xc66e877e5187c0f5,,,London,visited,ChIJb9naewDL3kcR9cCHUX6HbsY,The Goods Shed Market,https://maps.google.com/?cid=14298514843551383797&g_mp=CiVnb29nbGUubWFwcy5wbGFjZXMudjEuUGxhY2VzLkdldFBsYWNlEAIYBCAA,"Station Rd W, Canterbury CT2 8AN, UK",,Kent,England,United Kingdom,GB,CT2 8AN,51.2846695,1.0764418999999998,market,"market, point_of_interest, establishment",OPERATIONAL,4.4,18.0,,RESOLVED_FROM_URL
sketch,Ya paso de moda pero bueno porq el bar cierra tarde,https://www.google.com/maps/place/sketch/data=!4m2!3m1!1s0x4876052a8fed866b:0xb07500db019d0324,,,London,visited,ChIJa4btjyoFdkgRJAOdAdsAdbA,sketch,https://maps.google.com/?cid=12715070063575368484&g_mp=CiVnb29nbGUubWFwcy5wbGFjZXMudjEuUGxhY2VzLkdldFBsYWNlEAIYBCAA,"9 Conduit St, London W1S 2XG, UK",,Greater London,England,United Kingdom,GB,W1S 2XG,51.512693,-0.141529,restaurant,"pastry_shop, cocktail_bar, cafe, bar, dessert_shop, confectionery, cake_shop, wholesaler, bakery, food_store, store, service, restaurant, food, manufacturer, point_of_interest, establishment",OPERATIONAL,4.3,10149.0,PRICE_LEVEL_VERY_EXPENSIVE,RESOLVED_FROM_URL
KURO BAGELS,Buenisismos para un picnic en el parque. Pedimos el de huevo y salchicha y el de salmon. Nos quedamos con antojo del de tomato,https://www.google.com/maps/place/KURO+BAGELS/data=!4m2!3m1!1s0x48760fee2f924395:0xa65afff227c1aef4,,,London,visited,ChIJlUOSL-4PdkgR9K7BJ_L_WqY,KURO BAGELS,https://maps.google.com/?cid=11987174773714169588&g_mp=CiVnb29nbGUubWFwcy5wbGFjZXMudjEuUGxhY2VzLkdldFBsYWNlEAIYBCAA,"5 Hillgate St, London W8 7SP, UK",,Greater London,England,United Kingdom,GB,W8 7SP,51.5084564,-0.19754719999999998,bagel_shop,"bagel_shop, coffee_shop, cafe, bakery, food_store, store, food, point_of_interest, establishment",OPERATIONAL,4.5,694.0,PRICE_LEVEL_MODERATE,RESOLVED_FROM_URL
Fonda,Buenisimo mexicano que fuimos del cumple de Fran! ,https://www.google.com/maps/place/Fonda/data=!4m2!3m1!1s0x4876059b322a97cf:0xbcf3aa9bcbf15484,,,London,visited,ChIJz5cqMpsFdkgRhFTxy5uq87w,Fonda,https://maps.google.com/?cid=13615413684589384836&g_mp=CiVnb29nbGUubWFwcy5wbGFjZXMudjEuUGxhY2VzLkdldFBsYWNlEAIYBCAA,"12 Heddon St, London W1B 4BZ, UK",,Greater London,England,United Kingdom,GB,W1B 4BZ,51.511199999999995,-0.1396217,mexican_restaurant,"mexican_restaurant, restaurant, food, point_of_interest, establishment",OPERATIONAL,4.7,1279.0,PRICE_LEVEL_VERY_EXPENSIVE,RESOLVED_FROM_URL
EVE X Proper Slice,Lugar muy agusto que tambien es hotel. La pizza New York buenisisima! ,https://www.google.com/maps/place/EVE+X+Proper+Slice/data=!4m2!3m1!1s0x48760fe43f63d479:0x3b3dc85e2119a5ac,,,London,visited,ChIJedRjP-QPdkgRrKUZIV7IPTs,EVE,https://maps.google.com/?cid=4268788328424908204&g_mp=CiVnb29nbGUubWFwcy5wbGFjZXMudjEuUGxhY2VzLkdldFBsYWNlEAIYBCAA,"202 Cromwell Rd, London SW5 0SW, UK",,Greater London,England,United Kingdom,GB,SW5 0SW,51.494959699999995,-0.1944178,pizza_restaurant,"pizza_restaurant, restaurant, food, point_of_interest, establishment",OPERATIONAL,4.1,732.0,PRICE_LEVEL_MODERATE,RESOLVED_FROM_URL
Hjem,Cafe alado de la casa muy agusto! En sabados se llena toda la glorieta y tiene ambiente familiar cool.,https://www.google.com/maps/place/Hjem/data=!4m2!3m1!1s0x48760558d4acfa2d:0x738610b77c958cda,,,London,visited,ChIJLfqs1FgFdkgR2oyVfLcQhnM,Hjem,https://maps.google.com/?cid=8324359341496175834&g_mp=CiVnb29nbGUubWFwcy5wbGFjZXMudjEuUGxhY2VzLkdldFBsYWNlEAIYBCAA,"3 Launceston Pl, London W8 5RJ, UK",,Greater London,England,United Kingdom,GB,W8 5RJ,51.4990873,-0.1852879,bakery,"bakery, food_store, store, food, point_of_interest, establishment",OPERATIONAL,4.3,772.0,PRICE_LEVEL_INEXPENSIVE,RESOLVED_FROM_URL
The Sporting Page,Excelente pub familiar para ver partidos y estar instalado un buen rato. Hay juegos de mesa y todo. ,https://www.google.com/maps/place/The+Sporting+Page/data=!4m2!3m1!1s0x48760564e7549303:0x12d85e449ceadf7e,,,London,visited,ChIJA5NU52QFdkgRft_qnERe2BI,The Sporting Page,https://maps.google.com/?cid=1357938936435629950&g_mp=CiVnb29nbGUubWFwcy5wbGFjZXMudjEuUGxhY2VzLkdldFBsYWNlEAIYBCAA,"6 Camera Pl, London SW10 0BH, UK",,Greater London,England,United Kingdom,GB,SW10 0BH,51.4846455,-0.1794144,pub,"pub, bar, point_of_interest, establishment",OPERATIONAL,4.4,488.0,PRICE_LEVEL_MODERATE,RESOLVED_FROM_URL
Cafe Laville,Lugar deli para ir un dia de sol para una date por drinks. Se ven delis las pizzas y a super buen precio todo. Sentarse afuerzas en la ventana que da al rio. ,https://www.google.com/maps/place/Cafe+Laville/data=!4m2!3m1!1s0x48761aafe0d1c809:0xde0e88c114d41ff4,,,London,visited,ChIJCcjR4K8adkgR9B_UFMGIDt4,Laville Restaurant,https://maps.google.com/?cid=16000876888953462772&g_mp=CiVnb29nbGUubWFwcy5wbGFjZXMudjEuUGxhY2VzLkdldFBsYWNlEAIYBCAA,"453 Edgware Rd, London W2 1TH, UK",,Greater London,England,United Kingdom,GB,W2 1TH,51.5245331,-0.1769915,italian_restaurant,"italian_restaurant, mediterranean_restaurant, restaurant, food, point_of_interest, establishment",OPERATIONAL,4.3,2235.0,PRICE_LEVEL_MODERATE,RESOLVED_FROM_URL
The Hero - Maida Vale,,https://www.google.com/maps/place/The+Hero+-+Maida+Vale/data=!4m2!3m1!1s0x48761100339e9c6d:0xbe5fa4c6b84c0357,,,London,visited,ChIJbZyeMwARdkgRVwNMuMakX74,The Hero | Maida Vale,https://maps.google.com/?cid=13717864163396289367&g_mp=CiVnb29nbGUubWFwcy5wbGFjZXMudjEuUGxhY2VzLkdldFBsYWNlEAIYBCAA,"55 Shirland Rd, London W9 2JD, UK",,Greater London,England,United Kingdom,GB,W9 2JD,51.5243227,-0.1887564,pub,"pub, cocktail_bar, bar, restaurant, food, point_of_interest, establishment",OPERATIONAL,4.3,754.0,PRICE_LEVEL_MODERATE,RESOLVED_FROM_URL
Morito,,https://www.google.com/maps/place/Morito/data=!4m2!3m1!1s0x48761cb8d5f8c7c7:0x88446fbc0e05ad0d,,,London,visited,ChIJx8f41bgcdkgRDa0FDrxvRIg,Morito,https://maps.google.com/?cid=9819095941054311693&g_mp=CiVnb29nbGUubWFwcy5wbGFjZXMudjEuUGxhY2VzLkdldFBsYWNlEAIYBCAA,"195 Hackney Rd, London E2 8JL, UK",,Greater London,England,United Kingdom,GB,E2 8JL,51.531075099999995,-0.0719901,tapas_restaurant,"tapas_restaurant, mediterranean_restaurant, restaurant, food, point_of_interest, establishment",CLOSED_PERMANENTLY,4.3,1358.0,PRICE_LEVEL_MODERATE,RESOLVED_FROM_URL
Tacos MX Fulham,,https://www.google.com/maps/place/Tacos+MX+Fulham/data=!4m2!3m1!1s0x48760fcfbb42dccf:0x8c3b1b6ec0ef5285,,,London,visited,ChIJz9xCu88PdkgRhVLvwG4bO4w,Tacos MX Fulham,https://maps.google.com/?cid=10104700351433101957&g_mp=CiVnb29nbGUubWFwcy5wbGFjZXMudjEuUGxhY2VzLkdldFBsYWNlEAIYBCAA,"337 Lillie Rd, London SW6 7NR, UK",,Greater London,England,United Kingdom,GB,SW6 7NR,51.4825958,-0.21437299999999998,mexican_restaurant,"mexican_restaurant, taco_restaurant, meal_takeaway, restaurant, food, point_of_interest, establishment",OPERATIONAL,4.7,930.0,PRICE_LEVEL_INEXPENSIVE,RESOLVED_FROM_URL
Cheeky Scone,Buenisimos los scones. Muy recomendado para llevartelos de take-out. El de cheese and chives y original buenerrimos.,https://www.google.com/maps/place/Cheeky+Scone/data=!4m2!3m1!1s0x48760fa7c9fc0977:0x9ab7ed64f364f82b,,,London,visited,ChIJdwn8yacPdkgRK_hk82Ttt5o,Cheeky Scone,https://maps.google.com/?cid=11148640420414945323&g_mp=CiVnb29nbGUubWFwcy5wbGFjZXMudjEuUGxhY2VzLkdldFBsYWNlEAIYBCAA,"43 Pembridge Rd, London W11 3HG, UK",,Greater London,England,United Kingdom,GB,W11 3HG,51.51056080000001,-0.1975736,bakery,"bakery, cafe, food_store, store, food, point_of_interest, establishment",OPERATIONAL,4.0,1143.0,PRICE_LEVEL_INEXPENSIVE,RESOLVED_FROM_URL
The Crabtree,Gran pub que da al rio. La terraza esta padrisima y muy grande. Mucha gente joven y muy buen ambiente. Ideal para el verano.,https://www.google.com/maps/place/The+Crabtree/data=!4m2!3m1!1s0x48760fb01d5f454f:0x661c3039a59c37c8,,,London,visited,ChIJT0VfHbAPdkgRyDecpTkwHGY,The Crabtree,https://maps.google.com/?cid=7357808915366295496&g_mp=CiVnb29nbGUubWFwcy5wbGFjZXMudjEuUGxhY2VzLkdldFBsYWNlEAIYBCAA,"Rainville Rd, London W6 9HA, UK",,Greater London,England,United Kingdom,GB,W6 9HA,51.482107,-0.2233518,pub,"pub, bar, restaurant, food, point_of_interest, establishment",OPERATIONAL,4.4,2864.0,,RESOLVED_FROM_URL
Duke on the Green,Muy buen pub en Parsons Green. Una opcion mas chill en comparacion del White Horse pero muy cool. Tienen juegos de mesa.,https://www.google.com/maps/place/Duke+on+the+Green/data=!4m2!3m1!1s0x48760f77e0d925a5:0x509957f21c9ca3c1,,,London,visited,ChIJpSXZ4HcPdkgRwaOcHPJXmVA,Duke on the Green,https://maps.google.com/?cid=5807769891844694977&g_mp=CiVnb29nbGUubWFwcy5wbGFjZXMudjEuUGxhY2VzLkdldFBsYWNlEAIYBCAA,"235 New Kings Rd, London SW6 4XG, UK",,Greater London,England,United Kingdom,GB,SW6 4XG,51.472631899999996,-0.1995071,pub,"pub, beer_garden, sports_bar, bar, restaurant, food, point_of_interest, establishment",OPERATIONAL,4.4,1248.0,,RESOLVED_FROM_URL
The White Horse,Muy buen pub con mucho ambiente en Parsons Green. Hay musica adentro y afuera una terraza muy grande. Se pone bien antes de los partidos del chelsea tambien.,https://www.google.com/maps/place/The+White+Horse/data=!4m2!3m1!1s0x48760f82b1549cc9:0x6c495a8fb435b87b,,,London,visited,ChIJyZxUsYIPdkgRe7g1tI9aSWw,The White Horse,https://maps.google.com/?cid=7802867402646337659&g_mp=CiVnb29nbGUubWFwcy5wbGFjZXMudjEuUGxhY2VzLkdldFBsYWNlEAIYBCAA,"1-3 Parsons Grn, London SW6 4UL, UK",,Greater London,England,United Kingdom,GB,SW6 4UL,51.474450999999995,-0.20032,pub,"pub, gastropub, bar, restaurant, food, point_of_interest, establishment",OPERATIONAL,4.5,2962.0,PRICE_LEVEL_MODERATE,RESOLVED_FROM_URL
Panzer's Delicatessen,,https://www.google.com/maps/place/Panzer's+Delicatessen/data=!4m2!3m1!1s0x48761abcadb9a683:0xd6181630c7795859,,,London,visited,ChIJg6a5rbwadkgRWVh5xzAWGNY,Panzer's Delicatessen,https://maps.google.com/?cid=15427104922318493785&g_mp=CiVnb29nbGUubWFwcy5wbGFjZXMudjEuUGxhY2VzLkdldFBsYWNlEAIYBCAA,"13-19 Circus Rd, London NW8 6PB, UK",,Greater London,England,United Kingdom,GB,NW8 6PB,51.5334757,-0.1721875,deli,"deli, grocery_store, food_store, store, point_of_interest, food, establishment",OPERATIONAL,4.3,1348.0,PRICE_LEVEL_MODERATE,RESOLVED_FROM_URL
Bambi,Muy buen restaurante en Hackney. Esta lejos pero vale la pena ir y mas en fin de semana que se pone un dj con viniles y se hace bar. Los miercoles son de oysters. Los camarones bbq wow. Buen plan sentarte en la barra del dj.,https://www.google.com/maps/place/Bambi/data=!4m2!3m1!1s0x48761d9f9db0e291:0x6bcac6d55fab1b92,,,London,visited,ChIJkeKwnZ8ddkgRkhurX9XGyms,Bambi,https://maps.google.com/?cid=7767239127089224594&g_mp=CiVnb29nbGUubWFwcy5wbGFjZXMudjEuUGxhY2VzLkdldFBsYWNlEAIYBCAA,"1 Westgate St, London E8 3RL, UK",,Greater London,England,United Kingdom,GB,E8 3RL,51.537762699999995,-0.057552799999999994,restaurant,"restaurant, food, point_of_interest, establishment",OPERATIONAL,4.7,987.0,PRICE_LEVEL_EXPENSIVE,RESOLVED_FROM_URL
Doppo,,https://www.google.com/maps/place/Doppo/data=!4m2!3m1!1s0x487605511067aba5:0x81a0fda60a8c9c01,,,London,visited,ChIJpatnEFEFdkgRAZyMCqb9oIE,Doppo,https://maps.google.com/?cid=9340744516749794305&g_mp=CiVnb29nbGUubWFwcy5wbGFjZXMudjEuUGxhY2VzLkdldFBsYWNlEAIYBCAA,"33 Dean St, London W1D 4PW, UK",,Greater London,England,United Kingdom,GB,W1D 4PW,51.513680699999995,-0.1323908,italian_restaurant,"fine_dining_restaurant, italian_restaurant, restaurant, food, point_of_interest, establishment",OPERATIONAL,4.8,803.0,PRICE_LEVEL_EXPENSIVE,RESOLVED_FROM_URL
The Tamil Crown,"Muy buen pub de comida hindu con ambiente muy relajado. Los platos son muy chicos entonces se presta para snacks. El pollo, los camarones y las samosas buenisimos. Las costillas de cordero no valen la pena. Hay que hacer reservacion aunque sea pub.",https://www.google.com/maps/place/The+Tamil+Crown/data=!4m2!3m1!1s0x48761b274ef04cc5:0x3b89f9854e659957,,,London,visited,ChIJxUzwTicbdkgRV5llToX5iTs,The Tamil Crown,https://maps.google.com/?cid=4290234470988355927&g_mp=CiVnb29nbGUubWFwcy5wbGFjZXMudjEuUGxhY2VzLkdldFBsYWNlEAIYBCAA,"16 Elia St, London N1 8DE, UK",,Greater London,England,United Kingdom,GB,N1 8DE,51.5320027,-0.1018477,pub,"pub, bar, point_of_interest, establishment",OPERATIONAL,4.4,1321.0,PRICE_LEVEL_MODERATE,RESOLVED_FROM_URL
Goodbye Horses,Increible restaurante. Es un neighborhood restaurant/wine bar. Tienen musica de viniles pero la verdad no le suben mucho. Tienen mesas grandes entonces es ideal para ir con grupo grandes. El arroz de ox y los toasties valen mucho la pena. Tambien aceptan walk ins y te puedes sentar en la barra o en las barras de la pared.,https://www.google.com/maps/place/Goodbye+Horses/data=!4m2!3m1!1s0x48761d005a358855:0xb3b483971196a35b,,,London,visited,ChIJVYg1WgAddkgRW6OWEZeDtLM,Goodbye Horses,https://maps.google.com/?cid=12949119513455403867&g_mp=CiVnb29nbGUubWFwcy5wbGFjZXMudjEuUGxhY2VzLkdldFBsYWNlEAIYBCAA,"21 Halliford St, London N1 3HB, UK",,Greater London,England,United Kingdom,GB,N1 3HB,51.540239299999996,-0.0898325,wine_bar,"wine_bar, bar, food, point_of_interest, establishment",OPERATIONAL,4.3,285.0,PRICE_LEVEL_MODERATE,RESOLVED_FROM_URL
"Petersham Nurseries Restaurant, Richmond","Increible lugar en Richmond. Es un invernadero, vivero, tienda de cosas de casa, restaurante y cafe. Fuimos al cafe y se come deli. Muy bueno el roast chicken. Vale la pena mucho ir y caminar por Richmond.","https://www.google.com/maps/place/Petersham+Nurseries+Restaurant,+Richmond/data=!4m2!3m1!1s0x48760da1ef8f193f:0x9f500a1d4f1906d7",,,London,visited,ChIJPxmP76ENdkgR1wYZTx0KUJ8,"Petersham Nurseries Restaurant, Richmond",https://maps.google.com/?cid=11479686571164763863&g_mp=CiVnb29nbGUubWFwcy5wbGFjZXMudjEuUGxhY2VzLkdldFBsYWNlEAIYBCAA,"Off Church Ln, Petersham Rd, Richmond TW10 7AB, UK",,Greater London,England,United Kingdom,GB,TW10 7AB,51.4470676,-0.302242,restaurant,"italian_restaurant, restaurant, food, point_of_interest, establishment",OPERATIONAL,4.2,1191.0,,RESOLVED_FROM_URL
Brilliant Corners,Gran restaurante muy cool y original. Es de sushi y con ambiente como oscuro cozy y al final como a las 9:30 te quitan tu mesa y vuelve bar con dj de vinyl. Tambien se puede entrar como walk in al bar.,https://www.google.com/maps/place/Brilliant+Corners/data=!4m2!3m1!1s0x48761c93d08f9a1b:0xb19fa8dd3a12ae54,,,London,visited,ChIJG5qP0JMcdkgRVK4SOt2on7E,Brilliant Corners,https://maps.google.com/?cid=12799134334125780564&g_mp=CiVnb29nbGUubWFwcy5wbGFjZXMudjEuUGxhY2VzLkdldFBsYWNlEAIYBCAA,"470 Kingsland Rd, London E8 4AE, UK",,Greater London,England,United Kingdom,GB,E8 4AE,51.543054299999994,-0.0759088,japanese_restaurant,"japanese_restaurant, sushi_restaurant, bar, restaurant, food, point_of_interest, establishment",OPERATIONAL,4.3,785.0,PRICE_LEVEL_EXPENSIVE,RESOLVED_FROM_URL
La Crêperie de Hampstead,"Muy buenas crepas que llevan como 45 años en el mismo lugar. La de cheddar, feta y alcachofa buenisima. Hay mucha fila y no son muy rapidos.",https://www.google.com/maps/place/La+Cr%C3%AAperie+de+Hampstead/data=!4m2!3m1!1s0x48761a87e073bc2b:0x116936285cbf7056,,,London,visited,ChIJK7xz4IcadkgRVnC_XCg2aRE,La Crêperie de Hampstead,https://maps.google.com/?cid=1254593518182035542&g_mp=CiVnb29nbGUubWFwcy5wbGFjZXMudjEuUGxhY2VzLkdldFBsYWNlEAIYBCAA,"77a Hampstead High St, London NW3 1RE, UK",,Greater London,England,United Kingdom,GB,NW3 1RE,51.5556182,-0.176902,dessert_shop,"dessert_shop, confectionery, food_store, store, restaurant, food, point_of_interest, establishment",OPERATIONAL,4.3,2329.0,,RESOLVED_FROM_URL
"The Holly Bush, Hampstead","Increible pub. Muy cozy, mucha gente y algo tranquilo. Vale la pena si vas a hampstead porque esta metido entre puras callesitas.","https://www.google.com/maps/place/The+Holly+Bush,+Hampstead/data=!4m2!3m1!1s0x48761a7d79e6492d:0x889e4328f575d95c",,,London,visited,ChIJLUnmeX0adkgRXNl19ShDnog,"The Holly Bush, Hampstead",https://maps.google.com/?cid=9844379678674377052&g_mp=CiVnb29nbGUubWFwcy5wbGFjZXMudjEuUGxhY2VzLkdldFBsYWNlEAIYBCAA,"22 Holly Mount, Hampstead Gate, London NW3 6SG, UK",,Greater London,England,United Kingdom,GB,NW3 6SG,51.5578602,-0.1793059,pub,"pub, bar, restaurant, point_of_interest, food, establishment",OPERATIONAL,4.4,2497.0,,RESOLVED_FROM_URL
The Spaniards Inn,Muy buen pub si vas a hampstead heath. No aceptan a personas paradas adentro entonces es o hacer reservacion o ir al patio de afuera que ha de estar muy bien con buen clima.,https://www.google.com/maps/place/The+Spaniards+Inn/data=!4m2!3m1!1s0x48761a6fae9a1d8b:0xc617dadf313904e8,,,London,visited,ChIJix2arm8adkgR6AQ5Md_aF8Y,The Spaniards Inn,https://maps.google.com/?cid=14274118196112458984&g_mp=CiVnb29nbGUubWFwcy5wbGFjZXMudjEuUGxhY2VzLkdldFBsYWNlEAIYBCAA,"Spaniards Rd, London NW3 7JJ, UK",,Greater London,England,United Kingdom,GB,NW3 7JJ,51.569883999999995,-0.17402779999999998,pub,"pub, bar, point_of_interest, establishment",OPERATIONAL,4.5,7154.0,PRICE_LEVEL_MODERATE,RESOLVED_FROM_URL
Redemption Roasters - Hampstead Heath,Muy buen lugar para agarrar un sandwich antes de ir a hampstead heath. El cafe buenisimo y lleno de gente,https://www.google.com/maps/place/Redemption+Roasters+-+Hampstead+Heath/data=!4m2!3m1!1s0x48761bd8869ffc5d:0xe6dc9079f7792c4a,,,London,visited,ChIJXfyfhtgbdkgRSix593mQ3OY,Redemption Roasters - Hampstead Heath,https://maps.google.com/?cid=16635329977117125706&g_mp=CiVnb29nbGUubWFwcy5wbGFjZXMudjEuUGxhY2VzLkdldFBsYWNlEAIYBCAA,"53 S End Rd, London NW3 2QB, UK",,Greater London,England,United Kingdom,GB,NW3 2QB,51.5555455,-0.16662259999999998,coffee_shop,"coffee_shop, cafe, coffee_roastery, food_store, store, point_of_interest, food, establishment",OPERATIONAL,4.0,393.0,PRICE_LEVEL_INEXPENSIVE,RESOLVED_FROM_URL
Sumi Restaurant,Muy cool restaurante de sushi en donde su especialidad son los tacos de sushi. Muy poco mexicanisado para mi gusto.,https://www.google.com/maps/place/Sumi+Restaurant/data=!4m2!3m1!1s0x48760f523d584a2b:0xa30f0c91aa005b61,,,London,visited,ChIJK0pYPVIPdkgRYVsAqpEMD6M,SUMI,https://maps.google.com/?cid=11749623772594854753&g_mp=CiVnb29nbGUubWFwcy5wbGFjZXMudjEuUGxhY2VzLkdldFBsYWNlEAIYBCAA,"157 Westbourne Grove, London W11 2RS, UK",,Greater London,England,United Kingdom,GB,W11 2RS,51.514804,-0.1963739,japanese_restaurant,"japanese_restaurant, sushi_restaurant, restaurant, food, point_of_interest, establishment",OPERATIONAL,4.5,779.0,,RESOLVED_FROM_URL
De Beauvoir Arms,"Wow super pub con techos altos, espacio y super concurrencia!!! Para regresar a comer un dia con loml",https://www.google.com/maps/place/De+Beauvoir+Arms/data=!4m2!3m1!1s0x48761c9a2c906ee1:0xc5c6de7e7968e647,,,London,visited,ChIJ4W6QLJocdkgRR-ZoeX7exsU,De Beauvoir Arms,https://maps.google.com/?cid=14251322705644676679&g_mp=CiVnb29nbGUubWFwcy5wbGFjZXMudjEuUGxhY2VzLkdldFBsYWNlEAIYBCAA,"113 Southgate Rd, London N1 3JS, UK",,Greater London,England,United Kingdom,GB,N1 3JS,51.5417,-0.0851806,pub,"pub, gastropub, bar, restaurant, food, point_of_interest, establishment",OPERATIONAL,4.4,1014.0,PRICE_LEVEL_MODERATE,RESOLVED_FROM_URL
Plaquemine Lock,,https://www.google.com/maps/place/Plaquemine+Lock/data=!4m2!3m1!1s0x48761b5c255a7c0f:0x2f82bf09793fe3e0,,,London,visited,ChIJD3xaJVwbdkgR4OM_eQm_gi8,Plaquemine Lock,https://maps.google.com/?cid=3423508714164839392&g_mp=CiVnb29nbGUubWFwcy5wbGFjZXMudjEuUGxhY2VzLkdldFBsYWNlEAIYBCAA,"139 Graham St, London N1 8LB, UK",,Greater London,England,United Kingdom,GB,N1 8LB,51.532637,-0.10055,gastropub,"gastropub, cajun_restaurant, live_music_venue, american_restaurant, pub, bar, event_venue, restaurant, food, point_of_interest, establishment",OPERATIONAL,4.4,1298.0,PRICE_LEVEL_MODERATE,RESOLVED_FROM_URL
The Barbary Next Door,,https://www.google.com/maps/place/The+Barbary+Next+Door/data=!4m2!3m1!1s0x487605837fc44395:0xada8e68e3a83a70b,,,London,visited,ChIJlUPEf4MFdkgRC6eDOo7mqK0,The Barbary Next Door,https://maps.google.com/?cid=12513505063190374155&g_mp=CiVnb29nbGUubWFwcy5wbGFjZXMudjEuUGxhY2VzLkdldFBsYWNlEAIYBCAA,"16A Neal's Yard, London WC2H 9DP, UK",,Greater London,England,United Kingdom,GB,WC2H 9DP,51.5144306,-0.1261829,restaurant,"wine_bar, bar, restaurant, food, point_of_interest, establishment",CLOSED_PERMANENTLY,4.6,248.0,PRICE_LEVEL_MODERATE,RESOLVED_FROM_URL
manteca,,https://www.google.com/maps/place/manteca/data=!4m2!3m1!1s0x487605af3a2cdb1b:0xa231cb4af8b93b19,,,London,visited,ChIJG9ssOq8FdkgRGTu5-ErLMaI,manteca,https://maps.google.com/?cid=11687346030864055065&g_mp=CiVnb29nbGUubWFwcy5wbGFjZXMudjEuUGxhY2VzLkdldFBsYWNlEAIYBCAA,"49-51 Curtain Rd, London EC2A 3PT, UK",,Greater London,England,United Kingdom,GB,EC2A 3PT,51.524015399999996,-0.0805726,italian_restaurant,"italian_restaurant, wine_bar, cocktail_bar, bar_and_grill, food_store, store, bar, restaurant, food, point_of_interest, establishment",OPERATIONAL,4.4,3399.0,PRICE_LEVEL_EXPENSIVE,RESOLVED_FROM_URL
"The Dove, Hammersmith",,"https://www.google.com/maps/place/The+Dove,+Hammersmith/data=!4m2!3m1!1s0x48760fb4d29f86fd:0x3ca6bbf35eada845",,,London,visited,ChIJ_Yaf0rQPdkgRRaitXvO7pjw,"The Dove, Hammersmith",https://maps.google.com/?cid=4370387142349531205&g_mp=CiVnb29nbGUubWFwcy5wbGFjZXMudjEuUGxhY2VzLkdldFBsYWNlEAIYBCAA,"19 Upper Mall, London W6 9TA, UK",,Greater London,England,United Kingdom,GB,W6 9TA,51.490504699999995,-0.23485019999999998,pub,"pub, bar, point_of_interest, establishment",OPERATIONAL,4.5,3116.0,,RESOLVED_FROM_URL
Chiltern Firehouse,"Recomendadisimo el restaurante. Afuera y adentro esta muy cool, la comida muy buena y el ambiente increible. El bar tambien se ve muy cool.",https://www.google.com/maps/place/Chiltern+Firehouse/data=!4m2!3m1!1s0x48761acdba2f8901:0x7f4744c9bfe711f8,,,London,visited,ChIJAYkvus0adkgR-BHnv8lER38,Chiltern Firehouse,https://maps.google.com/?cid=9171374799462011384&g_mp=CiVnb29nbGUubWFwcy5wbGFjZXMudjEuUGxhY2VzLkdldFBsYWNlEAIYBCAA,"1 Chiltern St, London W1U 7PA, UK",,Greater London,England,United Kingdom,GB,W1U 7PA,51.518738899999995,-0.1549693,hotel,"hotel, lodging, restaurant, food, point_of_interest, establishment",CLOSED_TEMPORARILY,4.2,2907.0,,RESOLVED_FROM_URL
Chesham Arms,Gran pub con una terraza muy grande. Muy local y se ve que en dias soleados puede estar muy bien.,https://www.google.com/maps/place/Chesham+Arms/data=!4m2!3m1!1s0x48761cfcdc6213a7:0x85efa482f04c138b,,,London,visited,ChIJpxNi3PwcdkgRixNM8IKk74U,Chesham Arms,https://maps.google.com/?cid=9651113408762483595&g_mp=CiVnb29nbGUubWFwcy5wbGFjZXMudjEuUGxhY2VzLkdldFBsYWNlEAIYBCAA,"East London Public House, 15 Mehetabel Rd, London E9 6DU, UK",,Greater London,England,United Kingdom,GB,E9 6DU,51.547607400000004,-0.050115900000000005,pub,"pub, bar, point_of_interest, establishment",OPERATIONAL,4.6,884.0,PRICE_LEVEL_MODERATE,RESOLVED_FROM_URL
Caia,Restaurante muy cool para echar drinks. La comida esta mas o menos buena pero las ribs buenisimas. Vale mas la pena reservar en la parte de abajo que tiene musica de vinyl.,https://www.google.com/maps/place/Caia/data=!4m2!3m1!1s0x48761132664cfafd:0x11a460d5cd3fa789,,,London,visited,ChIJ_fpMZjIRdkgRiac_zdVgpBE,Caia,https://maps.google.com/?cid=1271247466213123977&g_mp=CiVnb29nbGUubWFwcy5wbGFjZXMudjEuUGxhY2VzLkdldFBsYWNlEAIYBCAA,"46 Golborne Rd, London W10 5PR, UK",,Greater London,England,United Kingdom,GB,W10 5PR,51.5226641,-0.20761,restaurant,"restaurant, wine_bar, bar, food, point_of_interest, establishment",OPERATIONAL,4.5,296.0,,RESOLVED_FROM_URL
The Pig and Butcher,Muy buen restaurante/pub con muy buena comida. Especialmente buenos los mussels y la carne. El ambiente un poco apagado para ser pub en east.,https://www.google.com/maps/place/The+Pig+and+Butcher/data=!4m2!3m1!1s0x48761b6812f60359:0x501729b45945c149,,,London,visited,ChIJWQP2EmgbdkgRScFFWbQpF1A,The Pig and Butcher,https://maps.google.com/?cid=5771127302067175753&g_mp=CiVnb29nbGUubWFwcy5wbGFjZXMudjEuUGxhY2VzLkdldFBsYWNlEAIYBCAA,"80 Liverpool Rd, London N1 0QD, UK",,Greater London,England,United Kingdom,GB,N1 0QD,51.5373966,-0.10674,gastropub,"gastropub, european_restaurant, british_restaurant, pub, bar, restaurant, food, point_of_interest, establishment",OPERATIONAL,4.4,2528.0,PRICE_LEVEL_MODERATE,RESOLVED_FROM_URL
Bottarga,"Increíble restaurante en Chelsea. Muy cozy y la comida excelente. La cocina se puede ver y eso esta muy cool. Buenisimo el dip de spicy feta, las courgette tempura, el bluefin tuna con pimiento y el seabass con mantequilla. Vale mucho la pena",https://www.google.com/maps/place/Bottarga/data=!4m2!3m1!1s0x487605d7513d2299:0x2a4d9dff5a8bb349,,,London,visited,ChIJmSI9UdcFdkgRSbOLWv-dTSo,Bottarga,https://maps.google.com/?cid=3048266242861019977&g_mp=CiVnb29nbGUubWFwcy5wbGFjZXMudjEuUGxhY2VzLkdldFBsYWNlEAIYBCAA,"383 King's Rd, London SW10 0LP, UK",,Greater London,England,United Kingdom,GB,SW10 0LP,51.483364599999994,-0.1765098,greek_restaurant,"greek_restaurant, restaurant, food, point_of_interest, establishment",OPERATIONAL,4.6,691.0,,RESOLVED_FROM_URL
Columbia Road Flower Market,Muy padre mercado para ir en domingo. No es muy grande pero tiene de todo tipo de plantas y flores. Tambien hay muchos cafesitos por la zona.,https://www.google.com/maps/place/Columbia+Road+Flower+Market/data=!4m2!3m1!1s0x48761cb35fc4ef51:0xdbbae99319852b53,,,London,visited,ChIJUe_EX7McdkgRUyuFGZPputs,Columbia Road Flower Market,https://maps.google.com/?cid=15833224257972022099&g_mp=CiVnb29nbGUubWFwcy5wbGFjZXMudjEuUGxhY2VzLkdldFBsYWNlEAIYBCAA,"Columbia Rd, London E2 7RG, UK",,Greater London,England,United Kingdom,GB,E2 7RG,51.529134,-0.06982569999999999,market,"florist, market, store, point_of_interest, establishment",OPERATIONAL,4.6,7740.0,,RESOLVED_FROM_URL
Cambio De Tercio,,https://www.google.com/maps/place/Cambio+De+Tercio/data=!4m2!3m1!1s0x487605611972cae5:0x84e1e0ce6c21ac8b,,,London,visited,ChIJ5cpyGWEFdkgRi6whbM7g4YQ,Cambio De Tercio,https://maps.google.com/?cid=9575181459948416139&g_mp=CiVnb29nbGUubWFwcy5wbGFjZXMudjEuUGxhY2VzLkdldFBsYWNlEAIYBCAA,"163 Old Brompton Rd, London SW5 0LJ, UK",,Greater London,England,United Kingdom,GB,SW5 0LJ,51.490674,-0.183713,spanish_restaurant,"spanish_restaurant, european_restaurant, bar, tapas_restaurant, restaurant, food, point_of_interest, establishment",OPERATIONAL,4.3,799.0,PRICE_LEVEL_VERY_EXPENSIVE,RESOLVED_FROM_URL
Scalini,,https://www.google.com/maps/place/Scalini/data=!4m2!3m1!1s0x487605407a7768b7:0x502160bd700c46d1,,,London,visited,ChIJt2h3ekAFdkgR0UYMcL1gIVA,Scalini,https://maps.google.com/?cid=5774002564010624721&g_mp=CiVnb29nbGUubWFwcy5wbGFjZXMudjEuUGxhY2VzLkdldFBsYWNlEAIYBCAA,"1-3 Walton St, London SW3 2JD, UK",,Greater London,England,United Kingdom,GB,SW3 2JD,51.49594,-0.164814,italian_restaurant,"italian_restaurant, restaurant, food, point_of_interest, establishment",OPERATIONAL,4.4,1222.0,,RESOLVED_FROM_URL
The roasting party,,https://www.google.com/maps/place/The+roasting+party/data=!4m2!3m1!1s0x48760515fd276371:0x39bd2cf1481c2d18,,,London,visited,ChIJcWMn_RUFdkgRGC0cSPEsvTk,Party At Pavilion by The Roasting Party,https://maps.google.com/?cid=4160531045568752920&g_mp=CiVnb29nbGUubWFwcy5wbGFjZXMudjEuUGxhY2VzLkdldFBsYWNlEAIYBCAA,"253 Pavilion Rd, London SW1X 0BP, UK",,Greater London,England,United Kingdom,GB,SW1X 0BP,51.493238999999996,-0.1586321,coffee_shop,"coffee_shop, cafe, food_store, store, food, point_of_interest, establishment",OPERATIONAL,4.4,598.0,PRICE_LEVEL_INEXPENSIVE,RESOLVED_FROM_URL
Titu,Restaurante cozy y trending de comida japonesa para echar drinks. Imperdible el pescado.,https://www.google.com/maps/place/Titu/data=!4m2!3m1!1s0x48760528ce513c2f:0x5574557a65cf6373,,,London,visited,ChIJLzxRzigFdkgRc2PPZXpVdFU,Titu,https://maps.google.com/?cid=6157640574704771955&g_mp=CiVnb29nbGUubWFwcy5wbGFjZXMudjEuUGxhY2VzLkdldFBsYWNlEAIYBCAA,"1A Shepherd St, London W1J 7HJ, UK",,Greater London,England,United Kingdom,GB,W1J 7HJ,51.50622860000001,-0.1462731,restaurant,"japanese_restaurant, restaurant, food, point_of_interest, establishment",OPERATIONAL,4.6,520.0,,RESOLVED_FROM_URL
The Fox and Pheasant,Gran pub cerca de Stamford Bridge. El dueño es James Blunt. Muy recomendable ir al sunday roast y pedir mesa en la terraza de afuera. En los partidos del Chelsea se llena.,https://www.google.com/maps/place/The+Fox+and+Pheasant/data=!4m2!3m1!1s0x4876057d60e01771:0xabaef6e4fb8e9248,,,London,visited,ChIJcRfgYH0FdkgRSJKO--T2rqs,The Fox and Pheasant,https://maps.google.com/?cid=12371096689766732360&g_mp=CiVnb29nbGUubWFwcy5wbGFjZXMudjEuUGxhY2VzLkdldFBsYWNlEAIYBCAA,"1 Billing Rd, London SW10 9UJ, UK",,Greater London,England,United Kingdom,GB,SW10 9UJ,51.481872499999994,-0.18761919999999999,gastropub,"gastropub, pub, bar, restaurant, food, point_of_interest, establishment",OPERATIONAL,4.6,1202.0,PRICE_LEVEL_MODERATE,RESOLVED_FROM_URL
The Cinnamon Club,Muy buen restaurante de comida hindu en Westminster. Esta en una biblioteca antigua y todo mundo va muy elegante. Es un poco caro. El lamb muy recomendado.,https://www.google.com/maps/place/The+Cinnamon+Club/data=!4m2!3m1!1s0x487604dcbaf70a7b:0x5ac9d64cad7e9dc3,,,London,visited,ChIJewr3utwEdkgRw51-rUzWyVo,The Cinnamon Club,https://maps.google.com/?cid=6541995558548970947&g_mp=CiVnb29nbGUubWFwcy5wbGFjZXMudjEuUGxhY2VzLkdldFBsYWNlEAIYBCAA,"The Old Westminster Library, Great Smith St, London SW1P 3BU, UK",,Greater London,England,United Kingdom,GB,SW1P 3BU,51.497525,-0.1296543,indian_restaurant,"indian_restaurant, restaurant, food, point_of_interest, establishment",OPERATIONAL,4.4,2925.0,,RESOLVED_FROM_URL
Dishoom Shoreditch,Buenisimo restaurante de comida hindu. Muy recomendable hacer reservacion y pedir al centro para compartir. El pollo curry es un must. Muy buen ambiente de noche para drinks.,https://www.google.com/maps/place/Dishoom+Shoreditch/data=!4m2!3m1!1s0x48761cba02358bc5:0xe77da8b93c776df8,,,London,visited,ChIJxYs1ArocdkgR-G13PLmofec,Dishoom Shoreditch,https://maps.google.com/?cid=16680674108387061240&g_mp=CiVnb29nbGUubWFwcy5wbGFjZXMudjEuUGxhY2VzLkdldFBsYWNlEAIYBCAA,"7 Boundary St, London E2 7JE, UK",,Greater London,England,United Kingdom,GB,E2 7JE,51.5245002,-0.0765998,indian_restaurant,"indian_restaurant, halal_restaurant, vegetarian_restaurant, cafe, bar, restaurant, food, point_of_interest, establishment",OPERATIONAL,4.8,47392.0,PRICE_LEVEL_MODERATE,RESOLVED_FROM_URL
Duck & Waffle,Vale la pena ir en un buen dia por la vista de todo Londres. La comida es buena pero un poco caro para lo que es. Lo que vale mucho la pena es el creme brule de fois gras.,https://www.google.com/maps/place/Duck+%26+Waffle/data=!4m2!3m1!1s0x48761cb295f6ff5f:0xb3e4152c8e522a3c,,,London,visited,ChIJX__2lbIcdkgRPCpSjiwV5LM,Duck & Waffle,https://maps.google.com/?cid=12962508908589623868&g_mp=CiVnb29nbGUubWFwcy5wbGFjZXMudjEuUGxhY2VzLkdldFBsYWNlEAIYBCAA,"110 Bishopsgate, London EC2N 4AY, UK",,Greater London,England,United Kingdom,GB,EC2N 4AY,51.5162529,-0.0811942,restaurant,"cocktail_bar, brunch_restaurant, british_restaurant, breakfast_restaurant, bar, restaurant, food, point_of_interest, establishment",OPERATIONAL,4.4,17109.0,PRICE_LEVEL_EXPENSIVE,RESOLVED_FROM_URL
Gold,"Muy buen restaurante con muy buen ambiente de noche. Muy recoemndable para echar drinks y la comida tambien muy buena. El pollo, la picanha y las sweet potatos buenisimas.",https://www.google.com/maps/place/Gold/data=!4m2!3m1!1s0x48760faec5b1b095:0xb0c0d04e0707c0d7,,,London,visited,ChIJlbCxxa4PdkgR18AHB07QwLA,Gold,https://maps.google.com/?cid=12736408779747737815&g_mp=CiVnb29nbGUubWFwcy5wbGFjZXMudjEuUGxhY2VzLkdldFBsYWNlEAIYBCAA,"95-97 Portobello Rd, London W11 2QB, UK",,Greater London,England,United Kingdom,GB,W11 2QB,51.5129763,-0.20263689999999998,restaurant,"restaurant, food, point_of_interest, establishment",OPERATIONAL,4.5,2507.0,PRICE_LEVEL_EXPENSIVE,RESOLVED_FROM_URL
Daunt Books Marylebone,Libreria muy cozy y muy padre para pasar el rato. Tienen muchos libros de muchas partes del mundo. Muy cool experiencia ir.,https://www.google.com/maps/place/Daunt+Books+Marylebone/data=!4m2!3m1!1s0x48761ad1f747024d:0xe690429c82b85882,,,London,visited,ChIJTQJH99EadkgRgli4gpxCkOY,Daunt Books Marylebone,https://maps.google.com/?cid=16613852265345210498&g_mp=CiVnb29nbGUubWFwcy5wbGFjZXMudjEuUGxhY2VzLkdldFBsYWNlEAIYBCAA,"84 Marylebone High St, London W1U 4QW, UK",,Greater London,England,United Kingdom,GB,W1U 4QW,51.5204015,-0.15199169999999998,book_store,"book_store, store, point_of_interest, establishment",OPERATIONAL,4.8,7011.0,,RESOLVED_FROM_URL
The Anglesea Arms,Pub con muy buen ambiente y gente joven con lugar para estar en la terraza. No hay musica pero excelente para ir con grupo de amigos y llegar temprano para tener mesa afuera.,https://www.google.com/maps/place/The+Anglesea+Arms/data=!4m2!3m1!1s0x487605663d2a06f5:0xed389bbb2012abe6,,,London,visited,ChIJ9QYqPWYFdkgR5qsSILubOO0,The Anglesea Arms,https://maps.google.com/?cid=17093583613684001766&g_mp=CiVnb29nbGUubWFwcy5wbGFjZXMudjEuUGxhY2VzLkdldFBsYWNlEAIYBCAA,"15 Selwood Terrace, South Kensington, London SW7 3QG, UK",South Kensington,Greater London,England,United Kingdom,GB,SW7 3QG,51.490144099999995,-0.1768941,pub,"pub, bar, restaurant, food, point_of_interest, establishment",OPERATIONAL,4.2,1668.0,PRICE_LEVEL_MODERATE,RESOLVED_FROM_URL
The Orange Pub & Boutique Hotel Belgravia,Muy buen gastropub para comer/cenar mas tranquilo. La comida esta muy buena y si tienen la hamburguesa especial hay que pedirla. Tienen una parte de arriba que no conocimos pero que se ve muy cozy si hay mas gente.,https://www.google.com/maps/place/The+Orange+Pub+%26+Boutique+Hotel+Belgravia/data=!4m2!3m1!1s0x48760519d862fe39:0x9bac33c16e699909,,,London,visited,ChIJOf5i2BkFdkgRCZlpbsEzrJs,The Orange Pub & Boutique Hotel Belgravia,https://maps.google.com/?cid=11217397677747181833&g_mp=CiVnb29nbGUubWFwcy5wbGFjZXMudjEuUGxhY2VzLkdldFBsYWNlEAIYBCAA,"37 Pimlico Rd, London SW1W 8NE, UK",,Greater London,England,United Kingdom,GB,SW1W 8NE,51.490553299999995,-0.1523038,gastropub,"gastropub, pub, hotel, lodging, bar, restaurant, food, point_of_interest, establishment",OPERATIONAL,4.2,1783.0,,RESOLVED_FROM_URL
The Cow,Gran pub con muy buen ambiente y muy buena musica. Tambien hay comida y se ve muy buena y su especialidad son los ostiones. Hay un salon arriba pero si vas a comer que sea en la parte de abajo donde hay mejor ambiente.,https://www.google.com/maps/place/The+Cow/data=!4m2!3m1!1s0x48761003933af31b:0x529a0c34137ba8a5,,,London,visited,ChIJG_M6kwMQdkgRpah7EzQMmlI,The Cow,https://maps.google.com/?cid=5952083275328235685&g_mp=CiVnb29nbGUubWFwcy5wbGFjZXMudjEuUGxhY2VzLkdldFBsYWNlEAIYBCAA,"89 Westbourne Park Rd, London W2 5QH, UK",,Greater London,England,United Kingdom,GB,W2 5QH,51.51918320000001,-0.1953518,gastropub,"gastropub, pub, bar, restaurant, food, point_of_interest, establishment",OPERATIONAL,4.4,1109.0,PRICE_LEVEL_MODERATE,RESOLVED_FROM_URL
Borough Market,"Increible mercado de comida para comer ahi o para llevarte a tu casa como quesos, vinos, verduras, etc. Muy recomendables las fresas con chocolate. Hay varios pubs alrededor con buen ambiente.",https://www.google.com/maps/place/Borough+Market/data=!4m2!3m1!1s0x4876035775cf660f:0x3128e7e59ca044b9,,,London,visited,ChIJD2bPdVcDdkgRuUSgnOXnKDE,Borough Market,https://maps.google.com/?cid=3542336080288171193&g_mp=CiVnb29nbGUubWFwcy5wbGFjZXMudjEuUGxhY2VzLkdldFBsYWNlEAIYBCAA,"London SE1 9AH, UK",,Greater London,England,United Kingdom,GB,SE1 9AH,51.505582600000004,-0.09048080000000001,market,"farmers_market, tourist_attraction, market, point_of_interest, establishment",OPERATIONAL,4.6,129245.0,,RESOLVED_FROM_URL
Duke of York Square,"Muy recomendado ir los sabados a comer al mercado. Se ponen muchos puestos en la pista de correr y puedes pedir desde sandwiches de carne, paella, callo de hacha y mas.",https://www.google.com/maps/place/Duke+of+York+Square/data=!4m2!3m1!1s0x48760515cdacfafb:0x2f07d2140f8c5c83,,,London,visited,ChIJ-_qszRUFdkgRg1yMDxTSBy8,Duke of York Square,https://maps.google.com/?cid=3388908228221623427&g_mp=CiVnb29nbGUubWFwcy5wbGFjZXMudjEuUGxhY2VzLkdldFBsYWNlEAIYBCAA,"80 King's Rd, London SW3 4LY, UK",,Greater London,England,United Kingdom,GB,SW3 4LY,51.4914427,-0.15965959999999998,shopping_mall,"shopping_mall, point_of_interest, establishment",OPERATIONAL,4.5,4492.0,,RESOLVED_FROM_URL
BAO Soho,Buenisimo restaurante en Soho. Los baos todos muy buenos en especial el clasico y el de fried chicken. Hay que hacer cola entonces es recomendable ir a horas que no son tipicas de comida.,https://www.google.com/maps/place/BAO+Soho/data=!4m2!3m1!1s0x487604d4932fcec5:0xecf6cfbf979a9d8c,,,London,visited,ChIJxc4vk9QEdkgRjJ2al7_P9uw,BAO Soho,https://maps.google.com/?cid=17075063459011009932&g_mp=CiVnb29nbGUubWFwcy5wbGFjZXMudjEuUGxhY2VzLkdldFBsYWNlEAIYBCAA,"53 Lexington St, Carnaby, London W1F 9AS, UK",Carnaby,Greater London,England,United Kingdom,GB,W1F 9AS,51.513216199999995,-0.1365562,taiwanese_restaurant,"taiwanese_restaurant, restaurant, point_of_interest, food, establishment",OPERATIONAL,4.8,9341.0,PRICE_LEVEL_MODERATE,RESOLVED_FROM_URL
Mestizo Restaurant & Margarita Bar,Restaurante mexicano con muy buen ambiente en Chelsea. La comida no la hemos probado pero muy buenas las margaritas. Esta bueno para comer tarde y quedarse en la sobremesa.,https://www.google.com/maps/place/Mestizo+Restaurant+%26+Margarita+Bar/data=!4m2!3m1!1s0x487605cefff4c6bb:0x26734e3aa234b582,,,London,visited,ChIJu8b0_84FdkgRgrU0ojpOcyY,Mestizo Chelsea: Mexican Restaurant & Margarita Bar,https://maps.google.com/?cid=2770644209499420034&g_mp=CiVnb29nbGUubWFwcy5wbGFjZXMudjEuUGxhY2VzLkdldFBsYWNlEAIYBCAA,"392 King's Rd, London SW3 5UZ, UK",,Greater London,England,United Kingdom,GB,SW3 5UZ,51.4839382,-0.1772485,mexican_restaurant,"mexican_restaurant, restaurant, food, point_of_interest, establishment",OPERATIONAL,4.7,3198.0,PRICE_LEVEL_EXPENSIVE,RESOLVED_FROM_URL
The Elephant And Castle,Pub muy local con buen ambiente en las tardes para estar en la parte de afuera. Buenisimo para ir despues de jugar tennis o estar en Holland Park.,https://www.google.com/maps/place/The+Elephant+And+Castle/data=!4m2!3m1!1s0x48760ff746d0bb39:0x2ce5aee8cacfbe7c,,,London,visited,ChIJObvQRvcPdkgRfL7Pyuiu5Sw,The Elephant And Castle,https://maps.google.com/?cid=3235184222193827452&g_mp=CiVnb29nbGUubWFwcy5wbGFjZXMudjEuUGxhY2VzLkdldFBsYWNlEAIYBCAA,"40 Holland St, London W8 4JJ, UK",,Greater London,England,United Kingdom,GB,W8 4JJ,51.503038499999995,-0.1935055,pub,"pub, bar, point_of_interest, establishment",OPERATIONAL,4.5,1184.0,PRICE_LEVEL_MODERATE,RESOLVED_FROM_URL
The Westbourne,Pub con increible ambiente en dias soleados. Llenisimo de gente en la parte de afuera y gente joven. Tiene puras mesas diferentes muy cool.,https://www.google.com/maps/place/The+Westbourne/data=!4m2!3m1!1s0x48761003eff8ab8f:0xde267f642e991699,,,London,visited,ChIJj6v47wMQdkgRmRaZLmR_Jt4,The Westbourne,https://maps.google.com/?cid=16007621993790248601&g_mp=CiVnb29nbGUubWFwcy5wbGFjZXMudjEuUGxhY2VzLkdldFBsYWNlEAIYBCAA,"101 Westbourne Park Villas, London W2 5ED, UK",,Greater London,England,United Kingdom,GB,W2 5ED,51.5194091,-0.1948235,pub,"pub, gastropub, bar, restaurant, food, point_of_interest, establishment",OPERATIONAL,4.2,745.0,PRICE_LEVEL_MODERATE,RESOLVED_FROM_URL
The Pelican,Gastropub con muy buen ambiente. Muy cozy para cenar tambien y la comida buenisima. Super recomendado para ir a cenar temprano y quedarse en el pub a echar drinks. Hay que hacer reservacion para cenar.,https://www.google.com/maps/place/The+Pelican/data=!4m2!3m1!1s0x4876101c15a9da53:0xcdc6cad9ff55d224,,,London,visited,ChIJU9qpFRwQdkgRJNJV_9nKxs0,The Pelican | Notting Hill,https://maps.google.com/?cid=14827761860804465188&g_mp=CiVnb29nbGUubWFwcy5wbGFjZXMudjEuUGxhY2VzLkdldFBsYWNlEAIYBCAA,"45 All Saints Rd, London W11 1HE, UK",,Greater London,England,United Kingdom,GB,W11 1HE,51.5187926,-0.20470719999999998,pub,"pub, bar, restaurant, food, point_of_interest, establishment",OPERATIONAL,4.4,1479.0,PRICE_LEVEL_MODERATE,RESOLVED_FROM_URL
La mia Mamma Notting Hill,"Restaurante Italiano en donde cambian de region cada 3 meses, a nosotros nos toco Sicilia. Traen a señoras italianas a vivir a Londres y a cocinar. El carpaccio de res espectacular y las pastas de pistache y cacio pepe impresionantes. Las mejores pastas que hemos probado. Hay 3 sucursales, en esta vale la pena comer en la parte de adentro muy cozy.",https://www.google.com/maps/place/La+mia+Mamma+Notting+Hill/data=!4m2!3m1!1s0x487611c81c59c60b:0xf9bf668b162f790b,,,London,visited,ChIJC8ZZHMgRdkgRC3kvFotmv_k,La mia Mamma Notting Hill,https://maps.google.com/?cid=17996215383554488587&g_mp=CiVnb29nbGUubWFwcy5wbGFjZXMudjEuUGxhY2VzLkdldFBsYWNlEAIYBCAA,"190 Kensington Park Rd, London W11 2ES, UK",,Greater London,England,United Kingdom,GB,W11 2ES,51.5155906,-0.20559449999999999,italian_restaurant,"italian_restaurant, restaurant, food, point_of_interest, establishment",OPERATIONAL,4.5,1504.0,PRICE_LEVEL_MODERATE,RESOLVED_FROM_URL
FishWorks,Restaurante cool con un fish and chips buenisimo y tambien muy buenas las oysters. Tienen vino del dia que esta de descuento.,https://www.google.com/maps/place/FishWorks/data=!4m2!3m1!1s0x4876050fd21fdcbd:0x5f06b03425282491,,,London,visited,ChIJvdwf0g8FdkgRkSQoJTSwBl8,FishWorks,https://maps.google.com/?cid=6847354021471593617&g_mp=CiVnb29nbGUubWFwcy5wbGFjZXMudjEuUGxhY2VzLkdldFBsYWNlEAIYBCAA,"2-4 Catherine St, London WC2B 5JY, UK",,Greater London,England,United Kingdom,GB,WC2B 5JY,51.512609,-0.11992349999999999,seafood_restaurant,"seafood_restaurant, fish_and_chips_restaurant, british_restaurant, meal_takeaway, restaurant, food, point_of_interest, establishment",OPERATIONAL,4.4,1170.0,PRICE_LEVEL_MODERATE,RESOLVED_FROM_URL
WatchHouse Somerset House,Una cafeteria increible en Somerset House. El chai helado esta impresionante. Muy buen lugar para trabajar con tu compu. Es entre cafeteria y restaurante.,https://www.google.com/maps/place/WatchHouse+Somerset+House/data=!4m2!3m1!1s0x487605589b05710f:0xcd74dc021abaf588,,,London,visited,ChIJD3EFm1gFdkgRiPW6GgLcdM0,WatchHouse Somerset House,https://maps.google.com/?cid=14804699776670168456&g_mp=CiVnb29nbGUubWFwcy5wbGFjZXMudjEuUGxhY2VzLkdldFBsYWNlEAIYBCAA,"Somerset House East Wing, London WC2R 1LA, UK",,Greater London,England,United Kingdom,GB,WC2R 1LA,51.5113789,-0.1168724,cafe,"cafe, coffee_shop, food_store, store, restaurant, food, point_of_interest, establishment",OPERATIONAL,4.5,1238.0,PRICE_LEVEL_MODERATE,RESOLVED_FROM_URL
L'Antica Pizzeria da Michele,Pizzeria traida desde Napoli. La pizza es de las mejores que hemos probado. Pedimos la margarita y estuvo buenisima.,https://www.google.com/maps/place/L'Antica+Pizzeria+da+Michele/data=!4m2!3m1!1s0x48761aced7722add:0x229ee7467eb2d385,,,London,visited,ChIJ3Spy184adkgRhdOyfkbnniI,L'Antica Pizzeria da Michele,https://maps.google.com/?cid=2494685533569209221&g_mp=CiVnb29nbGUubWFwcy5wbGFjZXMudjEuUGxhY2VzLkdldFBsYWNlEAIYBCAA,"199 Baker St, London NW1 6UY, UK",,Greater London,England,United Kingdom,GB,NW1 6UY,51.5226361,-0.1579224,pizza_restaurant,"pizza_restaurant, italian_restaurant, restaurant, food, point_of_interest, establishment",OPERATIONAL,4.1,5412.0,PRICE_LEVEL_MODERATE,RESOLVED_FROM_URL
"The Surprise, Chelsea",Un pub en plena zona habitacional en Chelsea. Muy buen ambiente afuera del pub. La lager de la casa esta buenisima.,"https://www.google.com/maps/place/The+Surprise,+Chelsea/data=!4m2!3m1!1s0x487605131f28dfaf:0x1a2eeba010597169",,,London,visited,ChIJr98oHxMFdkgRaXFZEKDrLho,"The Surprise, Chelsea",https://maps.google.com/?cid=1886704366616408425&g_mp=CiVnb29nbGUubWFwcy5wbGFjZXMudjEuUGxhY2VzLkdldFBsYWNlEAIYBCAA,"6 Christchurch Terrace, London SW3 4AJ, UK",,Greater London,England,United Kingdom,GB,SW3 4AJ,51.4862239,-0.16306759999999998,pub,"pub, bar, point_of_interest, establishment",OPERATIONAL,4.4,917.0,PRICE_LEVEL_MODERATE,RESOLVED_FROM_URL
Baby Bar,,https://www.google.com/maps/place/Baby+Bar/data=!4m2!3m1!1s0x85d1ff899ac0312d:0x49890086eddc06a9,,,Wanna go,wanna_go,ChIJLTHAmon_0YURqQbc7YYAiUk,Baby Bar,https://maps.google.com/?cid=5298767016094336681&g_mp=CiVnb29nbGUubWFwcy5wbGFjZXMudjEuUGxhY2VzLkdldFBsYWNlEAIYBCAA,"C. Versalles 113, Juárez, Cuauhtémoc, 06600 Ciudad de México, CDMX, Mexico",Juárez,Ciudad de México,Ciudad de México,Mexico,MX,06600,19.4255845,-99.15662410000002,bar,"bar, point_of_interest, establishment",OPERATIONAL,5.0,9.0,PRICE_LEVEL_EXPENSIVE,RESOLVED_FROM_URL
Rallado Quesería,,https://www.google.com/maps/place/Rallado+Queser%C3%ADa/data=!4m2!3m1!1s0x85d1ff12e9abe659:0x79f1a5c685fcb2ef,,,Wanna go,wanna_go,ChIJWear6RL_0YUR77L8hcal8Xk,Rallado Quesería,https://maps.google.com/?cid=8786986620046586607&g_mp=CiVnb29nbGUubWFwcy5wbGFjZXMudjEuUGxhY2VzLkdldFBsYWNlEAIYBCAA,"Campeche 348, Hipódromo, Cuauhtémoc, 06100 Ciudad de México, CDMX, Mexico",Hipódromo,Ciudad de México,Ciudad de México,Mexico,MX,06100,19.4091912,-99.1738816,grocery_store,"grocery_store, food_store, store, food, point_of_interest, establishment",OPERATIONAL,4.9,44.0,,RESOLVED_FROM_URL
Lalo!,,https://www.google.com/maps/place/Lalo!/data=!4m2!3m1!1s0x85d1ff395f34802d:0x1c6328f5be71ded7,,,Wanna go,wanna_go,ChIJLYA0Xzn_0YUR195xvvUoYxw,Lalo!,https://maps.google.com/?cid=2045523691683569367&g_mp=CiVnb29nbGUubWFwcy5wbGFjZXMudjEuUGxhY2VzLkdldFBsYWNlEAIYBCAA,"Zacatecas 173, Roma Nte., Cuauhtémoc, 06700 Ciudad de México, CDMX, Mexico",Roma Norte,Ciudad de México,Ciudad de México,Mexico,MX,06700,19.4154366,-99.16247609999999,italian_restaurant,"italian_restaurant, restaurant, food, point_of_interest, establishment",OPERATIONAL,4.2,3352.0,PRICE_LEVEL_MODERATE,RESOLVED_FROM_URL
Ticuchi,,https://www.google.com/maps/place/Ticuchi/data=!4m2!3m1!1s0x85d1f8ab75cf106d:0xcb7b042857cecaa,,,Wanna go,wanna_go,ChIJbRDPdav40YURqux8hUKwtww,Ticuchi,https://maps.google.com/?cid=916394848947072170&g_mp=CiVnb29nbGUubWFwcy5wbGFjZXMudjEuUGxhY2VzLkdldFBsYWNlEAIYBCAA,"Petrarca 254, Chapultepec Morales, Polanco V Secc, Miguel Hidalgo, 11560 Ciudad de México, CDMX, Mexico",Chapultepec Morales,Ciudad de México,Ciudad de México,Mexico,MX,11560,19.4335785,-99.18546769999999,bar_and_grill,"bar_and_grill, bar, restaurant, food, point_of_interest, establishment",OPERATIONAL,4.3,1144.0,,RESOLVED_FROM_URL
Bar Mauro,,https://www.google.com/maps/place/Bar+Mauro/data=!4m2!3m1!1s0x85d1ffdbbe56d071:0x45466e37cb489b4e,,,Wanna go,wanna_go,ChIJcdBWvtv_0YURTptIyzduRkU,Bar Mauro,https://maps.google.com/?cid=4991798422899563342&g_mp=CiVnb29nbGUubWFwcy5wbGFjZXMudjEuUGxhY2VzLkdldFBsYWNlEAIYBCAA,"Tabasco 149, Roma Nte., Cuauhtémoc, 06700 Ciudad de México, CDMX, Mexico",Roma Norte,Ciudad de México,Ciudad de México,Mexico,MX,06700,19.419463999999998,-99.1593451,cocktail_bar,"cocktail_bar, bar, point_of_interest, establishment",OPERATIONAL,4.7,448.0,PRICE_LEVEL_MODERATE,RESOLVED_FROM_URL
Difane,,https://www.google.com/maps/place/Difane/data=!4m2!3m1!1s0x85d2012fd6bf3d65:0xd892d431e7783d93,,,Wanna go,wanna_go,ChIJZT2_1i8B0oURkz145zHUktg,Difane,https://maps.google.com/?cid=15605768969594092947&g_mp=CiVnb29nbGUubWFwcy5wbGFjZXMudjEuUGxhY2VzLkdldFBsYWNlEAIYBCAA,"Sinaloa 215, Roma Nte., Cuauhtémoc, 06700 Ciudad de México, CDMX, Mexico",Roma Norte,Ciudad de México,Ciudad de México,Mexico,MX,06700,19.4194523,-99.1737031,service,"service, point_of_interest, establishment",OPERATIONAL,4.8,6.0,,RESOLVED_FROM_URL
Malcriado ( Condesa ),,https://www.google.com/maps/place/Malcriado+(+Condesa+)/data=!4m2!3m1!1s0x85d1ff2388c3b9df:0xa101bb145cf07a25,,,Wanna go,wanna_go,ChIJ37nDiCP_0YURJXrwXBS7AaE,Malcriado ( Condesa ),https://maps.google.com/?cid=11601759811216112165&g_mp=CiVnb29nbGUubWFwcy5wbGFjZXMudjEuUGxhY2VzLkdldFBsYWNlEAIYBCAA,"C. Atlixco 127, Hipódromo Condesa, Cuauhtémoc, 06170 Ciudad de México, CDMX, Mexico",Hipódromo Condesa,Ciudad de México,Ciudad de México,Mexico,MX,06170,19.410607,-99.1758473,restaurant,"restaurant, wine_bar, coffee_shop, cafe, bar, food_store, store, food, point_of_interest, establishment",OPERATIONAL,4.5,1036.0,PRICE_LEVEL_MODERATE,RESOLVED_FROM_URL
Alboroto,,https://www.google.com/maps/place/Alboroto/data=!4m2!3m1!1s0x85d1ff006b54ca05:0xff7c9993c6aae7a9,,,Wanna go,wanna_go,ChIJBcpUawD_0YURqeeqxpOZfP8,Alboroto,https://maps.google.com/?cid=18409758236756076457&g_mp=CiVnb29nbGUubWFwcy5wbGFjZXMudjEuUGxhY2VzLkdldFBsYWNlEAIYBCAA,"C. Marsella 72, Juárez, Cuauhtémoc, 06700 Ciudad de México, CDMX, Mexico",Juárez,Ciudad de México,Ciudad de México,Mexico,MX,06700,19.424785,-99.1604842,restaurant,"restaurant, food, point_of_interest, establishment",OPERATIONAL,4.9,364.0,,RESOLVED_FROM_URL
HART bagels & specialty coffee,,https://www.google.com/maps/place/HART+bagels+%26+specialty+coffee/data=!4m2!3m1!1s0x85d1ff7c98c95e73:0xb490a4cfee1e4581,,,Wanna go,wanna_go,ChIJc17JmHz_0YURgUUe7s-kkLQ,HART bagels & specialty coffee,https://maps.google.com/?cid=13011080536433509761&g_mp=CiVnb29nbGUubWFwcy5wbGFjZXMudjEuUGxhY2VzLkdldFBsYWNlEAIYBCAA,"Tokio 22, Juárez, Cuauhtémoc, 06600 Ciudad de México, CDMX, Mexico",Juárez,Ciudad de México,Ciudad de México,Mexico,MX,06600,19.424116299999998,-99.1708752,coffee_shop,"coffee_shop, cafe, food_store, store, food, point_of_interest, establishment",OPERATIONAL,4.9,25.0,,RESOLVED_FROM_URL
ARDA,,https://www.google.com/maps/place/ARDA/data=!4m2!3m1!1s0x85d1ff2595aa187d:0x9026332b65e8111a,,,Wanna go,wanna_go,ChIJfRiqlSX_0YURGhHoZSszJpA,ARDA,https://maps.google.com/?cid=10387045852062945562&g_mp=CiVnb29nbGUubWFwcy5wbGFjZXMudjEuUGxhY2VzLkdldFBsYWNlEAIYBCAA,"San Luis 155, Roma Nte., Cuauhtémoc, 06700 Ciudad de México, CDMX, Mexico",Roma Norte,Ciudad de México,Ciudad de México,Mexico,MX,06700,19.4137973,-99.161835,restaurant,"restaurant, food, point_of_interest, establishment",OPERATIONAL,4.8,1137.0,,RESOLVED_FROM_URL
ACTIVO,,https://www.google.com/maps/place/ACTIVO/data=!4m2!3m1!1s0x85d201526f25cb59:0xabcafa3d155afe50,,,Wanna go,wanna_go,ChIJWcslb1IB0oURUP5aFT36yqs,ACTIVO,https://maps.google.com/?cid=12378981666039463504&g_mp=CiVnb29nbGUubWFwcy5wbGFjZXMudjEuUGxhY2VzLkdldFBsYWNlEAIYBCAA,"Pista el sope S/N, Kiosko 8, Bosque de Chapultepec II Secc, Miguel Hidalgo, 11100 Ciudad de México, CDMX, Mexico",Bosque de Chapultepec II Sección,Ciudad de México,Ciudad de México,Mexico,MX,11100,19.417246,-99.2032241,coffee_shop,"coffee_shop, cafe, food_store, store, restaurant, food, point_of_interest, establishment",OPERATIONAL,4.6,132.0,PRICE_LEVEL_MODERATE,RESOLVED_FROM_URL
Pistilo,,https://www.google.com/maps/place/Pistilo/data=!4m2!3m1!1s0x85d1ff00253b00e7:0xabeb958ca599802c,,,Wanna go,wanna_go,ChIJ5wA7JQD_0YURLICZpYyV66s,Pistilo,https://maps.google.com/?cid=12388159631318941740&g_mp=CiVnb29nbGUubWFwcy5wbGFjZXMudjEuUGxhY2VzLkdldFBsYWNlEAIYBCAA,"C. de Chiapas 208-Loc 1, Roma Nte., Cuauhtémoc, 06760 Ciudad de México, CDMX, Mexico",Roma Norte,Ciudad de México,Ciudad de México,Mexico,MX,06760,19.4115949,-99.1660328,bar,"bar, point_of_interest, establishment",OPERATIONAL,4.7,158.0,PRICE_LEVEL_MODERATE,RESOLVED_FROM_URL
Olaf Osteria,,https://www.google.com/maps/place/Olaf+Osteria/data=!4m2!3m1!1s0x85d1ffb336cff7a5:0xec109aad9279368a,,,Wanna go,wanna_go,ChIJpffPNrP_0YURijZ5kq2aEOw,Olaf Osteria,https://maps.google.com/?cid=17010265862855800458&g_mp=CiVnb29nbGUubWFwcy5wbGFjZXMudjEuUGxhY2VzLkdldFBsYWNlEAIYBCAA,"Liverpool 92, Juárez, Cuauhtémoc, 06600 Ciudad de México, CDMX, Mexico",Juárez,Ciudad de México,Ciudad de México,Mexico,MX,06600,19.425583,-99.1611155,restaurant,"restaurant, food, point_of_interest, establishment",OPERATIONAL,4.6,165.0,,RESOLVED_FROM_URL
Orbita,,https://www.google.com/maps/place/Orbita/data=!4m2!3m1!1s0x85d1ff9c2c5d9a45:0x5c77ef01daf4e725,,,Wanna go,wanna_go,ChIJRZpdLJz_0YURJef02gHvd1w,Orbita,https://maps.google.com/?cid=6663056964965426981&g_mp=CiVnb29nbGUubWFwcy5wbGFjZXMudjEuUGxhY2VzLkdldFBsYWNlEAIYBCAA,"C. Orizaba 115, Roma Nte., Cuauhtémoc, 06700 Ciudad de México, CDMX, Mexico",Roma Norte,Ciudad de México,Ciudad de México,Mexico,MX,06700,19.417828699999998,-99.1598208,cafe,"cafe, bar, food, point_of_interest, establishment",OPERATIONAL,4.6,613.0,PRICE_LEVEL_MODERATE,RESOLVED_FROM_URL
Belly,,https://www.google.com/maps/place/Belly/data=!4m2!3m1!1s0x48761b1366d70ab5:0x7236ebf9cffe1b27,,,Wanna go,wanna_go,ChIJtQrXZhMbdkgRJxv-z_nrNnI,Belly,https://maps.google.com/?cid=8230024827235080999&g_mp=CiVnb29nbGUubWFwcy5wbGFjZXMudjEuUGxhY2VzLkdldFBsYWNlEAIYBCAA,"157 Kentish Town Rd, London NW1 8PD, UK",,Greater London,England,United Kingdom,GB,NW1 8PD,51.545454199999995,-0.14180669999999998,filipino_restaurant,"filipino_restaurant, restaurant, food, point_of_interest, establishment",OPERATIONAL,4.4,301.0,PRICE_LEVEL_EXPENSIVE,RESOLVED_FROM_URL
Hule,,https://www.google.com/maps/place/Hule/data=!4m2!3m1!1s0x85d1ffd6c927f8ed:0x80ed711da812e129,,,Wanna go,wanna_go,ChIJ7fgnydb_0YURKeESqB1x7YA,Hule,https://maps.google.com/?cid=9290205978523001129&g_mp=CiVnb29nbGUubWFwcy5wbGFjZXMudjEuUGxhY2VzLkdldFBsYWNlEAIYBCAA,"Av Michoacán 75, Colonia Condesa, Cuauhtémoc, 06100 Ciudad de México, CDMX, Mexico",Colonia Condesa,Ciudad de México,Ciudad de México,Mexico,MX,06100,19.4116788,-99.1733261,coffee_shop,"coffee_shop, cafe, food_store, store, restaurant, food, point_of_interest, establishment",OPERATIONAL,4.4,821.0,PRICE_LEVEL_MODERATE,RESOLVED_FROM_URL
Makan,,https://www.google.com/maps/place/Makan/data=!4m2!3m1!1s0x85d1ff49dd1a3c8f:0xaad80010c54aa382,,,Wanna go,wanna_go,ChIJjzwa3Un_0YURgqNKxRAA2Ko,Makan,https://maps.google.com/?cid=12310589653446730626&g_mp=CiVnb29nbGUubWFwcy5wbGFjZXMudjEuUGxhY2VzLkdldFBsYWNlEAIYBCAA,"Emilio Dondé 68B, Colonia Centro, Centro, Cuauhtémoc, 06000 Ciudad de México, CDMX, Mexico",Colonia Centro,Ciudad de México,Ciudad de México,Mexico,MX,06000,19.431111899999998,-99.15123349999999,restaurant,"chinese_restaurant, restaurant, food, point_of_interest, establishment",OPERATIONAL,4.3,670.0,,RESOLVED_FROM_URL
CASTIZO ROMA,,https://www.google.com/maps/place/CASTIZO+ROMA/data=!4m2!3m1!1s0x85d1ffca7137cb4b:0x314bab62f97065ab,,,Wanna go,wanna_go,ChIJS8s3ccr_0YURq2Vw-WKrSzE,CASTIZO ROMA,https://maps.google.com/?cid=3552121172691805611&g_mp=CiVnb29nbGUubWFwcy5wbGFjZXMudjEuUGxhY2VzLkdldFBsYWNlEAIYBCAA,"C. Orizaba 74, Roma Nte., Cuauhtémoc, 06700 Ciudad de México, CDMX, Mexico",Roma Norte,Ciudad de México,Ciudad de México,Mexico,MX,06700,19.420389999999998,-99.160145,restaurant,"restaurant, food, point_of_interest, establishment",OPERATIONAL,4.8,258.0,,RESOLVED_FROM_URL
Casa Imperial Polanco,,https://www.google.com/maps/place/Casa+Imperial+Polanco/data=!4m2!3m1!1s0x85d20171a6acf073:0x901368e73909b6a4,,,Wanna go,wanna_go,ChIJc_CspnEB0oURpLYJOedoE5A,Casa Imperial Polanco,https://maps.google.com/?cid=10381756908322797220&g_mp=CiVnb29nbGUubWFwcy5wbGFjZXMudjEuUGxhY2VzLkdldFBsYWNlEAIYBCAA,"Emilio Castelar & Galileo, Polanco, Polanco IV Secc, Miguel Hidalgo, 11560 Ciudad de México, CDMX, Mexico",Polanco IV Sección,Ciudad de México,Ciudad de México,Mexico,MX,11560,19.4294601,-99.19318489999999,mexican_restaurant,"mexican_restaurant, restaurant, food, point_of_interest, establishment",OPERATIONAL,4.5,330.0,PRICE_LEVEL_EXPENSIVE,RESOLVED_FROM_URL
Momiji,,https://www.google.com/maps/place/Momiji/data=!4m2!3m1!1s0x85d2016299407225:0x614b4fd4dc84a173,,,Wanna go,wanna_go,ChIJJXJAmWIB0oURc6GE3NRPS2E,Momiji,https://maps.google.com/?cid=7010785020583649651&g_mp=CiVnb29nbGUubWFwcy5wbGFjZXMudjEuUGxhY2VzLkdldFBsYWNlEAIYBCAA,"Sierra Madre 216, Lomas - Virreyes, Lomas de Chapultepec, Miguel Hidalgo, 11000 Ciudad de México, CDMX, Mexico",Lomas - Virreyes,Ciudad de México,Ciudad de México,Mexico,MX,11000,19.424109599999998,-99.2074536,restaurant,"restaurant, food, point_of_interest, establishment",OPERATIONAL,4.2,95.0,,RESOLVED_FROM_URL
El 98,,https://www.google.com/maps/place/El+98/data=!4m2!3m1!1s0x85d1ff1b34632371:0xeb3091a5e158c6e0,,,Wanna go,wanna_go,ChIJcSNjNBv_0YUR4MZY4aWRMOs,El 98,https://maps.google.com/?cid=16947205539431499488&g_mp=CiVnb29nbGUubWFwcy5wbGFjZXMudjEuUGxhY2VzLkdldFBsYWNlEAIYBCAA,"Av. Vicente Suárez 41, Colonia Condesa, Cuauhtémoc, 06140 Ciudad de México, CDMX, Mexico",Colonia Condesa,Ciudad de México,Ciudad de México,Mexico,MX,06140,19.4117759,-99.17549079999999,restaurant,"restaurant, food, point_of_interest, establishment",OPERATIONAL,4.5,93.0,PRICE_LEVEL_MODERATE,RESOLVED_FROM_URL
The Latimer Pub & Restaurant,,https://www.google.com/maps/place/The+Latimer+Pub+%26+Restaurant/data=!4m2!3m1!1s0x4876113495218749:0x40f2ca9630ce7ca0,,,Wanna go,wanna_go,ChIJSYchlTQRdkgRoHzOMJbK8kA,The Latimer Pub & Restaurant,https://maps.google.com/?cid=4680025709204110496&g_mp=CiVnb29nbGUubWFwcy5wbGFjZXMudjEuUGxhY2VzLkdldFBsYWNlEAIYBCAA,"274 Latimer Rd, London W10 6QW, UK",,Greater London,England,United Kingdom,GB,W10 6QW,51.5182012,-0.2241177,restaurant,"restaurant, food, point_of_interest, establishment",OPERATIONAL,4.8,61.0,PRICE_LEVEL_MODERATE,RESOLVED_FROM_URL
Tiella Trattoria & Bar,,https://www.google.com/maps/place/Tiella+Trattoria+%26+Bar/data=!4m2!3m1!1s0x48761dd706640e2f:0xfe78aec95e185361,,,Wanna go,wanna_go,ChIJLw5kBtcddkgRYVMYXsmueP4,Tiella Trattoria & Bar,https://maps.google.com/?cid=18336598062729286497&g_mp=CiVnb29nbGUubWFwcy5wbGFjZXMudjEuUGxhY2VzLkdldFBsYWNlEAIYBCAA,"109 Columbia Rd, London E2 7RL, UK",,Greater London,England,United Kingdom,GB,E2 7RL,51.5303464,-0.06824809999999999,italian_restaurant,"italian_restaurant, restaurant, point_of_interest, food, establishment",OPERATIONAL,4.8,179.0,PRICE_LEVEL_MODERATE,RESOLVED_FROM_URL
Quiero Gelato,,https://www.google.com/maps/place/Quiero+Gelato/data=!4m2!3m1!1s0x85d1fff22d0a5f0b:0xe003d1d99b56178b,,,Wanna go,wanna_go,ChIJC18KLfL_0YURixdWm9nRA-A,Quiero Gelato,https://maps.google.com/?cid=16141976221970208651&g_mp=CiVnb29nbGUubWFwcy5wbGFjZXMudjEuUGxhY2VzLkdldFBsYWNlEAIYBCAA,"Ámsterdam 137, Hipódromo Condesa, Cuauhtémoc, 06100 Ciudad de México, CDMX, Mexico",Hipódromo Condesa,Ciudad de México,Ciudad de México,Mexico,MX,06100,19.4113418,-99.1716218,ice_cream_shop,"ice_cream_shop, dessert_shop, confectionery, food_store, store, food, point_of_interest, establishment",OPERATIONAL,4.7,184.0,,RESOLVED_FROM_URL
Esca,,https://www.google.com/maps/place/Esca/data=!4m2!3m1!1s0x85d1ff007125a61f:0x39d02fbee6e85be4,,,Wanna go,wanna_go,ChIJH6YlcQD_0YUR5Fvo5r4v0Dk,Esca,https://maps.google.com/?cid=4165882152281988068&g_mp=CiVnb29nbGUubWFwcy5wbGFjZXMudjEuUGxhY2VzLkdldFBsYWNlEAIYBCAA,"ESCA - Restaurante, Córdoba 140, Roma Nte., Cuauhtémoc, 06700 Ciudad de México, CDMX, Mexico",Roma Norte,Ciudad de México,Ciudad de México,Mexico,MX,06700,19.4167997,-99.15800139999999,italian_restaurant,"italian_restaurant, restaurant, food, point_of_interest, establishment",OPERATIONAL,4.4,261.0,PRICE_LEVEL_VERY_EXPENSIVE,RESOLVED_FROM_URL
Masa viva,,https://www.google.com/maps/place/Masa+viva/data=!4m2!3m1!1s0x85d1ff26d39d4461:0xe51596899e5c465a,,,Wanna go,wanna_go,ChIJYUSd0yb_0YURWkZcnomWFeU,Masa viva,https://maps.google.com/?cid=16507265527007954522&g_mp=CiVnb29nbGUubWFwcy5wbGFjZXMudjEuUGxhY2VzLkdldFBsYWNlEAIYBCAA,"Quintana Roo 144, código 2, Hipódromo, Cuauhtémoc, 06100 Ciudad de México, CDMX, Mexico",código 2,Ciudad de México,Ciudad de México,Mexico,MX,06100,19.404067299999998,-99.1708383,coffee_shop,"coffee_shop, cafe, food_store, store, food, point_of_interest, establishment",OPERATIONAL,4.6,78.0,PRICE_LEVEL_MODERATE,RESOLVED_FROM_URL
Disco Café & Bar,,https://www.google.com/maps/place/Disco+Caf%C3%A9+%26+Bar/data=!4m2!3m1!1s0x85d1ff46f30578cb:0xde893c16847e101d,,,Wanna go,wanna_go,ChIJy3gF80b_0YURHRB-hBY8id4,Disco Café & Bar,https://maps.google.com/?cid=16035414015639162909&g_mp=CiVnb29nbGUubWFwcy5wbGFjZXMudjEuUGxhY2VzLkdldFBsYWNlEAIYBCAA,"Av México 99, Hipódromo, Colonia Condesa, Cuauhtémoc, 06100 Ciudad de México, CDMX, Mexico",Hipódromo,Ciudad de México,Ciudad de México,Mexico,MX,06100,19.4102843,-99.1708008,restaurant,"restaurant, food, point_of_interest, establishment",OPERATIONAL,4.4,117.0,PRICE_LEVEL_MODERATE,RESOLVED_FROM_URL
Recio,,https://www.google.com/maps/place/Recio/data=!4m2!3m1!1s0x85d1ffc691d27117:0xb58fceea4e66b5f5,,,Wanna go,wanna_go,ChIJF3HSkcb_0YUR9bVmTurOj7U,Recio,https://maps.google.com/?cid=13082902948267603445&g_mp=CiVnb29nbGUubWFwcy5wbGFjZXMudjEuUGxhY2VzLkdldFBsYWNlEAIYBCAA,"Gral. Pedro Antonio de Los Santos 2, San Miguel Chapultepec I Sección, Miguel Hidalgo, 11850 Ciudad de México, CDMX, Mexico",San Miguel Chapultepec I Sección,Ciudad de México,Ciudad de México,Mexico,MX,11850,19.4163016,-99.1808573,restaurant,"restaurant, food, point_of_interest, establishment",OPERATIONAL,5.0,17.0,PRICE_LEVEL_MODERATE,RESOLVED_FROM_URL
El Mandarino,,https://www.google.com/maps/place/El+Mandarino/data=!4m2!3m1!1s0x85d1ff435497292d:0x6b87c036ec400145,,,Wanna go,wanna_go,ChIJLSmXVEP_0YURRQFA7DbAh2s,El Mandarino,https://maps.google.com/?cid=7748373026038612293&g_mp=CiVnb29nbGUubWFwcy5wbGFjZXMudjEuUGxhY2VzLkdldFBsYWNlEAIYBCAA,"C. de Pachuca 142, Colonia Condesa, Cuauhtémoc, 06140 Ciudad de México, CDMX, Mexico",Colonia Condesa,Ciudad de México,Ciudad de México,Mexico,MX,06140,19.4131303,-99.17872419999999,chinese_restaurant,"chinese_restaurant, meal_delivery, food_delivery, restaurant, food, point_of_interest, establishment",OPERATIONAL,4.7,626.0,PRICE_LEVEL_MODERATE,RESOLVED_FROM_URL
Spruce,,https://www.google.com/maps/place/Spruce/data=!4m2!3m1!1s0x48760550bbe9764d:0x10809be46563bba2,,,Wanna go,wanna_go,ChIJTXbpu1AFdkgRortjZeSbgBA,Spruce,https://maps.google.com/?cid=1189121706881694626&g_mp=CiVnb29nbGUubWFwcy5wbGFjZXMudjEuUGxhY2VzLkdldFBsYWNlEAIYBCAA,"140 St John's Hl, London SW11 1SL, UK",,Greater London,England,United Kingdom,GB,SW11 1SL,51.4602746,-0.1777878,cafe,"cafe, wine_bar, bar, food, point_of_interest, establishment",OPERATIONAL,4.8,68.0,PRICE_LEVEL_MODERATE,RESOLVED_FROM_URL
Como La Flor,,https://www.google.com/maps/place/Como+La+Flor/data=!4m2!3m1!1s0x85d1ff0079e13f9b:0xfbe16451b105bd4,,,Wanna go,wanna_go,ChIJmz_heQD_0YUR1FsQG0UWvg8,Como La Flor,https://maps.google.com/?cid=1134368642206555092&g_mp=CiVnb29nbGUubWFwcy5wbGFjZXMudjEuUGxhY2VzLkdldFBsYWNlEAIYBCAA,"C. Bajío 107, Roma Sur, Cuauhtémoc, 06760 Ciudad de México, CDMX, Mexico",Roma Sur,Ciudad de México,Ciudad de México,Mexico,MX,06760,19.404696599999998,-99.1595828,coffee_shop,"coffee_shop, cafe, food_store, store, food, point_of_interest, establishment",OPERATIONAL,4.9,45.0,PRICE_LEVEL_MODERATE,RESOLVED_FROM_URL
Calma Nail Bar - Condesa,,https://www.google.com/maps/place/Calma+Nail+Bar+-+Condesa/data=!4m2!3m1!1s0x85d1ff0f4c40f3d5:0x196aea7d3c137952,,,Wanna go,wanna_go,ChIJ1fNATA__0YURUnkTPH3qahk,Calma Nail Bar - Condesa,https://maps.google.com/?cid=1831534022079248722&g_mp=CiVnb29nbGUubWFwcy5wbGFjZXMudjEuUGxhY2VzLkdldFBsYWNlEAIYBCAA,"Zamora 114, Colonia Condesa, Cuauhtémoc, 06140 Ciudad de México, CDMX, Mexico",Colonia Condesa,Ciudad de México,Ciudad de México,Mexico,MX,06140,19.415329699999997,-99.17854709999999,nail_salon,"nail_salon, beauty_salon, service, point_of_interest, establishment",OPERATIONAL,4.9,413.0,PRICE_LEVEL_MODERATE,RESOLVED_FROM_URL
Tacos Domingo - Reforma,,https://www.google.com/maps/place/Tacos+Domingo+-+Reforma/data=!4m2!3m1!1s0x85d1ff00595b5a33:0xcc5d87bc7ef4bbba,,,Wanna go,wanna_go,ChIJM1pbWQD_0YURurv0fryHXcw,Tacos Domingo - Reforma,https://maps.google.com/?cid=14726075600224959418&g_mp=CiVnb29nbGUubWFwcy5wbGFjZXMudjEuUGxhY2VzLkdldFBsYWNlEAIYBCAA,"Av. P.º de la Reforma 390-Loc 2, Juárez, Cuauhtémoc, 06600 Ciudad de México, CDMX, Mexico",Juárez,Ciudad de México,Ciudad de México,Mexico,MX,06600,19.425383999999998,-99.1699833,restaurant,"restaurant, taco_restaurant, point_of_interest, food, establishment",OPERATIONAL,4.5,413.0,PRICE_LEVEL_MODERATE,RESOLVED_FROM_URL
Crissis Crissis,,https://www.google.com/maps/place/Crissis+Crissis/data=!4m2!3m1!1s0x85d20100428409c9:0xd37259e1da8313f6,,,Wanna go,wanna_go,ChIJyQmEQgAB0oUR9hOD2uFZctM,Crissis Bar,https://maps.google.com/?cid=15236339315916346358&g_mp=CiVnb29nbGUubWFwcy5wbGFjZXMudjEuUGxhY2VzLkdldFBsYWNlEAIYBCAA,"Mayorga 118-Local B, Lomas de Chapultepec, Miguel Hidalgo, 11000 Ciudad de México, CDMX, Mexico",Lomas de Chapultepec,Ciudad de México,Ciudad de México,Mexico,MX,11000,19.4107509,-99.2175317,coffee_shop,"coffee_shop, cafe, food_store, store, food, point_of_interest, establishment",OPERATIONAL,4.2,33.0,PRICE_LEVEL_EXPENSIVE,RESOLVED_FROM_URL
Buna - Café Rico,,https://www.google.com/maps/place/Buna+-+Caf%C3%A9+Rico/data=!4m2!3m1!1s0x85d1ff30eb858d85:0x263ee4f447c7779,,,Wanna go,wanna_go,ChIJhY2F6zD_0YUReXd8RE_uYwI,Buna - Café Rico,https://maps.google.com/?cid=172243234989045625&g_mp=CiVnb29nbGUubWFwcy5wbGFjZXMudjEuUGxhY2VzLkdldFBsYWNlEAIYBCAA,"C. Orizaba 42, Roma Nte., Cuauhtémoc, 06700 Ciudad de México, CDMX, Mexico",Roma Norte,Ciudad de México,Ciudad de México,Mexico,MX,06700,19.421955399999998,-99.1605323,cafe,"cafe, cafeteria, breakfast_restaurant, restaurant, bakery, food_store, food, store, point_of_interest, establishment",OPERATIONAL,4.5,1802.0,PRICE_LEVEL_MODERATE,RESOLVED_FROM_URL
Café De Las Artes,,https://www.google.com/maps/place/Caf%C3%A9+De+Las+Artes/data=!4m2!3m1!1s0x85d200024b1065c7:0x8bed44b572baea2a,,,Wanna go,wanna_go,ChIJx2UQSwIA0oURKuq6crVE7Ys,Café De Las Artes,https://maps.google.com/?cid=10082790686857030186&g_mp=CiVnb29nbGUubWFwcy5wbGFjZXMudjEuUGxhY2VzLkdldFBsYWNlEAIYBCAA,"Pl. San Jacinto 16, San Ángel, Álvaro Obregón, 01000 Ciudad de México, CDMX, Mexico",San Ángel,Ciudad de México,Ciudad de México,Mexico,MX,01000,19.3438716,-99.1926891,cafe,"cafe, coffee_shop, food_store, food, point_of_interest, store, establishment",OPERATIONAL,4.0,740.0,PRICE_LEVEL_MODERATE,RESOLVED_FROM_URL
Señor Croissant,,https://www.google.com/maps/place/Se%C3%B1or+Croissant/data=!4m2!3m1!1s0x85d1ffefb45019c5:0xd0fa00958aab4789,,,Wanna go,wanna_go,ChIJxRlQtO__0YURiUeripUA-tA,Señor Croissant,https://maps.google.com/?cid=15058348946343282569&g_mp=CiVnb29nbGUubWFwcy5wbGFjZXMudjEuUGxhY2VzLkdldFBsYWNlEAIYBCAA,"Alfonso Reyes 295-Loc D, Hipódromo, Cuauhtémoc, 06100 Ciudad de México, CDMX, Mexico",Hipódromo,Ciudad de México,Ciudad de México,Mexico,MX,06100,19.4061102,-99.1722396,bakery,"bakery, cafe, food_store, store, food, point_of_interest, establishment",OPERATIONAL,4.2,396.0,PRICE_LEVEL_MODERATE,RESOLVED_FROM_URL
Carajo Maria,,https://www.google.com/maps/place/Carajo+Maria/data=!4m2!3m1!1s0x85d1ffd81206d9e7:0x95cf1ddc65226d66,,,Wanna go,wanna_go,ChIJ59kGEtj_0YURZm0iZdwdz5U,Carajo Maria,https://maps.google.com/?cid=10794879664257133926&g_mp=CiVnb29nbGUubWFwcy5wbGFjZXMudjEuUGxhY2VzLkdldFBsYWNlEAIYBCAA,"Hamburgo 268, Juárez, Cuauhtémoc, 06600 Ciudad de México, CDMX, Mexico",Juárez,Ciudad de México,Ciudad de México,Mexico,MX,06600,19.422952799999997,-99.17122479999999,restaurant,"restaurant, food, point_of_interest, establishment",OPERATIONAL,4.5,135.0,PRICE_LEVEL_MODERATE,RESOLVED_FROM_URL
Don Vergas Mariscos,,https://www.google.com/maps/place/Don+Vergas+Mariscos/data=!4m2!3m1!1s0x85d1ff00223f0985:0x845ca35be33d5d44,,,Wanna go,wanna_go,ChIJhQk_IgD_0YURRF0941ujXIQ,Mariscos,https://maps.google.com/?cid=9537677725913668932&g_mp=CiVnb29nbGUubWFwcy5wbGFjZXMudjEuUGxhY2VzLkdldFBsYWNlEAIYBCAA,"Av. Tamaulipas 170, Hipódromo, Cuauhtémoc, 06100 Ciudad de México, CDMX, Mexico",Hipódromo,Ciudad de México,Ciudad de México,Mexico,MX,06100,19.4083752,-99.1766024,seafood_restaurant,"seafood_restaurant, restaurant, food, point_of_interest, establishment",OPERATIONAL,4.3,76.0,PRICE_LEVEL_MODERATE,RESOLVED_FROM_URL
Crown & Hart Pub,,https://www.google.com/maps/place/Crown+%26+Hart+Pub/data=!4m2!3m1!1s0x85d1ffdb9bebd49b:0xe2686928a9779648,,,Wanna go,wanna_go,ChIJm9Trm9v_0YURSJZ3qShpaOI,Crown & Hart Pub,https://maps.google.com/?cid=16314405273512416840&g_mp=CiVnb29nbGUubWFwcy5wbGFjZXMudjEuUGxhY2VzLkdldFBsYWNlEAIYBCAA,"Monterrey 147, local 2 *Entrada, Guanajuato, Roma Nte., Cuauhtémoc, 06700 Ciudad de México, CDMX, Mexico",Roma Norte,Ciudad de México,Ciudad de México,Mexico,MX,06700,19.415750199999998,-99.1638419,pub,"pub, bar, point_of_interest, establishment",OPERATIONAL,4.7,74.0,PRICE_LEVEL_MODERATE,RESOLVED_FROM_URL
COMPAY CAFÉ,,https://www.google.com/maps/place/COMPAY+CAF%C3%89/data=!4m2!3m1!1s0x85d1ff000df55091:0x60416c36683f2733,,,Wanna go,wanna_go,ChIJkVD1DQD_0YURMyc_aDZsQWA,COMPAY CAFÉ,https://maps.google.com/?cid=6935943882060277555&g_mp=CiVnb29nbGUubWFwcy5wbGFjZXMudjEuUGxhY2VzLkdldFBsYWNlEAIYBCAA,"Durango 65, Roma Nte., Cuauhtémoc, 06700 Ciudad de México, CDMX, Mexico",Roma Norte,Ciudad de México,Ciudad de México,Mexico,MX,06700,19.421738599999998,-99.15833579999999,coffee_shop,"coffee_shop, cafe, food_store, store, food, point_of_interest, establishment",OPERATIONAL,4.9,95.0,,RESOLVED_FROM_URL
ISMO,,https://www.google.com/maps/place/ISMO/data=!4m2!3m1!1s0x85d1ffb615ff1e5b:0x504df8c1db0fe6ad,,,Wanna go,wanna_go,ChIJWx7_Fbb_0YURreYP28H4TVA,ISMO - Ismo cafe,https://maps.google.com/?cid=5786554607728584365&g_mp=CiVnb29nbGUubWFwcy5wbGFjZXMudjEuUGxhY2VzLkdldFBsYWNlEAIYBCAA,"Durango 175B, Roma Nte., Cuauhtémoc, 06700 Ciudad de México, CDMX, Mexico",Roma Norte,Ciudad de México,Ciudad de México,Mexico,MX,06700,19.4202579,-99.16503399999999,restaurant,"restaurant, bar, food, point_of_interest, establishment",OPERATIONAL,4.3,355.0,,RESOLVED_FROM_URL
El Compita Taquería,,https://www.google.com/maps/place/El+Compita+Taquer%C3%ADa/data=!4m2!3m1!1s0x85d1ff4fa8a0f1d7:0x296825968fcbf38d,,,Wanna go,wanna_go,ChIJ1_GgqE__0YURjfPLj5YlaCk,El Compita Taquería,https://maps.google.com/?cid=2983676081720783757&g_mp=CiVnb29nbGUubWFwcy5wbGFjZXMudjEuUGxhY2VzLkdldFBsYWNlEAIYBCAA,"Medellín 242, Roma Sur, Cuauhtémoc, 06760 Ciudad de México, CDMX, Mexico",Roma Sur,Ciudad de México,Ciudad de México,Mexico,MX,06760,19.4096615,-99.1639535,taco_restaurant,"taco_restaurant, restaurant, food, point_of_interest, establishment",OPERATIONAL,4.2,1099.0,PRICE_LEVEL_MODERATE,RESOLVED_FROM_URL
MAMAPAPA,,https://www.google.com/maps/place/MAMAPAPA/data=!4m2!3m1!1s0x85d1ff9082346959:0xea8acd0204d2afe4,,,Wanna go,wanna_go,ChIJWWk0gpD_0YUR5K_SBALNiuo,MAMAPAPA,https://maps.google.com/?cid=16900545960215752676&g_mp=CiVnb29nbGUubWFwcy5wbGFjZXMudjEuUGxhY2VzLkdldFBsYWNlEAIYBCAA,"Sinaloa 2, Roma Nte., Cuauhtémoc, 06700 Ciudad de México, CDMX, Mexico",Roma Norte,Ciudad de México,Ciudad de México,Mexico,MX,06700,19.4214148,-99.16388309999999,restaurant,"restaurant, food, point_of_interest, establishment",OPERATIONAL,4.6,232.0,PRICE_LEVEL_MODERATE,RESOLVED_FROM_URL
FRITANGUITA,,https://www.google.com/maps/place/FRITANGUITA/data=!4m2!3m1!1s0x85d1ff001507d631:0x11156d096795c88d,,,Wanna go,wanna_go,ChIJMdYHFQD_0YURjciVZwltFRE,Fritanguita,https://maps.google.com/?cid=1231009960315701389&g_mp=CiVnb29nbGUubWFwcy5wbGFjZXMudjEuUGxhY2VzLkdldFBsYWNlEAIYBCAA,"Puebla 236, Roma Nte., Cuauhtémoc, 06700 Ciudad de México, CDMX, Mexico",Roma Norte,Ciudad de México,Ciudad de México,Mexico,MX,06700,19.4217157,-99.16669879999999,taco_restaurant,"taco_restaurant, mexican_restaurant, restaurant, food, point_of_interest, establishment",OPERATIONAL,4.4,74.0,PRICE_LEVEL_MODERATE,RESOLVED_FROM_URL
TONCHIN MEXICO CITY,,https://www.google.com/maps/place/TONCHIN+MEXICO+CITY/data=!4m2!3m1!1s0x85d1ffdcd181c567:0x78122a348a8049f7,,,Wanna go,wanna_go,ChIJZ8WB0dz_0YUR90mAijQqEng,TONCHIN MEXICO CITY,https://maps.google.com/?cid=8652024239282473463&g_mp=CiVnb29nbGUubWFwcy5wbGFjZXMudjEuUGxhY2VzLkdldFBsYWNlEAIYBCAA,"Av. P.º de la Reforma 380-Loc Planta Baja, Juárez, Cuauhtémoc, 06600 Ciudad de México, CDMX, Mexico",Juárez,Ciudad de México,Ciudad de México,Mexico,MX,06600,19.4256624,-99.1693468,ramen_restaurant,"ramen_restaurant, japanese_restaurant, restaurant, point_of_interest, food, establishment",OPERATIONAL,4.5,897.0,PRICE_LEVEL_MODERATE,RESOLVED_FROM_URL
LENEZ Bar de vinos,,https://www.google.com/maps/place/LENEZ+Bar+de+vinos/data=!4m2!3m1!1s0x85d1ff49d8e1aaab:0x1eaa2dfa0c756edc,,,Wanna go,wanna_go,ChIJq6rh2En_0YUR3G51DPotqh4,LENEZ Bar de vinos,https://maps.google.com/?cid=2209629119152746204&g_mp=CiVnb29nbGUubWFwcy5wbGFjZXMudjEuUGxhY2VzLkdldFBsYWNlEAIYBCAA,"Londres 207, Juárez, Cuauhtémoc, 06600 Ciudad de México, CDMX, Mexico",Juárez,Ciudad de México,Ciudad de México,Mexico,MX,06600,19.4237424,-99.1678843,wine_bar,"wine_bar, bar, restaurant, food, point_of_interest, establishment",OPERATIONAL,4.8,144.0,,RESOLVED_FROM_URL
Magazzino,,https://www.google.com/maps/place/Magazzino/data=!4m2!3m1!1s0x85d1ff13b1b519ff:0xe5dab33cb6c097fe,,,Wanna go,wanna_go,ChIJ_xm1sRP_0YUR_pfAtjyz2uU,Magazzino,https://maps.google.com/?cid=16562747652953905150&g_mp=CiVnb29nbGUubWFwcy5wbGFjZXMudjEuUGxhY2VzLkdldFBsYWNlEAIYBCAA,"C. de Pachuca 51, Colonia Condesa, Cuauhtémoc, 06140 Ciudad de México, CDMX, Mexico",Colonia Condesa,Ciudad de México,Ciudad de México,Mexico,MX,06140,19.4168718,-99.1768359,restaurant,"restaurant, bar, food, point_of_interest, establishment",OPERATIONAL,4.4,126.0,,RESOLVED_FROM_URL
Taqueria La Estrella,,https://www.google.com/maps/place/Taqueria+La+Estrella/data=!4m2!3m1!1s0x85d1ff811b62782f:0x296a70bf9ca236dc,,,Wanna go,wanna_go,ChIJL3hiG4H_0YUR3DainL9waik,Taqueria La Estrella,https://maps.google.com/?cid=2984321671355315932&g_mp=CiVnb29nbGUubWFwcy5wbGFjZXMudjEuUGxhY2VzLkdldFBsYWNlEAIYBCAA,"Londres 208, Juárez, Cuauhtémoc, 06600 Ciudad de México, CDMX, Mexico",Juárez,Ciudad de México,Ciudad de México,Mexico,MX,06600,19.4235825,-99.1677606,mexican_restaurant,"mexican_restaurant, restaurant, food, point_of_interest, establishment",OPERATIONAL,4.2,330.0,PRICE_LEVEL_MODERATE,RESOLVED_FROM_URL
Cafe Ocaso,,https://www.google.com/maps/place/Cafe+Ocaso/data=!4m2!3m1!1s0x85d1ff0061c69e11:0xd1615e6b923b89c2,,,Wanna go,wanna_go,ChIJEZ7GYQD_0YURwok7kmteYdE,Bar Ocaso,https://maps.google.com/?cid=15087444042775759298&g_mp=CiVnb29nbGUubWFwcy5wbGFjZXMudjEuUGxhY2VzLkdldFBsYWNlEAIYBCAA,"Av. Álvaro Obregón 04, Roma Nte., Cuauhtémoc, 06700 Ciudad de México, CDMX, Mexico",Roma Norte,Ciudad de México,Ciudad de México,Mexico,MX,06700,19.4191044,-99.15444509999999,bar,"bar, point_of_interest, establishment",OPERATIONAL,4.7,67.0,PRICE_LEVEL_MODERATE,RESOLVED_FROM_URL
Taverna,,https://www.google.com/maps/place/Taverna/data=!4m2!3m1!1s0x85d1ffa2da192337:0xb10c3bd5a92fe6dd,,,Wanna go,wanna_go,ChIJNyMZ2qL_0YUR3eYvqdU7DLE,Taverna,https://maps.google.com/?cid=12757637633286334173&g_mp=CiVnb29nbGUubWFwcy5wbGFjZXMudjEuUGxhY2VzLkdldFBsYWNlEAIYBCAA,"C. Gral. Prim 34, Juárez, Cuauhtémoc, 06600 Ciudad de México, CDMX, Mexico",Juárez,Ciudad de México,Ciudad de México,Mexico,MX,06600,19.429691,-99.1531323,bar_and_grill,"bar_and_grill, mediterranean_restaurant, bar, restaurant, food, point_of_interest, establishment",OPERATIONAL,4.4,1867.0,,RESOLVED_FROM_URL
Balagán,,https://www.google.com/maps/place/Balag%C3%A1n/data=!4m2!3m1!1s0x85d1ffe1d3d46337:0x2abd8ab96d5fbe5d,,,Wanna go,wanna_go,ChIJN2PU0-H_0YURXb5fbbmKvSo,Balagán,https://maps.google.com/?cid=3079770249199861341&g_mp=CiVnb29nbGUubWFwcy5wbGFjZXMudjEuUGxhY2VzLkdldFBsYWNlEAIYBCAA,"Calle Gral. Prim 66C Juárez, Cuauhtémoc, 06600 Juárez, Juárez, Cuauhtémoc, 06600 Ciudad de México, CDMX, Mexico",Juárez,Ciudad de México,Ciudad de México,Mexico,MX,06600,19.4304027,-99.1551502,restaurant,"restaurant, food, point_of_interest, establishment",OPERATIONAL,4.3,268.0,PRICE_LEVEL_MODERATE,RESOLVED_FROM_URL
SUKAI,,https://www.google.com/maps/place/SUKAI/data=!4m2!3m1!1s0x85d1ff5f6842e4f7:0x575f150ac02534e,,,Wanna go,wanna_go,ChIJ9-RCaF__0YURTlMCrFDxdQU,SUKAI,https://maps.google.com/?cid=393485871250297678&g_mp=CiVnb29nbGUubWFwcy5wbGFjZXMudjEuUGxhY2VzLkdldFBsYWNlEAIYBCAA,"Calle Gral. Fco. Molinos del Campo 50, San Miguel Chapultepec I Sección, Miguel Hidalgo, 11850 Ciudad de México, CDMX, Mexico",San Miguel Chapultepec I Sección,Ciudad de México,Ciudad de México,Mexico,MX,11850,19.4114017,-99.18914180000002,asian_restaurant,"asian_restaurant, japanese_restaurant, restaurant, food, point_of_interest, establishment",OPERATIONAL,4.4,485.0,PRICE_LEVEL_MODERATE,RESOLVED_FROM_URL
MILPA,,https://www.google.com/maps/place/MILPA/data=!4m2!3m1!1s0x85d1ff958ed5ef63:0xba90a3dadbc0b403,,,Wanna go,wanna_go,ChIJY-_VjpX_0YURA7TA29qjkLo,MILPA,https://maps.google.com/?cid=13443425048085967875&g_mp=CiVnb29nbGUubWFwcy5wbGFjZXMudjEuUGxhY2VzLkdldFBsYWNlEAIYBCAA,"Gobernador Tiburcio Montiel 24, San Miguel Chapultepec I Sección, Miguel Hidalgo, 11850 Ciudad de México, CDMX, Mexico",San Miguel Chapultepec I Sección,Ciudad de México,Ciudad de México,Mexico,MX,11850,19.4140625,-99.1856371,taco_restaurant,"taco_restaurant, restaurant, food, point_of_interest, establishment",OPERATIONAL,4.8,92.0,PRICE_LEVEL_MODERATE,RESOLVED_FROM_URL
The Carpenter's Arms,,https://www.google.com/maps/place/The+Carpenter's+Arms/data=!4m2!3m1!1s0x48760e49c13d8b97:0x746ffd4c0de3d29c,,,Wanna go,wanna_go,ChIJl4s9wUkOdkgRnNLjDUz9b3Q,The Carpenter's Arms,https://maps.google.com/?cid=8390203133906899612&g_mp=CiVnb29nbGUubWFwcy5wbGFjZXMudjEuUGxhY2VzLkdldFBsYWNlEAIYBCAA,"91 Black Lion Ln, London W6 9BG, UK",,Greater London,England,United Kingdom,GB,W6 9BG,51.492557,-0.2426923,pub,"pub, bar, restaurant, point_of_interest, food, establishment",CLOSED_TEMPORARILY,4.3,509.0,PRICE_LEVEL_MODERATE,RESOLVED_FROM_URL
Vacaciones,,https://www.google.com/maps/place/Vacaciones/data=!4m2!3m1!1s0x85d1f90026714a33:0x1a7fb25dc99b8b48,,,Wanna go,wanna_go,ChIJM0pxJgD50YURSIubyV2yfxo,Vacaciones,https://maps.google.com/?cid=1909440882912496456&g_mp=CiVnb29nbGUubWFwcy5wbGFjZXMudjEuUGxhY2VzLkdldFBsYWNlEAIYBCAA,"Manuel María Contreras 35, San Rafael, Cuauhtémoc, 06470 Ciudad de México, CDMX, Mexico",San Rafael,Ciudad de México,Ciudad de México,Mexico,MX,06470,19.440289,-99.1645719,italian_restaurant,"italian_restaurant, restaurant, food, point_of_interest, establishment",OPERATIONAL,4.3,375.0,PRICE_LEVEL_EXPENSIVE,RESOLVED_FROM_URL
La Cocina del Bizco,,https://www.google.com/maps/place/La+Cocina+del+Bizco/data=!4m2!3m1!1s0x85d1ff0000f03b53:0x3315b5b8246ad3ca,,,Wanna go,wanna_go,ChIJUzvwAAD_0YURytNqJLi1FTM,La Cocina del Bizco,https://maps.google.com/?cid=3681048072934839242&g_mp=CiVnb29nbGUubWFwcy5wbGFjZXMudjEuUGxhY2VzLkdldFBsYWNlEAIYBCAA,"C. Ometusco 1, Hipódromo, Cuauhtémoc, 06100 Cuauhtémoc, CDMX, Mexico",Hipódromo,Cuauhtémoc,Ciudad de México,Mexico,MX,06100,19.409258299999998,-99.17284719999999,spanish_restaurant,"spanish_restaurant, restaurant, food, point_of_interest, establishment",OPERATIONAL,4.3,1682.0,,RESOLVED_FROM_URL
Lindy,,https://www.google.com/maps/place/Lindy/data=!4m2!3m1!1s0x85d1ffedb5413041:0x6b82503ff7926e00,,,Wanna go,wanna_go,ChIJQTBBte3_0YURAG6S9z9Qgms,Lindy,https://maps.google.com/?cid=7746842544697404928&g_mp=CiVnb29nbGUubWFwcy5wbGFjZXMudjEuUGxhY2VzLkdldFBsYWNlEAIYBCAA,"Av México 31, Colonia Condesa, Cuauhtémoc, 06100 Ciudad de México, CDMX, Mexico",Colonia Condesa,Ciudad de México,Ciudad de México,Mexico,MX,06100,19.413632,-99.1697617,restaurant,"restaurant, food, point_of_interest, establishment",OPERATIONAL,4.7,632.0,,RESOLVED_FROM_URL
Tacos Hola El Güero,,https://www.google.com/maps/place/Tacos+Hola+El+G%C3%BCero/data=!4m2!3m1!1s0x85d1ff410c04e265:0x3a4d191d1fd40fa5,,,Wanna go,wanna_go,ChIJZeIEDEH_0YURpQ_UHx0ZTTo,Tacos Hola El Güero,https://maps.google.com/?cid=4201041640285278117&g_mp=CiVnb29nbGUubWFwcy5wbGFjZXMudjEuUGxhY2VzLkdldFBsYWNlEAIYBCAA,"Ámsterdam 135, Hipódromo, Cuauhtémoc, 06100 Ciudad de México, CDMX, Mexico",Hipódromo,Ciudad de México,Ciudad de México,Mexico,MX,06100,19.4116663,-99.1715018,taco_restaurant,"taco_restaurant, fast_food_restaurant, restaurant, food, point_of_interest, establishment",OPERATIONAL,4.3,1580.0,PRICE_LEVEL_INEXPENSIVE,RESOLVED_FROM_URL
Amorcita Gelato,,https://www.google.com/maps/place/Amorcita+Gelato/data=!4m2!3m1!1s0x85d1ffbb381cf8bb:0xc78eefaaa75e438a,,,Wanna go,wanna_go,ChIJu_gcOLv_0YURikNep6rvjsc,Amorcita Gelato,https://maps.google.com/?cid=14379694176472023946&g_mp=CiVnb29nbGUubWFwcy5wbGFjZXMudjEuUGxhY2VzLkdldFBsYWNlEAIYBCAA,"Tonalá 194, Cuauhtemoc, Cuauhtémoc, 06700 Ciudad de México, CDMX, Mexico",Cuauhtemoc,Ciudad de México,Ciudad de México,Mexico,MX,06700,19.4120839,-99.16102819999999,ice_cream_shop,"ice_cream_shop, wine_bar, coffee_shop, cafe, bar, dessert_shop, confectionery, food_store, store, food, point_of_interest, establishment",OPERATIONAL,4.7,426.0,,RESOLVED_FROM_URL
madde.,Pedir pastel de platano,https://www.google.com/maps/place/madde./data=!4m2!3m1!1s0x85d1ff817b2a0a41:0x15d64941276b5953,,,Wanna go,wanna_go,ChIJQQoqe4H_0YURU1lrJ0FJ1hU,madde.,https://maps.google.com/?cid=1573525663995615571&g_mp=CiVnb29nbGUubWFwcy5wbGFjZXMudjEuUGxhY2VzLkdldFBsYWNlEAIYBCAA,"Monterrey 381, Roma Sur, Cuauhtémoc, 06760 Ciudad de México, CDMX, Mexico",Roma Sur,Ciudad de México,Ciudad de México,Mexico,MX,06760,19.4036398,-99.16071819999999,bakery,"bakery, food_store, store, food, point_of_interest, establishment",OPERATIONAL,4.8,51.0,PRICE_LEVEL_MODERATE,RESOLVED_FROM_URL
Owl Bar (Speakeasy),,https://www.google.com/maps/place/Owl+Bar+(Speakeasy)/data=!4m2!3m1!1s0x85d1ff00569089ab:0x960cb4a293bf3845,,,Wanna go,wanna_go,ChIJq4mQVgD_0YURRTi_k6K0DJY,Owl Bar (Speakeasy),https://maps.google.com/?cid=10812215415766202437&g_mp=CiVnb29nbGUubWFwcy5wbGFjZXMudjEuUGxhY2VzLkdldFBsYWNlEAIYBCAA,"C. Atlixco 94, Colonia Condesa, Cuauhtémoc, 06140 Ciudad de México, CDMX, Mexico",Colonia Condesa,Ciudad de México,Ciudad de México,Mexico,MX,06140,19.4117514,-99.17488720000001,bar,"bar, point_of_interest, establishment",OPERATIONAL,4.9,106.0,,RESOLVED_FROM_URL
Principal Cafe,Cafe en las mananas y cenar y sobremesa,https://www.google.com/maps/place/Principal+Cafe/data=!4m2!3m1!1s0x85d1ff001c3a8697:0x7b66aa6e592a4346,,,Wanna go,wanna_go,ChIJl4Y6HAD_0YURRkMqWW6qZns,Principal Cafe,https://maps.google.com/?cid=8891981905208689478&g_mp=CiVnb29nbGUubWFwcy5wbGFjZXMudjEuUGxhY2VzLkdldFBsYWNlEAIYBCAA,"Córdoba 87, Roma Nte., Cuauhtémoc, 11700 Ciudad de México, CDMX, Mexico",Roma Norte,Ciudad de México,Ciudad de México,Mexico,MX,11700,19.4195682,-99.1590613,coffee_shop,"coffee_shop, cafe, food_store, store, food, point_of_interest, establishment",OPERATIONAL,4.3,86.0,PRICE_LEVEL_MODERATE,RESOLVED_FROM_URL
Lounge Fernando,,https://www.google.com/maps/place/Lounge+Fernando/data=!4m2!3m1!1s0x85d1ff405cd15555:0xe377fac36ae63e79,,,Wanna go,wanna_go,ChIJVVXRXED_0YUReT7masP6d-M,Lounge Fernando,https://maps.google.com/?cid=16390845086057250425&g_mp=CiVnb29nbGUubWFwcy5wbGFjZXMudjEuUGxhY2VzLkdldFBsYWNlEAIYBCAA,"Iztaccihuatl 54, Hipódromo, Cuauhtémoc, 06100 Ciudad de México, CDMX, Mexico",Hipódromo,Ciudad de México,Ciudad de México,Mexico,MX,06100,19.410249999999998,-99.1692625,cocktail_bar,"cocktail_bar, coffee_shop, breakfast_restaurant, cafe, food_store, store, bar, restaurant, food, point_of_interest, establishment",OPERATIONAL,4.0,35.0,PRICE_LEVEL_MODERATE,RESOLVED_FROM_URL
Marea Restaurante de Mar,,https://www.google.com/maps/place/Marea+Restaurante+de+Mar/data=!4m2!3m1!1s0x85d1ffe4cca9f1db:0xf05d4319427df20d,,,Wanna go,wanna_go,ChIJ2_GpzOT_0YURDfJ9QhlDXfA,Marea Restaurante de Mar,https://maps.google.com/?cid=17320073517705589261&g_mp=CiVnb29nbGUubWFwcy5wbGFjZXMudjEuUGxhY2VzLkdldFBsYWNlEAIYBCAA,"Sinaloa 248, Roma Nte., Cuauhtémoc, 06700 Ciudad de México, CDMX, Mexico",Roma Norte,Ciudad de México,Ciudad de México,Mexico,MX,06700,19.4188507,-99.1750907,restaurant,"restaurant, point_of_interest, food, establishment",OPERATIONAL,4.4,337.0,PRICE_LEVEL_EXPENSIVE,RESOLVED_FROM_URL
tu es,Matcha deli y cozy,https://www.google.com/maps/place/tu+es/data=!4m2!3m1!1s0x85d1ffa3684e24a5:0xfc010582c416ce26,,,Wanna go,wanna_go,ChIJpSROaKP_0YURJs4WxIIFAfw,tu es,https://maps.google.com/?cid=18158801231728266790&g_mp=CiVnb29nbGUubWFwcy5wbGFjZXMudjEuUGxhY2VzLkdldFBsYWNlEAIYBCAA,"C. Dr. Carmona y Valle 147, Doctores, Cuauhtémoc, 06720 Ciudad de México, CDMX, Mexico",Doctores,Ciudad de México,Ciudad de México,Mexico,MX,06720,19.4201671,-99.15332719999999,coffee_shop,"coffee_shop, cafe, food_store, store, point_of_interest, food, establishment",OPERATIONAL,4.6,58.0,PRICE_LEVEL_MODERATE,RESOLVED_FROM_URL
Testarudo Café,Buen lugar para trabajar,https://www.google.com/maps/place/Testarudo+Caf%C3%A9/data=!4m2!3m1!1s0x85d1ff8037353ecb:0x54b49e5fcb2bfd16,,,Wanna go,wanna_go,ChIJyz41N4D_0YURFv0ry1-etFQ,Testarudo Café,https://maps.google.com/?cid=6103677529261604118&g_mp=CiVnb29nbGUubWFwcy5wbGFjZXMudjEuUGxhY2VzLkdldFBsYWNlEAIYBCAA,"Nápoles 47, Juárez, Cuauhtémoc, 06600 Ciudad de México, CDMX, Mexico",Juárez,Ciudad de México,Ciudad de México,Mexico,MX,06600,19.426667899999998,-99.1601845,cafe,"cafe, food, point_of_interest, establishment",OPERATIONAL,4.6,468.0,PRICE_LEVEL_MODERATE,RESOLVED_FROM_URL
Cupido Café,,https://www.google.com/maps/place/Cupido+Caf%C3%A9/data=!4m2!3m1!1s0x85d1ff0039f140ab:0xc89bdc526d523c27,,,Wanna go,wanna_go,ChIJq0DxOQD_0YURJzxSbVLcm8g,Cupido Café,https://maps.google.com/?cid=14455389675555273767&g_mp=CiVnb29nbGUubWFwcy5wbGFjZXMudjEuUGxhY2VzLkdldFBsYWNlEAIYBCAA,"C. Río Elba 50, Cuauhtémoc, 06500 Ciudad de México, CDMX, Mexico",Cuauhtémoc,Ciudad de México,Ciudad de México,Mexico,MX,06500,19.425172099999997,-99.1747853,coffee_shop,"coffee_shop, cafe, food_store, store, food, point_of_interest, establishment",OPERATIONAL,4.2,114.0,PRICE_LEVEL_MODERATE,RESOLVED_FROM_URL
Constela Café,Cafesito para trabajar,https://www.google.com/maps/place/Constela+Caf%C3%A9/data=!4m2!3m1!1s0x85d203c10855d2a9:0xb9435b110ab81699,,,Wanna go,wanna_go,ChIJqdJVCMED0oURmRa4ChFbQ7k,Constela Café,https://maps.google.com/?cid=13349613849208690329&g_mp=CiVnb29nbGUubWFwcy5wbGFjZXMudjEuUGxhY2VzLkdldFBsYWNlEAIYBCAA,"Cda. F.F.C.C. de Cuernavaca 780-Planta Baja, Granada, Miguel Hidalgo, 11529 Ciudad de México, CDMX, Mexico",Granada,Ciudad de México,Ciudad de México,Mexico,MX,11529,19.4414305,-99.2018686,coffee_shop,"coffee_shop, cafe, food_store, store, food, point_of_interest, establishment",OPERATIONAL,4.1,806.0,PRICE_LEVEL_MODERATE,RESOLVED_FROM_URL
Constela Café,Cafesito para trabajar,https://www.google.com/maps/place/Constela+Caf%C3%A9/data=!4m2!3m1!1s0x85d1ffd011d51ab5:0xc7c263276fb7a5b,,,Wanna go,wanna_go,ChIJtRrVEdD_0YURW3r7djImfAw,Constela Café,https://maps.google.com/?cid=899636023753669211&g_mp=CiVnb29nbGUubWFwcy5wbGFjZXMudjEuUGxhY2VzLkdldFBsYWNlEAIYBCAA,"C.Colima 209, Roma Nte., Cuauhtémoc, 06700 Ciudad de México, CDMX, Mexico",Roma Norte,Ciudad de México,Ciudad de México,Mexico,MX,06700,19.419632399999998,-99.16171489999999,coffee_shop,"coffee_shop, cafe, food_store, store, food, point_of_interest, establishment",OPERATIONAL,4.0,1268.0,PRICE_LEVEL_MODERATE,RESOLVED_FROM_URL
Fugu Sushi,Sushi q le pides am chef lo q te recomiende y es deli. Mini barra de 7 lugares,https://www.google.com/maps/place/Fugu+Sushi/data=!4m2!3m1!1s0x85d1ff0c3a06dd6b:0xefbf26874070d653,,,Wanna go,wanna_go,ChIJa90GOgz_0YURU9ZwQIcmv-8,Fugu Sushi,https://maps.google.com/?cid=17275569057960089171&g_mp=CiVnb29nbGUubWFwcy5wbGFjZXMudjEuUGxhY2VzLkdldFBsYWNlEAIYBCAA,"Av. Mazatlan 30, Colonia Condesa, Cuauhtémoc, 06140 Ciudad de México, CDMX, Mexico",Colonia Condesa,Ciudad de México,Ciudad de México,Mexico,MX,06140,19.4165279,-99.1755667,sushi_restaurant,"sushi_restaurant, japanese_restaurant, restaurant, food, point_of_interest, establishment",OPERATIONAL,4.8,237.0,PRICE_LEVEL_VERY_EXPENSIVE,RESOLVED_FROM_URL
Kotsu,"Niguiris, cerveza y sake ilimitados por dos horas",https://www.google.com/maps/place/Kotsu/data=!4m2!3m1!1s0x85d1ff37f783ffff:0x1d28489e315eaa53,,,Wanna go,wanna_go,ChIJ__-D9zf_0YURU6peMZ5IKB0,Kotsu,https://maps.google.com/?cid=2101009070438656595&g_mp=CiVnb29nbGUubWFwcy5wbGFjZXMudjEuUGxhY2VzLkdldFBsYWNlEAIYBCAA,"Durango 193, Roma Nte., Cuauhtémoc, 06700 Ciudad de México, CDMX, Mexico",Roma Norte,Ciudad de México,Ciudad de México,Mexico,MX,06700,19.4201415,-99.1669982,,"point_of_interest, establishment",OPERATIONAL,4.8,283.0,,RESOLVED_FROM_URL
KOYI SUSHI SAN MIGUEL,"Sushi casual, bowl de cangrejo es bueno dicen",https://www.google.com/maps/place/KOYI+SUSHI+SAN+MIGUEL/data=!4m2!3m1!1s0x85d1ffbdf82301ef:0xde6d49379f71532f,,,Wanna go,wanna_go,ChIJ7wEj-L3_0YURL1NxnzdJbd4,KOYI SUSHI SAN MIGUEL,https://maps.google.com/?cid=16027547152128496431&g_mp=CiVnb29nbGUubWFwcy5wbGFjZXMudjEuUGxhY2VzLkdldFBsYWNlEAIYBCAA,"Calle Gral. Antonio León 21, San Miguel Chapultepec I Sección, Miguel Hidalgo, 11850 Ciudad de México, CDMX, Mexico",San Miguel Chapultepec I Sección,Ciudad de México,Ciudad de México,Mexico,MX,11850,19.4127723,-99.1831553,japanese_restaurant,"japanese_restaurant, restaurant, food, point_of_interest, establishment",CLOSED_TEMPORARILY,4.8,117.0,PRICE_LEVEL_EXPENSIVE,RESOLVED_FROM_URL
Nommo Sushi,Sushi casual y no muy caro,https://www.google.com/maps/place/Nommo+Sushi/data=!4m2!3m1!1s0x85d1ff055d19ce3b:0x75edd4be7b372a4e,,,Wanna go,wanna_go,ChIJO84ZXQX_0YURTio3e77U7XU,Nommo Sushi,https://maps.google.com/?cid=8497681986494081614&g_mp=CiVnb29nbGUubWFwcy5wbGFjZXMudjEuUGxhY2VzLkdldFBsYWNlEAIYBCAA,"Puebla 231, Roma Nte., Cuauhtémoc, 06700 Ciudad de México, CDMX, Mexico",Roma Norte,Ciudad de México,Ciudad de México,Mexico,MX,06700,19.421902499999998,-99.16665429999999,restaurant,"restaurant, food, point_of_interest, establishment",OPERATIONAL,4.6,147.0,PRICE_LEVEL_MODERATE,RESOLVED_FROM_URL
Diamantina,,https://www.google.com/maps/place/Diamantina/data=!4m2!3m1!1s0x85d1ff0008b5826f:0x4e78411e15977e14,,,Wanna go,wanna_go,ChIJb4K1CAD_0YURFH6XFR5BeE4,Diamantina,https://maps.google.com/?cid=5654340929630731796&g_mp=CiVnb29nbGUubWFwcy5wbGFjZXMudjEuUGxhY2VzLkdldFBsYWNlEAIYBCAA,"Monterrey 179, Roma Nte., Cuauhtémoc, 06700 Ciudad de México, CDMX, Mexico",Roma Norte,Ciudad de México,Ciudad de México,Mexico,MX,06700,19.4139643,-99.1634105,bar,"bar, restaurant, food, point_of_interest, establishment",OPERATIONAL,4.8,111.0,PRICE_LEVEL_MODERATE,RESOLVED_FROM_URL
RUIDO,,https://www.google.com/maps/place/RUIDO/data=!4m2!3m1!1s0x85d1ff65981a1229:0x1420219c5f0ee22b,,,Wanna go,wanna_go,ChIJKRIamGX_0YURK-IOX5whIBQ,RUIDO,https://maps.google.com/?cid=1450196035506725419&g_mp=CiVnb29nbGUubWFwcy5wbGFjZXMudjEuUGxhY2VzLkdldFBsYWNlEAIYBCAA,"Havre 42, Juárez, Cuauhtémoc, 06600 Ciudad de México, CDMX, Mexico",Juárez,Ciudad de México,Ciudad de México,Mexico,MX,06600,19.426565699999998,-99.1610034,bar,"bar, point_of_interest, establishment",OPERATIONAL,4.1,207.0,PRICE_LEVEL_VERY_EXPENSIVE,RESOLVED_FROM_URL
Jellyfish,"Lugar para desconectarte, leer y postre",https://www.google.com/maps/place/Jellyfish/data=!4m2!3m1!1s0x85d1ff0052d169a9:0x648adc229d486d54,,,Wanna go,wanna_go,ChIJqWnRUgD_0YURVG1InSLcimQ,Jellyfish,https://maps.google.com/?cid=7244844991804632404&g_mp=CiVnb29nbGUubWFwcy5wbGFjZXMudjEuUGxhY2VzLkdldFBsYWNlEAIYBCAA,"Monterrey 194, Roma Nte., Cuauhtémoc, 06700 Ciudad de México, CDMX, Mexico",Roma Norte,Ciudad de México,Ciudad de México,Mexico,MX,06700,19.4136174,-99.1629327,coffee_shop,"coffee_shop, cafe, food_store, store, food, point_of_interest, establishment",OPERATIONAL,4.6,17.0,PRICE_LEVEL_MODERATE,RESOLVED_FROM_URL
Cafeteria Ideal,Para romantic dinner,https://www.google.com/maps/place/Cafeteria+Ideal/data=!4m2!3m1!1s0x85d1ff30fd8584ab:0xce6b4316e5138ff3,,,Wanna go,wanna_go,ChIJq4SF_TD_0YUR848T5RZDa84,Cafeteria Ideal,https://maps.google.com/?cid=14874055959932801011&g_mp=CiVnb29nbGUubWFwcy5wbGFjZXMudjEuUGxhY2VzLkdldFBsYWNlEAIYBCAA,"Córdoba 23a, Roma Nte., Cuauhtémoc, 06700 Ciudad de México, CDMX, Mexico",Roma Norte,Ciudad de México,Ciudad de México,Mexico,MX,06700,19.4231993,-99.1599316,bar,"bar, coffee_shop, cafe, food_store, store, restaurant, food, point_of_interest, establishment",OPERATIONAL,5.0,36.0,PRICE_LEVEL_EXPENSIVE,RESOLVED_FROM_URL
Izakalle,,https://www.google.com/maps/place/Izakalle/data=!4m2!3m1!1s0x85d1ff007546263f:0x3cee10abbf464a7f,,,Wanna go,wanna_go,ChIJPyZGdQD_0YURf0pGv6sQ7jw,Izakalle,https://maps.google.com/?cid=4390465016567319167&g_mp=CiVnb29nbGUubWFwcy5wbGFjZXMudjEuUGxhY2VzLkdldFBsYWNlEAIYBCAA,"Sinaloa 41, Roma Nte., Cuauhtémoc, 06700 Ciudad de México, CDMX, Mexico",Roma Norte,Ciudad de México,Ciudad de México,Mexico,MX,06700,19.4214403,-99.1647306,restaurant,"restaurant, food, point_of_interest, establishment",OPERATIONAL,4.9,176.0,PRICE_LEVEL_MODERATE,RESOLVED_FROM_URL
orkidé,,https://www.google.com/maps/place/orkid%C3%A9/data=!4m2!3m1!1s0x85d1ff65686ed511:0x1da8955e188164a0,,,Wanna go,wanna_go,ChIJEdVuaGX_0YURoGSBGF6VqB0,orkidé,https://maps.google.com/?cid=2137122254557897888&g_mp=CiVnb29nbGUubWFwcy5wbGFjZXMudjEuUGxhY2VzLkdldFBsYWNlEAIYBCAA,"Frontera 191, Roma Nte., Cuauhtémoc, 06700 Ciudad de México, CDMX, Mexico",Roma Norte,Ciudad de México,Ciudad de México,Mexico,MX,06700,19.415450699999997,-99.1551506,coffee_shop,"coffee_shop, cafe, food_store, store, food, point_of_interest, establishment",OPERATIONAL,4.8,99.0,PRICE_LEVEL_MODERATE,RESOLVED_FROM_URL
Marne Café,,https://www.google.com/maps/place/Marne+Caf%C3%A9/data=!4m2!3m1!1s0x85d1ff005e7841fd:0xd91fd699ac561e8,,,Wanna go,wanna_go,ChIJ_UF4XgD_0YUR6GHFmmn9kQ0,Marne Café,https://maps.google.com/?cid=977841224126128616&g_mp=CiVnb29nbGUubWFwcy5wbGFjZXMudjEuUGxhY2VzLkdldFBsYWNlEAIYBCAA,"Av Sonora 92, Roma Nte., Cuauhtémoc, 06700 Ciudad de México, CDMX, Mexico",Roma Norte,Ciudad de México,Ciudad de México,Mexico,MX,06700,19.417582,-99.171066,coffee_shop,"coffee_shop, cafe, food_store, food, store, point_of_interest, establishment",OPERATIONAL,4.0,101.0,PRICE_LEVEL_MODERATE,RESOLVED_FROM_URL
Raku Café,,https://www.google.com/maps/place/Raku+Caf%C3%A9/data=!4m2!3m1!1s0x85d1ff461e705985:0x42680ca337973ddb,,,Wanna go,wanna_go,ChIJhVlwHkb_0YUR2z2XN6MMaEI,Raku Café,https://maps.google.com/?cid=4785088499233013211&g_mp=CiVnb29nbGUubWFwcy5wbGFjZXMudjEuUGxhY2VzLkdldFBsYWNlEAIYBCAA,"Sinaloa 188, Roma Nte., Cuauhtémoc, 06700 Ciudad de México, CDMX, Mexico",Roma Norte,Ciudad de México,Ciudad de México,Mexico,MX,06700,19.4195909,-99.17210539999999,coffee_shop,"coffee_shop, japanese_curry_restaurant, cafe, japanese_restaurant, food_store, store, restaurant, point_of_interest, food, establishment",OPERATIONAL,4.4,988.0,PRICE_LEVEL_MODERATE,RESOLVED_FROM_URL
Ritmo Café,,https://www.google.com/maps/place/Ritmo+Caf%C3%A9/data=!4m2!3m1!1s0x85d1ff9434f2ae51:0x992303fb322bc28,,,Wanna go,wanna_go,ChIJUa7yNJT_0YURKLwisz8wkgk,Ritmo Café,https://maps.google.com/?cid=689666743087578152&g_mp=CiVnb29nbGUubWFwcy5wbGFjZXMudjEuUGxhY2VzLkdldFBsYWNlEAIYBCAA,"Medellín 78, Roma Nte., Cuauhtémoc, 06700 Ciudad de México, CDMX, Mexico",Roma Norte,Ciudad de México,Ciudad de México,Mexico,MX,06700,19.4181714,-99.1659266,restaurant,"restaurant, food, point_of_interest, establishment",OPERATIONAL,4.8,2638.0,PRICE_LEVEL_MODERATE,RESOLVED_FROM_URL
Via Romana Deli,,https://www.google.com/maps/place/Via+Romana+Deli/data=!4m2!3m1!1s0x48760da897d2acb1:0xd2c7a92b1e0d0e,,,Wanna go,wanna_go,ChIJsazSl6gNdkgRDg0eK6nH0gA,Via Romana Deli,https://maps.google.com/?cid=59329274496027918&g_mp=CiVnb29nbGUubWFwcy5wbGFjZXMudjEuUGxhY2VzLkdldFBsYWNlEAIYBCAA,"12 Paved Ct, Richmond TW9 1LZ, UK",,Greater London,England,United Kingdom,GB,TW9 1LZ,51.4601664,-0.3066963,sandwich_shop,"sandwich_shop, restaurant, food, point_of_interest, establishment",OPERATIONAL,4.9,451.0,PRICE_LEVEL_INEXPENSIVE,RESOLVED_FROM_URL
Av. Clavería 157,Taqueria el paisa. Tacos de pstor favoritos de tacotios,https://www.google.com/maps/place/Av.+Claver%C3%ADa+157/data=!4m2!3m1!1s0x85d1f89ade7726f1:0xa21e1e5c3bcfb9ff,,,Wanna go,wanna_go,ChIJ8SZ33pr40YUR_7nPO1weHqI,"Taquería ""El Paisa",https://maps.google.com/?cid=11681807864934939135&g_mp=CiVnb29nbGUubWFwcy5wbGFjZXMudjEuUGxhY2VzLkdldFBsYWNlEAIYBCAA,"Taquería ""El Paisa, Av. Clavería 157, Claveria, Azcapotzalco, 02080 Ciudad de México, CDMX, Mexico",Claveria,Ciudad de México,Ciudad de México,Mexico,MX,02080,19.4650043,-99.1812705,premise,"premise, street_address",,,,,RESOLVED_FROM_URL
Taqueria los pacientes,Pedir el de hamburguesa aplastada,https://www.google.com/maps/place/Taqueria+los+pacientes/data=!4m2!3m1!1s0x85d1ff601e30d541:0x800e331a6c92a236,,,Wanna go,wanna_go,ChIJQdUwHmD_0YURNqKSbBozDoA,Taqueria los pacientes,https://maps.google.com/?cid=9227368875112440374&g_mp=CiVnb29nbGUubWFwcy5wbGFjZXMudjEuUGxhY2VzLkdldFBsYWNlEAIYBCAA,"C. Dr. J. Navarro 217, Doctores, Cuauhtémoc, 06720 Ciudad de México, CDMX, Mexico",Doctores,Ciudad de México,Ciudad de México,Mexico,MX,06720,19.4210913,-99.15340859999999,restaurant,"restaurant, food, point_of_interest, establishment",OPERATIONAL,4.4,494.0,PRICE_LEVEL_MODERATE,RESOLVED_FROM_URL
Siembra Taquería,,https://www.google.com/maps/place/Siembra+Taquer%C3%ADa/data=!4m2!3m1!1s0x85d1f950aa53b059:0x8544886ee93134c8,,,Wanna go,wanna_go,ChIJWbBTqlD50YURyDQx6W6IRIU,Siembra Taquería,https://maps.google.com/?cid=9602950315400836296&g_mp=CiVnb29nbGUubWFwcy5wbGFjZXMudjEuUGxhY2VzLkdldFBsYWNlEAIYBCAA,"Av. Isaac Newton 256, Chapultepec Morales, Polanco V Secc, Miguel Hidalgo, 11550 Ciudad de México, CDMX, Mexico",Chapultepec Morales,Ciudad de México,Ciudad de México,Mexico,MX,11550,19.4365128,-99.185183,taco_restaurant,"taco_restaurant, restaurant, food, point_of_interest, establishment",OPERATIONAL,4.3,679.0,PRICE_LEVEL_MODERATE,RESOLVED_FROM_URL
Tacos del Valle (Roma Norte),,https://www.google.com/maps/place/Tacos+del+Valle+(Roma+Norte)/data=!4m2!3m1!1s0x85d1ff0038236413:0x95ae6d6cb0ac8681,,,Wanna go,wanna_go,ChIJE2QjOAD_0YURgYassGxtrpU,Tacos del Valle (Roma Norte),https://maps.google.com/?cid=10785678471186908801&g_mp=CiVnb29nbGUubWFwcy5wbGFjZXMudjEuUGxhY2VzLkdldFBsYWNlEAIYBCAA,"Av. Álvaro Obregón 130, Roma Nte. Cuauhtémoc, Roma Nte., Álvaro Obregón, 06700 Ciudad de México, CDMX, Mexico",Roma Norte,Ciudad de México,Ciudad de México,Mexico,MX,06700,19.4178796,-99.16070789999999,restaurant,"restaurant, mexican_restaurant, point_of_interest, food, establishment",OPERATIONAL,4.4,2173.0,PRICE_LEVEL_MODERATE,RESOLVED_FROM_URL
Chetito,,https://www.google.com/maps/place/Chetito/data=!4m2!3m1!1s0x85d1ff80711c2cdd:0x3be6f44926d9896a,,,Wanna go,wanna_go,ChIJ3SwccYD_0YURaonZJkn05js,Chetito,https://maps.google.com/?cid=4316405887902779754&g_mp=CiVnb29nbGUubWFwcy5wbGFjZXMudjEuUGxhY2VzLkdldFBsYWNlEAIYBCAA,"Río Danubio 104, Cuauhtémoc, 06500 Ciudad de México, CDMX, Mexico",Cuauhtémoc,Ciudad de México,Ciudad de México,Mexico,MX,06500,19.430370999999997,-99.16760579999999,restaurant,"restaurant, food, point_of_interest, establishment",OPERATIONAL,4.1,1095.0,PRICE_LEVEL_MODERATE,RESOLVED_FROM_URL
Chetito,,https://www.google.com/maps/place/Chetito/data=!4m2!3m1!1s0x85d1ff391e26f125:0xa280eaf18c3a58ea,,,Wanna go,wanna_go,ChIJJfEmHjn_0YUR6lg6jPHqgKI,Chetito,https://maps.google.com/?cid=11709617354323941610&g_mp=CiVnb29nbGUubWFwcy5wbGFjZXMudjEuUGxhY2VzLkdldFBsYWNlEAIYBCAA,"Guanajuato 239, Roma Nte., Cuauhtémoc, 06700 Ciudad de México, CDMX, Mexico",Roma Norte,Ciudad de México,Ciudad de México,Mexico,MX,06700,19.415901899999998,-99.16488849999999,mexican_restaurant,"mexican_restaurant, restaurant, food, point_of_interest, establishment",OPERATIONAL,4.6,722.0,PRICE_LEVEL_MODERATE,RESOLVED_FROM_URL
Jowong,,https://www.google.com/maps/place/Jowong/data=!4m2!3m1!1s0x85d1ffefce767dcf:0xe4daa53078519269,,,Wanna go,wanna_go,ChIJz312zu__0YURaZJReDCl2uQ,Jowong,https://maps.google.com/?cid=16490674613166117481&g_mp=CiVnb29nbGUubWFwcy5wbGFjZXMudjEuUGxhY2VzLkdldFBsYWNlEAIYBCAA,"C. de Pachuca 51, Colonia Condesa, Cuauhtémoc, 06140 Ciudad de México, CDMX, Mexico",Colonia Condesa,Ciudad de México,Ciudad de México,Mexico,MX,06140,19.416727899999998,-99.1769747,korean_restaurant,"korean_restaurant, restaurant, food, point_of_interest, establishment",OPERATIONAL,4.5,413.0,,RESOLVED_FROM_URL
Ostería 8,Barato italiano,https://www.google.com/maps/place/Oster%C3%ADa+8/data=!4m2!3m1!1s0x85d1ffe970c5d2dd:0x57eca2efc8975aa6,,,Wanna go,wanna_go,ChIJ3dLFcOn_0YURplqXyO-i7Fc,Ostería 8,https://maps.google.com/?cid=6335617926549691046&g_mp=CiVnb29nbGUubWFwcy5wbGFjZXMudjEuUGxhY2VzLkdldFBsYWNlEAIYBCAA,"Sinaloa 252, Roma Nte., Cuauhtémoc, 06700 Ciudad de México, CDMX, Mexico",Roma Norte,Ciudad de México,Ciudad de México,Mexico,MX,06700,19.418854,-99.1752751,pizza_restaurant,"pizza_restaurant, italian_restaurant, restaurant, food, point_of_interest, establishment",OPERATIONAL,4.5,696.0,PRICE_LEVEL_MODERATE,RESOLVED_FROM_URL
Sente,Lo vi caminando en la calle,https://www.google.com/maps/place/Sente/data=!4m2!3m1!1s0x85d1ff00587012eb:0x8e327df52d136bb1,,,Wanna go,wanna_go,ChIJ6xJwWAD_0YURsWsTLfV9Mo4,Sente,https://maps.google.com/?cid=10246390594198006705&g_mp=CiVnb29nbGUubWFwcy5wbGFjZXMudjEuUGxhY2VzLkdldFBsYWNlEAIYBCAA,"Av. Mazatlan 81, Colonia Condesa, Cuauhtémoc, 06140 Ciudad de México, CDMX, Mexico",Colonia Condesa,Ciudad de México,Ciudad de México,Mexico,MX,06140,19.4145347,-99.1771959,restaurant,"restaurant, food, point_of_interest, establishment",OPERATIONAL,4.8,180.0,PRICE_LEVEL_EXPENSIVE,RESOLVED_FROM_URL
CANA,,https://www.google.com/maps/place/CANA/data=!4m2!3m1!1s0x85d1ff2d8c095555:0xa9c930b3964cf28c,,,Wanna go,wanna_go,ChIJVVUJjC3_0YURjPJMlrMwyak,CANA,https://maps.google.com/?cid=12234363410607567500&g_mp=CiVnb29nbGUubWFwcy5wbGFjZXMudjEuUGxhY2VzLkdldFBsYWNlEAIYBCAA,"Liverpool 9, Juárez, Cuauhtémoc, 06600 Ciudad de México, CDMX, Mexico",Juárez,Ciudad de México,Ciudad de México,Mexico,MX,06600,19.428134,-99.156318,restaurant,"restaurant, food, point_of_interest, establishment",OPERATIONAL,4.1,507.0,PRICE_LEVEL_VERY_EXPENSIVE,RESOLVED_FROM_URL
The Mat MX,,https://www.google.com/maps/place/The+Mat+MX/data=!4m2!3m1!1s0x85d1ff8010a6cb99:0x224175631e2ad0a6,,,Wanna go,wanna_go,ChIJmcumEID_0YURptAqHmN1QSI,The Mat MX,https://maps.google.com/?cid=2468383139344076966&g_mp=CiVnb29nbGUubWFwcy5wbGFjZXMudjEuUGxhY2VzLkdldFBsYWNlEAIYBCAA,"San Luis Potosí 127, Roma Nte., Cuauhtémoc, 06700 Ciudad de México, CDMX, Mexico",Roma Norte,Ciudad de México,Ciudad de México,Mexico,MX,06700,19.4140266,-99.1605354,gym,"gym, sports_complex, sports_school, sports_activity_location, health, point_of_interest, establishment",OPERATIONAL,4.4,168.0,,RESOLVED_FROM_URL
Filigrana,,https://www.google.com/maps/place/Filigrana/data=!4m2!3m1!1s0x85d1ff0a75bd0915:0x5642f90afc58edfd,,,Wanna go,wanna_go,ChIJFQm9dQr_0YUR_e1Y_Ar5QlY,Filigrana,https://maps.google.com/?cid=6215804261303381501&g_mp=CiVnb29nbGUubWFwcy5wbGFjZXMudjEuUGxhY2VzLkdldFBsYWNlEAIYBCAA,"Av. Veracruz 62, Roma Nte., Cuauhtémoc, 06700 Ciudad de México, CDMX, Mexico",Roma Norte,Ciudad de México,Ciudad de México,Mexico,MX,06700,19.4175768,-99.1739985,mexican_restaurant,"mexican_restaurant, restaurant, food, point_of_interest, establishment",OPERATIONAL,4.5,1382.0,,RESOLVED_FROM_URL
Roselle,Para echar drink en la noche,https://www.google.com/maps/place/Roselle/data=!4m2!3m1!1s0x85d1ff0d7c91da47:0x4b32da45c83260f8,,,Wanna go,wanna_go,ChIJR9qRfA3_0YUR-GAyyEXaMks,Roselle,https://maps.google.com/?cid=5418633294926471416&g_mp=CiVnb29nbGUubWFwcy5wbGFjZXMudjEuUGxhY2VzLkdldFBsYWNlEAIYBCAA,"C. de Chiapas 122, Roma Nte., Cuauhtémoc, 06700 Ciudad de México, CDMX, Mexico",Roma Norte,Ciudad de México,Ciudad de México,Mexico,MX,06700,19.4124445,-99.16154709999999,american_restaurant,"italian_restaurant, american_restaurant, restaurant, food, point_of_interest, establishment",OPERATIONAL,4.1,434.0,PRICE_LEVEL_MODERATE,RESOLVED_FROM_URL
99 Records,,https://www.google.com/maps/place/99+Records/data=!4m2!3m1!1s0x85d1ffa0ce9d8e61:0xf9042e0082074c0,,,Wanna go,wanna_go,ChIJYY6dzqD_0YURwHQgCOBCkA8,99 Records Condesa,https://maps.google.com/?cid=1121469837191705792&g_mp=CiVnb29nbGUubWFwcy5wbGFjZXMudjEuUGxhY2VzLkdldFBsYWNlEAIYBCAA,"Ámsterdam 62, Hipódromo, Cuauhtémoc, 06100 Ciudad de México, CDMX, Mexico",Hipódromo,Ciudad de México,Ciudad de México,Mexico,MX,06100,19.414614699999998,-99.1696623,store,"store, point_of_interest, establishment",OPERATIONAL,4.4,334.0,,RESOLVED_FROM_URL
Roma Records,,https://www.google.com/maps/place/Roma+Records/data=!4m2!3m1!1s0x85d1ff39a7969ee1:0xa2e99b92a09f1146,,,Wanna go,wanna_go,ChIJ4Z6Wpzn_0YURRhGfoJKb6aI,Roma Records,https://maps.google.com/?cid=11739084957780218182&g_mp=CiVnb29nbGUubWFwcy5wbGFjZXMudjEuUGxhY2VzLkdldFBsYWNlEAIYBCAA,"Av. Álvaro Obregón 200 Bis1, Roma Nte., Cuauhtémoc, 06700 Ciudad de México, CDMX, Mexico",Roma Norte,Ciudad de México,Ciudad de México,Mexico,MX,06700,19.4171799,-99.16426249999999,store,"point_of_interest, store, establishment",OPERATIONAL,4.4,1938.0,,RESOLVED_FROM_URL
Cafe Milou,,https://www.google.com/maps/place/Cafe+Milou/data=!4m2!3m1!1s0x85d1ff4591b6aaab:0x75a15484dd5fc449,,,Wanna go,wanna_go,ChIJq6q2kUX_0YURScRf3YRUoXU,Cafe Milou,https://maps.google.com/?cid=8476148903314441289&g_mp=CiVnb29nbGUubWFwcy5wbGFjZXMudjEuUGxhY2VzLkdldFBsYWNlEAIYBCAA,"Av. Veracruz 38, Roma Nte., Cuauhtémoc, 06700 Ciudad de México, CDMX, Mexico",Roma Norte,Ciudad de México,Ciudad de México,Mexico,MX,06700,19.4186677,-99.1751855,cafe,"cafe, french_restaurant, restaurant, food, point_of_interest, establishment",OPERATIONAL,4.2,953.0,PRICE_LEVEL_MODERATE,RESOLVED_FROM_URL
SAN さん Matcha,,https://www.google.com/maps/place/SAN+%E3%81%95%E3%82%93+Matcha/data=!4m2!3m1!1s0x85d1ffd40b32a277:0x47acdf9cbc2fc2e7,,,Wanna go,wanna_go,ChIJd6IyC9T_0YUR58IvvJzfrEc,SAN さん Matcha,https://maps.google.com/?cid=5164748736952255207&g_mp=CiVnb29nbGUubWFwcy5wbGFjZXMudjEuUGxhY2VzLkdldFBsYWNlEAIYBCAA,"Jalapa 17-B, Roma Nte., Cuauhtémoc, 06700 Ciudad de México, CDMX, Mexico",Roma Norte,Ciudad de México,Ciudad de México,Mexico,MX,06700,19.4225831,-99.16238709999999,coffee_shop,"coffee_shop, meal_takeaway, cafe, japanese_restaurant, food_store, store, restaurant, food, point_of_interest, establishment",OPERATIONAL,4.5,894.0,PRICE_LEVEL_MODERATE,RESOLVED_FROM_URL
PLONK,,https://www.google.com/maps/place/PLONK/data=!4m2!3m1!1s0x85d1ffcb11c2ccfb:0xd325bce679981c20,,,Wanna go,wanna_go,ChIJ-8zCEcv_0YURIByYeea8JdM,PLONK,https://maps.google.com/?cid=15214774614209600544&g_mp=CiVnb29nbGUubWFwcy5wbGFjZXMudjEuUGxhY2VzLkdldFBsYWNlEAIYBCAA,"Iztaccihuatl 52, Hipódromo, Cuauhtémoc, 06100 Ciudad de México, CDMX, Mexico",Hipódromo,Ciudad de México,Ciudad de México,Mexico,MX,06100,19.410373099999997,-99.1693688,restaurant,"restaurant, food, point_of_interest, establishment",OPERATIONAL,4.6,529.0,,RESOLVED_FROM_URL
La Once Mil - Lomas,,https://www.google.com/maps/place/La+Once+Mil+-+Lomas/data=!4m2!3m1!1s0x85d201651c52ff7b:0x21373fd666b1fb33,,,Wanna go,wanna_go,ChIJe_9SHGUB0oURM_uxZtY_NyE,La Once Mil - Lomas,https://maps.google.com/?cid=2393451917049199411&g_mp=CiVnb29nbGUubWFwcy5wbGFjZXMudjEuUGxhY2VzLkdldFBsYWNlEAIYBCAA,"Monte Everest 780, Lomas de Chapultepec, Miguel Hidalgo, 11000 Ciudad de México, CDMX, Mexico",Lomas de Chapultepec,Ciudad de México,Ciudad de México,Mexico,MX,11000,19.4181703,-99.215489,taco_restaurant,"taco_restaurant, restaurant, food, point_of_interest, establishment",OPERATIONAL,4.8,5050.0,PRICE_LEVEL_EXPENSIVE,RESOLVED_FROM_URL
Biblioteca Vasconcelos,,https://www.google.com/maps/place/Biblioteca+Vasconcelos/data=!4m2!3m1!1s0x85d1f8d97f5adfe9:0xab381ade506b433d,,,Wanna go,wanna_go,ChIJ6d9af9n40YURPUNrUN4aOKs,Biblioteca Vasconcelos,https://maps.google.com/?cid=12337640721315742525&g_mp=CiVnb29nbGUubWFwcy5wbGFjZXMudjEuUGxhY2VzLkdldFBsYWNlEAIYBCAA,"Eje 1 Nte. S/N, Buenavista, Cuauhtémoc, 06350 Ciudad de México, CDMX, Mexico",Buenavista,Ciudad de México,Ciudad de México,Mexico,MX,06350,19.446456299999998,-99.1509646,library,"library, point_of_interest, service, establishment",OPERATIONAL,4.7,8062.0,,RESOLVED_FROM_URL
Derretido,,https://www.google.com/maps/place/Derretido/data=!4m2!3m1!1s0x85d1ffa3170d81f9:0x769546951e55f3c9,,,Wanna go,wanna_go,ChIJ-YENF6P_0YURyfNVHpVGlXY,Derretido,https://maps.google.com/?cid=8544813474278405065&g_mp=CiVnb29nbGUubWFwcy5wbGFjZXMudjEuUGxhY2VzLkdldFBsYWNlEAIYBCAA,"Av Chapultepec 233, Juárez, Cuauhtémoc, 06600 Ciudad de México, CDMX, Mexico",Juárez,Ciudad de México,Ciudad de México,Mexico,MX,06600,19.424553500000002,-99.1603615,coffee_shop,"coffee_shop, ice_cream_shop, cafe, dessert_shop, confectionery, food_store, store, food, point_of_interest, establishment",OPERATIONAL,4.8,51.0,,RESOLVED_FROM_URL
Barra Lupe,Mezcalitas,https://www.google.com/maps/place/Barra+Lupe/data=!4m2!3m1!1s0x85d1ff00095ae2d5:0x7e404f5d44f42518,,,Wanna go,wanna_go,ChIJ1eJaCQD_0YURGCX0RF1PQH4,Barra Lupe,https://maps.google.com/?cid=9097358509295805720&g_mp=CiVnb29nbGUubWFwcy5wbGFjZXMudjEuUGxhY2VzLkdldFBsYWNlEAIYBCAA,"C. Orizaba 154, Roma Nte., Cuauhtémoc, 06700 Ciudad de México, CDMX, Mexico",Roma Norte,Ciudad de México,Ciudad de México,Mexico,MX,06700,19.4153952,-99.15878289999999,restaurant,"restaurant, point_of_interest, food, establishment",OPERATIONAL,4.5,493.0,PRICE_LEVEL_MODERATE,RESOLVED_FROM_URL
Redonda,,https://www.google.com/maps/place/Redonda/data=!4m2!3m1!1s0x85d1ff10988c9837:0x55731fcf91c7ca43,,,Wanna go,wanna_go,ChIJN5iMmBD_0YURQ8rHkc8fc1U,R,https://maps.google.com/?cid=6157300091910081091&g_mp=CiVnb29nbGUubWFwcy5wbGFjZXMudjEuUGxhY2VzLkdldFBsYWNlEAIYBCAA,"Sinaloa 128, Roma Nte., Cuauhtémoc, 06700 Ciudad de México, CDMX, Mexico",Roma Norte,Ciudad de México,Ciudad de México,Mexico,MX,06700,19.4201603,-99.1694194,clothing_store,"clothing_store, store, point_of_interest, establishment",OPERATIONAL,5.0,5.0,,RESOLVED_FROM_URL
Dr. Pizza,,https://www.google.com/maps/place/Dr.+Pizza/data=!4m2!3m1!1s0x85d1ff0178515a0f:0xe736594f719f2747,,,Wanna go,wanna_go,ChIJD1pReAH_0YURRyefcU9ZNuc,Dr. Pizza,https://maps.google.com/?cid=16660602069247272775&g_mp=CiVnb29nbGUubWFwcy5wbGFjZXMudjEuUGxhY2VzLkdldFBsYWNlEAIYBCAA,"Pl. Popocatépetl 41, Hipódromo, Cuauhtémoc, 06100 Ciudad de México, CDMX, Mexico",Hipódromo,Ciudad de México,Ciudad de México,Mexico,MX,06100,19.415189299999998,-99.1679559,restaurant,"restaurant, pizza_restaurant, pizza_delivery, meal_delivery, food_delivery, bar, food, point_of_interest, establishment",OPERATIONAL,4.5,1283.0,PRICE_LEVEL_MODERATE,RESOLVED_FROM_URL
Lolo Miscelánea Editorial,,https://www.google.com/maps/place/Lolo+Miscel%C3%A1nea+Editorial/data=!4m2!3m1!1s0x85d1ff002e9b9b07:0x36d409b740d3ddeb,,,Wanna go,wanna_go,ChIJB5ubLgD_0YUR693TQLcJ1DY,Lolo Miscelánea Editorial,https://maps.google.com/?cid=3950793455782059499&g_mp=CiVnb29nbGUubWFwcy5wbGFjZXMudjEuUGxhY2VzLkdldFBsYWNlEAIYBCAA,"Av. Yucatán 3, Hipódromo, Cuauhtémoc, 06100 Ciudad de México, CDMX, Mexico",Hipódromo,Ciudad de México,Ciudad de México,Mexico,MX,06100,19.4165234,-99.1673173,book_store,"book_store, store, point_of_interest, establishment",OPERATIONAL,4.3,74.0,,RESOLVED_FROM_URL
La Emperatriz Café,,https://www.google.com/maps/place/La+Emperatriz+Caf%C3%A9/data=!4m2!3m1!1s0x85d20100766be061:0x789f9c51b5dca46d,,,Wanna go,wanna_go,ChIJYeBrdgAB0oURbaTctVGcn3g,La Emperatriz Café,https://maps.google.com/?cid=8691837680605766765&g_mp=CiVnb29nbGUubWFwcy5wbGFjZXMudjEuUGxhY2VzLkdldFBsYWNlEAIYBCAA,"Castillo de Chapultepec, Lomas de Reforma, Miguel Hidalgo, 11580 Ciudad de México, CDMX, Mexico",Lomas de Reforma,Ciudad de México,Ciudad de México,Mexico,MX,11580,19.4201809,-99.18304599999999,coffee_shop,"coffee_shop, cafe, food_store, store, point_of_interest, food, establishment",OPERATIONAL,2.7,197.0,PRICE_LEVEL_MODERATE,RESOLVED_FROM_URL
Poppy Wellness Lounge,,https://www.google.com/maps/place/Poppy+Wellness+Lounge/data=!4m2!3m1!1s0x85d1ff5233c0cdc9:0xd96be8145f602bc3,,,Wanna go,wanna_go,ChIJyc3AM1L_0YURwytgXxToa9k,Poppy Wellness Lounge,https://maps.google.com/?cid=15666870902935530435&g_mp=CiVnb29nbGUubWFwcy5wbGFjZXMudjEuUGxhY2VzLkdldFBsYWNlEAIYBCAA,"Nápoles 60, Juárez, Cuauhtémoc, 06600 Ciudad de México, CDMX, Mexico",Juárez,Ciudad de México,Ciudad de México,Mexico,MX,06600,19.4261349,-99.15943159999999,gym,"gym, sports_complex, sports_school, sports_activity_location, health, point_of_interest, establishment",OPERATIONAL,4.7,20.0,,RESOLVED_FROM_URL
Filosa,,https://www.google.com/maps/place/Filosa/data=!4m2!3m1!1s0x85b8f9d4c7e09ee3:0x1505c31e8a708aa3,,,Wanna go,wanna_go,ChIJ457gx9T5uIURo4pwih7DBRU,Filosa,https://maps.google.com/?cid=1514831385619106467&g_mp=CiVnb29nbGUubWFwcy5wbGFjZXMudjEuUGxhY2VzLkdldFBsYWNlEAIYBCAA,"Alejandro Cárdenas Peralta, Brisas de Zicatela, 70934 Puerto Escondido, Oax., Mexico",Brisas de Zicatela,Puerto Escondido,Oaxaca,Mexico,MX,70934,15.835573299999998,-97.0444588,seafood_restaurant,"seafood_restaurant, restaurant, food, point_of_interest, establishment",OPERATIONAL,4.9,42.0,PRICE_LEVEL_MODERATE,RESOLVED_FROM_URL
La 89,,https://www.google.com/maps/place/La+89/data=!4m2!3m1!1s0x85d1ff004a74dfcb:0xf5d95518a31be835,,,Wanna go,wanna_go,ChIJy990SgD_0YURNegboxhV2fU,La 89,https://maps.google.com/?cid=17715284173542647861&g_mp=CiVnb29nbGUubWFwcy5wbGFjZXMudjEuUGxhY2VzLkdldFBsYWNlEAIYBCAA,"C.Colima 134, Roma Nte., Cuauhtémoc, 06700 Ciudad de México, CDMX, Mexico",Roma Norte,Ciudad de México,Ciudad de México,Mexico,MX,06700,19.4201303,-99.158575,taco_restaurant,"taco_restaurant, restaurant, food, point_of_interest, establishment",OPERATIONAL,4.3,421.0,PRICE_LEVEL_MODERATE,RESOLVED_FROM_URL
Campobaja,,https://www.google.com/maps/place/Campobaja/data=!4m2!3m1!1s0x85d1ff3a9ef407fb:0x71e17d14526c047b,,,Wanna go,wanna_go,ChIJ-wf0njr_0YURewRsUhR94XE,Campobaja,https://maps.google.com/?cid=8205977522281383035&g_mp=CiVnb29nbGUubWFwcy5wbGFjZXMudjEuUGxhY2VzLkdldFBsYWNlEAIYBCAA,"C.Colima 124-E, Roma Nte., Cuauhtémoc, 06700 Ciudad de México, CDMX, Mexico",Roma Norte,Ciudad de México,Ciudad de México,Mexico,MX,06700,19.4200488,-99.158288,seafood_restaurant,"seafood_restaurant, restaurant, food, point_of_interest, establishment",OPERATIONAL,4.3,1921.0,,RESOLVED_FROM_URL
Supplì,,https://www.google.com/maps/place/Suppl%C3%AC/data=!4m2!3m1!1s0x85d1fffc5ad85f3b:0x7ab6f475134e71b8,,,Wanna go,wanna_go,ChIJO1_YWvz_0YURuHFOE3X0tno,Supplì,https://maps.google.com/?cid=8842523702060806584&g_mp=CiVnb29nbGUubWFwcy5wbGFjZXMudjEuUGxhY2VzLkdldFBsYWNlEAIYBCAA,"Bucareli 69b, Juárez, Cuauhtémoc, 06600 Ciudad de México, CDMX, Mexico",Juárez,Ciudad de México,Ciudad de México,Mexico,MX,06600,19.4313646,-99.1516042,restaurant,"restaurant, food, point_of_interest, establishment",OPERATIONAL,4.0,660.0,PRICE_LEVEL_MODERATE,RESOLVED_FROM_URL
Voraz,,https://www.google.com/maps/place/Voraz/data=!4m2!3m1!1s0x85d1ff5ab968c011:0xca3530e5a39c8c8f,,,Wanna go,wanna_go,ChIJEcBouVr_0YURj4yco-UwNco,Voraz,https://maps.google.com/?cid=14570605932277697679&g_mp=CiVnb29nbGUubWFwcy5wbGFjZXMudjEuUGxhY2VzLkdldFBsYWNlEAIYBCAA,"Aguascalientes 93, Roma Sur, Cuauhtémoc, 06760 Ciudad de México, CDMX, Mexico",Roma Sur,Ciudad de México,Ciudad de México,Mexico,MX,06760,19.4087489,-99.1654124,mexican_restaurant,"mexican_restaurant, bar, restaurant, food, point_of_interest, establishment",OPERATIONAL,4.4,1088.0,PRICE_LEVEL_VERY_EXPENSIVE,RESOLVED_FROM_URL
Jenni’s Quesadillas,,https://www.google.com/maps/place/Jenni%E2%80%99s+Quesadillas/data=!4m2!3m1!1s0x85d1ff3a9c183333:0x3c2f53f32906ed92,,,Wanna go,wanna_go,ChIJMzMYnDr_0YURku0GKfNTLzw,Jenni’s Quesadillas,https://maps.google.com/?cid=4336777270011555218&g_mp=CiVnb29nbGUubWFwcy5wbGFjZXMudjEuUGxhY2VzLkdldFBsYWNlEAIYBCAA,"Mérida 83, Roma Nte., Cuauhtémoc, 06700 Ciudad de México, CDMX, Mexico",Roma Norte,Ciudad de México,Ciudad de México,Mexico,MX,06700,19.420327399999998,-99.1576295,mexican_restaurant,"mexican_restaurant, restaurant, food, point_of_interest, establishment",OPERATIONAL,4.2,1107.0,PRICE_LEVEL_INEXPENSIVE,RESOLVED_FROM_URL
Cannizaro Park,,https://www.google.com/maps/place/Cannizaro+Park/data=!4m2!3m1!1s0x487608d6f32f7757:0x9b28eb6f71bcdba5,,,Wanna go,wanna_go,ChIJV3cv89YIdkgRpdu8cW_rKJs,Cannizaro Park,https://maps.google.com/?cid=11180444938829355941&g_mp=CiVnb29nbGUubWFwcy5wbGFjZXMudjEuUGxhY2VzLkdldFBsYWNlEAIYBCAA,"35 High St, London SW19 4UE, UK",,Greater London,England,United Kingdom,GB,SW19 4UE,51.423676,-0.23093690000000003,park,"park, tourist_attraction, point_of_interest, establishment",OPERATIONAL,4.6,1814.0,,RESOLVED_FROM_URL
Caracol de Mar,,https://www.google.com/maps/place/Caracol+de+Mar/data=!4m2!3m1!1s0x85d1f9955f1ae91f:0x2c3bab0e35842447,,,Wanna go,wanna_go,ChIJH-kaX5X50YURRySENQ6rOyw,Caracol de Mar,https://maps.google.com/?cid=3187329238810502215&g_mp=CiVnb29nbGUubWFwcy5wbGFjZXMudjEuUGxhY2VzLkdldFBsYWNlEAIYBCAA,"Campeche 340, Colonia Condesa, Cuauhtémoc, 06100 Ciudad de México, CDMX, Mexico",Colonia Condesa,Ciudad de México,Ciudad de México,Mexico,MX,06100,19.4089407,-99.1735312,restaurant,"restaurant, food, point_of_interest, establishment",OPERATIONAL,4.4,800.0,PRICE_LEVEL_VERY_EXPENSIVE,RESOLVED_FROM_URL
Café Nin,,https://www.google.com/maps/place/Caf%C3%A9+Nin/data=!4m2!3m1!1s0x85d1ff31688a74b9:0xe7e20e8437e5d3c5,,,Wanna go,wanna_go,ChIJuXSKaDH_0YURxdPlN4QO4uc,Café Nin,https://maps.google.com/?cid=16708933528534242245&g_mp=CiVnb29nbGUubWFwcy5wbGFjZXMudjEuUGxhY2VzLkdldFBsYWNlEAIYBCAA,"Havre 73, Juárez, Cuauhtémoc, 06600 Ciudad de México, CDMX, Mexico",Juárez,Ciudad de México,Ciudad de México,Mexico,MX,06600,19.4253321,-99.1607411,coffee_shop,"coffee_shop, breakfast_restaurant, cafe, mexican_restaurant, bakery, food_store, store, restaurant, point_of_interest, food, establishment",OPERATIONAL,4.4,10652.0,PRICE_LEVEL_MODERATE,RESOLVED_FROM_URL
Taller Masa,,https://www.google.com/maps/place/Taller+Masa/data=!4m2!3m1!1s0x85d1ff006e48d04f:0x2c9b07a1fe8f737,,,Wanna go,wanna_go,ChIJT9BIbgD_0YURN_foH3qwyQI,Taller Masa,https://maps.google.com/?cid=200885696962557751&g_mp=CiVnb29nbGUubWFwcy5wbGFjZXMudjEuUGxhY2VzLkdldFBsYWNlEAIYBCAA,"Río Tigris 99, Cuauhtémoc, 06500 Ciudad de México, CDMX, Mexico",Cuauhtémoc,Ciudad de México,Ciudad de México,Mexico,MX,06500,19.431071499999998,-99.1676382,bakery,"bakery, food_store, store, food, point_of_interest, establishment",OPERATIONAL,4.7,142.0,PRICE_LEVEL_MODERATE,RESOLVED_FROM_URL
MADO CAFÉ,,https://www.google.com/maps/place/MADO+CAF%C3%89/data=!4m2!3m1!1s0x85d1ff0030a806a5:0xdfd721912a06de2e,,,Wanna go,wanna_go,ChIJpQaoMAD_0YURLt4GKpEh198,MADO CAFÉ,https://maps.google.com/?cid=16129397497809788462&g_mp=CiVnb29nbGUubWFwcy5wbGFjZXMudjEuUGxhY2VzLkdldFBsYWNlEAIYBCAA,"C. Dinamarca 60, Juárez, Cuauhtémoc, 06600 Ciudad de México, CDMX, Mexico",Juárez,Ciudad de México,Ciudad de México,Mexico,MX,06600,19.4267461,-99.1579941,coffee_shop,"coffee_shop, cafe, food_store, store, food, point_of_interest, establishment",OPERATIONAL,4.7,112.0,PRICE_LEVEL_MODERATE,RESOLVED_FROM_URL
Futari,,https://www.google.com/maps/place/Futari/data=!4m2!3m1!1s0x85d1ff00136817eb:0xdcd958f27a67904a,,,Wanna go,wanna_go,ChIJ6xdoEwD_0YURSpBnevJY2dw,Futari,https://maps.google.com/?cid=15913848556749295690&g_mp=CiVnb29nbGUubWFwcy5wbGFjZXMudjEuUGxhY2VzLkdldFBsYWNlEAIYBCAA,"C.Colima 152, Roma Nte., Cuauhtémoc, 06700 Ciudad de México, CDMX, Mexico",Roma Norte,Ciudad de México,Ciudad de México,Mexico,MX,06700,19.4199779,-99.15929109999999,japanese_restaurant,"japanese_restaurant, restaurant, food, point_of_interest, establishment",OPERATIONAL,4.8,24.0,PRICE_LEVEL_VERY_EXPENSIVE,RESOLVED_FROM_URL
El Rey del Falafel,,https://www.google.com/maps/place/El+Rey+del+Falafel/data=!4m2!3m1!1s0x85d1ff43e046644f:0xf99a040f289b353d,,,Wanna go,wanna_go,ChIJT2RG4EP_0YURPTWbKA8Emvk,El Rey del Falafel,https://maps.google.com/?cid=17985692525009777981&g_mp=CiVnb29nbGUubWFwcy5wbGFjZXMudjEuUGxhY2VzLkdldFBsYWNlEAIYBCAA,"Av. Tamaulipas 55, Colonia Condesa, Cuauhtémoc, 06140 Ciudad de México, CDMX, Mexico",Colonia Condesa,Ciudad de México,Ciudad de México,Mexico,MX,06140,19.412408499999998,-99.1733938,falafel_restaurant,"falafel_restaurant, restaurant, food, point_of_interest, establishment",OPERATIONAL,4.4,434.0,PRICE_LEVEL_MODERATE,RESOLVED_FROM_URL
Gaba Restaurante,,https://www.google.com/maps/place/Gaba+Restaurante/data=!4m2!3m1!1s0x85d1ff25de7966d5:0x4cda98d171604732,,,Wanna go,wanna_go,ChIJ1WZ53iX_0YURMkdgcdGY2kw,Gaba Restaurante,https://maps.google.com/?cid=5537906717123168050&g_mp=CiVnb29nbGUubWFwcy5wbGFjZXMudjEuUGxhY2VzLkdldFBsYWNlEAIYBCAA,"Av. Mazatlan 190, Colonia Condesa, Cuauhtémoc, 06170 Ciudad de México, CDMX, Mexico",Colonia Condesa,Ciudad de México,Ciudad de México,Mexico,MX,06170,19.409324700000003,-99.1795874,restaurant,"restaurant, food, point_of_interest, establishment",OPERATIONAL,4.7,406.0,PRICE_LEVEL_VERY_EXPENSIVE,RESOLVED_FROM_URL
Auguste,,https://www.google.com/maps/place/Auguste/data=!4m2!3m1!1s0x48761d85ac6dba7d:0x5576219f0d615e97,,,Wanna go,wanna_go,ChIJfbptrIUddkgRl15hDZ8hdlU,Auguste,https://maps.google.com/?cid=6158146507483733655&g_mp=CiVnb29nbGUubWFwcy5wbGFjZXMudjEuUGxhY2VzLkdldFBsYWNlEAIYBCAA,"1F Mentmore Terrace, London E8 3DQ, UK",,Greater London,England,United Kingdom,GB,E8 3DQ,51.5395179,-0.05782029999999999,restaurant,"restaurant, food, point_of_interest, establishment",OPERATIONAL,4.7,55.0,PRICE_LEVEL_MODERATE,RESOLVED_FROM_URL
Meroma,,https://www.google.com/maps/place/Meroma/data=!4m2!3m1!1s0x85d1ff3a83e4a1f7:0x1b1cd8a36ed7701f,,,Wanna go,wanna_go,ChIJ96Hkgzr_0YURH3DXbqPYHBs,Meroma,https://maps.google.com/?cid=1953674534822834207&g_mp=CiVnb29nbGUubWFwcy5wbGFjZXMudjEuUGxhY2VzLkdldFBsYWNlEAIYBCAA,"C.Colima 150, Roma Nte., Cuauhtémoc, 06700 Ciudad de México, CDMX, Mexico",Roma Norte,Ciudad de México,Ciudad de México,Mexico,MX,06700,19.4200134,-99.159089,fine_dining_restaurant,"fine_dining_restaurant, restaurant, food, point_of_interest, establishment",OPERATIONAL,4.4,1274.0,,RESOLVED_FROM_URL
El Tigre Silencioso,,https://www.google.com/maps/place/El+Tigre+Silencioso/data=!4m2!3m1!1s0x85d1ff3081faaaab:0x8e868dafabf86dfe,,,Wanna go,wanna_go,ChIJq6r6gTD_0YUR_m34q6-Nho4,El Tigre Silencioso,https://maps.google.com/?cid=10270051785908973054&g_mp=CiVnb29nbGUubWFwcy5wbGFjZXMudjEuUGxhY2VzLkdldFBsYWNlEAIYBCAA,"C.Colima 159-int 1 a, Roma Nte., Cuauhtémoc, 06700 Ciudad de México, CDMX, Mexico",Roma Norte,Ciudad de México,Ciudad de México,Mexico,MX,06700,19.4203162,-99.15974609999999,restaurant,"restaurant, food, point_of_interest, establishment",OPERATIONAL,4.1,756.0,,RESOLVED_FROM_URL
Tirso's Coffee Roma,,https://www.google.com/maps/place/Tirso's+Coffee+Roma/data=!4m2!3m1!1s0x85d1ff0036dd4e05:0x468163d9fada8b9e,,,Wanna go,wanna_go,ChIJBU7dNgD_0YURnova-tljgUY,Tirso's Coffee Roma,https://maps.google.com/?cid=5080451642518309790&g_mp=CiVnb29nbGUubWFwcy5wbGFjZXMudjEuUGxhY2VzLkdldFBsYWNlEAIYBCAA,"Sinaloa 106, Roma Nte., Cuauhtémoc, 06700 Ciudad de México, CDMX, Mexico",Roma Norte,Ciudad de México,Ciudad de México,Mexico,MX,06700,19.420337399999998,-99.1684708,coffee_shop,"coffee_shop, cafe, food_store, store, food, point_of_interest, establishment",OPERATIONAL,4.4,72.0,PRICE_LEVEL_MODERATE,RESOLVED_FROM_URL
Parla,,https://www.google.com/maps/place/Parla/data=!4m2!3m1!1s0x85d201e055165d09:0xe89ecbaa3c8578c,,,Wanna go,wanna_go,ChIJCV0WVeAB0oURjFfIo7rsiQ4,Parla,https://maps.google.com/?cid=1047628674696238988&g_mp=CiVnb29nbGUubWFwcy5wbGFjZXMudjEuUGxhY2VzLkdldFBsYWNlEAIYBCAA,"Bosques de la Reforma 1813, Bosques de las Lomas, Cuajimalpa de Morelos Pabellón Bosques, Lomas de Vista Hermosa, Cuajimalpa de Morelos, 05100 Ciudad de México, CDMX, Mexico",Lomas de Vista Hermosa,Ciudad de México,Ciudad de México,Mexico,MX,05100,19.382730799999997,-99.2685107,restaurant,"restaurant, food, point_of_interest, establishment",OPERATIONAL,4.8,106.0,PRICE_LEVEL_MODERATE,RESOLVED_FROM_URL
Étranger,,https://www.google.com/maps/place/%C3%89tranger/data=!4m2!3m1!1s0x85d1ff59302d8261:0x2e43092a5a205008,,,Wanna go,wanna_go,ChIJYYItMFn_0YURCFAgWioJQy4,Étranger,https://maps.google.com/?cid=3333518226689642504&g_mp=CiVnb29nbGUubWFwcy5wbGFjZXMudjEuUGxhY2VzLkdldFBsYWNlEAIYBCAA,"Altata 19, Colonia Condesa, Cuauhtémoc, 06100 Ciudad de México, CDMX, Mexico",Colonia Condesa,Ciudad de México,Ciudad de México,Mexico,MX,06100,19.4065174,-99.17297459999999,restaurant,"restaurant, food, point_of_interest, establishment",OPERATIONAL,4.9,92.0,PRICE_LEVEL_VERY_EXPENSIVE,RESOLVED_FROM_URL
Kazu's Kitchen,,https://www.google.com/maps/place/Kazu's+Kitchen/data=!4m2!3m1!1s0x85d2020075e9dd69:0xdb3845b85a1037bc,,,Wanna go,wanna_go,ChIJad3pdQAC0oURvDcQWrhFONs,Kazu's Kitchen,https://maps.google.com/?cid=15796452351089326012&g_mp=CiVnb29nbGUubWFwcy5wbGFjZXMudjEuUGxhY2VzLkdldFBsYWNlEAIYBCAA,"11560, Av. Isaac Newton 105, Chapultepec Morales, Polanco V Secc, Miguel Hidalgo, 11560 Ciudad de México, CDMX, Mexico",Chapultepec Morales,Ciudad de México,Ciudad de México,Mexico,MX,11560,19.4322758,-99.18997,japanese_restaurant,"japanese_restaurant, sushi_restaurant, restaurant, food, point_of_interest, establishment",OPERATIONAL,4.4,701.0,PRICE_LEVEL_MODERATE,RESOLVED_FROM_URL
L'enfant,,https://www.google.com/maps/place/L'enfant/data=!4m2!3m1!1s0x85d1ffff61cf8a5f:0xb4d33659fa41d52,,,Wanna go,wanna_go,ChIJX4rPYf__0YURUh2kn2UzTQs,L'enfant,https://maps.google.com/?cid=814363619186974034&g_mp=CiVnb29nbGUubWFwcy5wbGFjZXMudjEuUGxhY2VzLkdldFBsYWNlEAIYBCAA,"C. Gral. Prim 72, Juárez, Cuauhtémoc, 06600 Ciudad de México, CDMX, Mexico",Juárez,Ciudad de México,Ciudad de México,Mexico,MX,06600,19.4304038,-99.1554561,french_restaurant,"french_restaurant, restaurant, food, point_of_interest, establishment",OPERATIONAL,4.5,171.0,,RESOLVED_FROM_URL
El Maldito de Jalisco,,https://www.google.com/maps/place/El+Maldito+de+Jalisco/data=!4m2!3m1!1s0x85d1ff006e4f3b19:0xbf8caa27825305d5,,,Wanna go,wanna_go,ChIJGTtPbgD_0YUR1QVTgieqjL8,El Maldito de Jalisco,https://maps.google.com/?cid=13802594044650653141&g_mp=CiVnb29nbGUubWFwcy5wbGFjZXMudjEuUGxhY2VzLkdldFBsYWNlEAIYBCAA,"C. Versalles 80, Juárez, Cuauhtémoc, 06600 Cuauhtémoc, CDMX, Mexico",Juárez,Cuauhtémoc,Ciudad de México,Mexico,MX,06600,19.428164799999998,-99.1554115,mexican_restaurant,"mexican_restaurant, restaurant, food, point_of_interest, establishment",OPERATIONAL,4.2,173.0,PRICE_LEVEL_EXPENSIVE,RESOLVED_FROM_URL
Tosco Restaurante,,https://www.google.com/maps/place/Tosco+Restaurante/data=!4m2!3m1!1s0x85d1ff001e7f1c57:0x11a3e8a9b8432e87,,,Wanna go,wanna_go,ChIJVxx_HgD_0YURhy5DuKnooxE,Tosco Restaurante,https://maps.google.com/?cid=1271115335487139463&g_mp=CiVnb29nbGUubWFwcy5wbGFjZXMudjEuUGxhY2VzLkdldFBsYWNlEAIYBCAA,"Londres 49, Juárez, Cuauhtémoc, 06600 Ciudad de México, CDMX, Mexico",Juárez,Ciudad de México,Ciudad de México,Mexico,MX,06600,19.427268299999998,-99.16043479999999,fusion_restaurant,"fusion_restaurant, restaurant, food, point_of_interest, establishment",OPERATIONAL,4.7,609.0,PRICE_LEVEL_EXPENSIVE,RESOLVED_FROM_URL
Max Tachinomi,,https://www.google.com/maps/place/Max+Tachinomi/data=!4m2!3m1!1s0x85d1ff005eb5769d:0x377fca973e7c5e19,,,Wanna go,wanna_go,ChIJnXa1XgD_0YURGV58PpfKfzc,Max Tachinomi,https://maps.google.com/?cid=3999137745065500185&g_mp=CiVnb29nbGUubWFwcy5wbGFjZXMudjEuUGxhY2VzLkdldFBsYWNlEAIYBCAA,"C. Versalles 80, Juárez, Cuauhtémoc, 06600 Ciudad de México, CDMX, Mexico",Juárez,Ciudad de México,Ciudad de México,Mexico,MX,06600,19.428164799999998,-99.1554115,japanese_restaurant,"japanese_restaurant, restaurant, food, point_of_interest, establishment",OPERATIONAL,4.9,37.0,,RESOLVED_FROM_URL
Tamales Madre,,https://www.google.com/maps/place/Tamales+Madre/data=!4m2!3m1!1s0x85d1ff2f7a492681:0xd1537e11a4c4d209,,,Wanna go,wanna_go,ChIJgSZJei__0YURCdLEpBF-U9E,Tamales Madre,https://maps.google.com/?cid=15083538191237829129&g_mp=CiVnb29nbGUubWFwcy5wbGFjZXMudjEuUGxhY2VzLkdldFBsYWNlEAIYBCAA,"Liverpool 44a, Juárez, Cuauhtémoc, 06600 Ciudad de México, CDMX, Mexico",Juárez,Ciudad de México,Ciudad de México,Mexico,MX,06600,19.4271332,-99.1578541,food_store,"food_store, store, restaurant, food, point_of_interest, establishment",OPERATIONAL,4.1,412.0,PRICE_LEVEL_MODERATE,RESOLVED_FROM_URL
"Versalles 19 Restaurante mariscos, carnes y buenos tragos",,"https://www.google.com/maps/place/Versalles+19+Restaurante+mariscos,+carnes+y+buenos+tragos/data=!4m2!3m1!1s0x85d1ff4e3d2614dd:0xe8c432aa3813d8fe",,,Wanna go,wanna_go,ChIJ3RQmPU7_0YUR_tgTOKoyxOg,"Versalles 19 Restaurante mariscos, carnes y buenos tragos",https://maps.google.com/?cid=16772586618901223678&g_mp=CiVnb29nbGUubWFwcy5wbGFjZXMudjEuUGxhY2VzLkdldFBsYWNlEAIYBCAA,"C. Versalles 19, Juárez, Cuauhtémoc, 06600 Cuauhtémoc, CDMX, Mexico",Juárez,Cuauhtémoc,Ciudad de México,Mexico,MX,06600,19.4315506,-99.15443169999999,seafood_restaurant,"seafood_restaurant, restaurant, food, point_of_interest, establishment",OPERATIONAL,4.6,947.0,,RESOLVED_FROM_URL
Lotti,,https://www.google.com/maps/place/Lotti/data=!4m2!3m1!1s0x85d1ff7746426d15:0x1bc86fc2aa214fc4,,,Wanna go,wanna_go,ChIJFW1CRnf_0YURxE8hqsJvyBs,Lotti,https://maps.google.com/?cid=2001972916234833860&g_mp=CiVnb29nbGUubWFwcy5wbGFjZXMudjEuUGxhY2VzLkdldFBsYWNlEAIYBCAA,"C.Colima 235, Roma Nte., Cuauhtémoc, 06700 Ciudad de México, CDMX, Mexico",Roma Norte,Ciudad de México,Ciudad de México,Mexico,MX,06700,19.4194128,-99.1628241,restaurant,"restaurant, food, point_of_interest, establishment",OPERATIONAL,4.8,483.0,PRICE_LEVEL_VERY_EXPENSIVE,RESOLVED_FROM_URL
Mantequilla Social Club,,https://www.google.com/maps/place/Mantequilla+Social+Club/data=!4m2!3m1!1s0x85d201f7e54e1a5d:0x9370300a8decbd7d,,,Wanna go,wanna_go,ChIJXRpO5fcB0oURfb3sjQowcJM,Mantequilla Social Club,https://maps.google.com/?cid=10624044342855908733&g_mp=CiVnb29nbGUubWFwcy5wbGFjZXMudjEuUGxhY2VzLkdldFBsYWNlEAIYBCAA,"Monte Everest 780, Lomas de Chapultepec, Miguel Hidalgo, 11000 Ciudad de México, CDMX, Mexico",Lomas de Chapultepec,Ciudad de México,Ciudad de México,Mexico,MX,11000,19.4181805,-99.21549979999999,restaurant,"restaurant, food, point_of_interest, establishment",OPERATIONAL,4.9,1114.0,,RESOLVED_FROM_URL
De Potato Club,,https://www.google.com/maps/place/De+Potato+Club/data=!4m2!3m1!1s0x85d1ff007b0e5067:0x610e21c7ba75f44e,,,Wanna go,wanna_go,ChIJZ1AOewD_0YURTvR1uschDmE,De Potato Club,https://maps.google.com/?cid=6993564413063459918&g_mp=CiVnb29nbGUubWFwcy5wbGFjZXMudjEuUGxhY2VzLkdldFBsYWNlEAIYBCAA,"Monterrey 264, Roma Sur, Cuauhtémoc, 06700 Ciudad de México, CDMX, Mexico",Roma Sur,Ciudad de México,Ciudad de México,Mexico,MX,06700,19.4097847,-99.1619679,restaurant,"restaurant, meal_takeaway, food, point_of_interest, establishment",OPERATIONAL,4.9,595.0,PRICE_LEVEL_MODERATE,RESOLVED_FROM_URL
Museo Kaluz,,https://www.google.com/maps/place/Museo+Kaluz/data=!4m2!3m1!1s0x85d1f904221ee17d:0xf206033e1002e2cd,,,Wanna go,wanna_go,ChIJfeEeIgT50YURzeICED4DBvI,Museo Kaluz,https://maps.google.com/?cid=17439630172130304717&g_mp=CiVnb29nbGUubWFwcy5wbGFjZXMudjEuUGxhY2VzLkdldFBsYWNlEAIYBCAA,"Av. Hidalgo 85, Centro Histórico de la Cdad. de México, Guerrero, Cuauhtémoc, 06300 Ciudad de México, CDMX, Mexico",Centro Histórico de la Ciudad de México,Ciudad de México,Ciudad de México,Mexico,MX,06300,19.437492,-99.1458467,art_museum,"art_museum, museum, point_of_interest, establishment",OPERATIONAL,4.8,2693.0,,RESOLVED_FROM_URL
Shhh,,https://www.google.com/maps/place/Shhh/data=!4m2!3m1!1s0x85d1ff0037dc8d61:0x240f105564e4ca01,,,Wanna go,wanna_go,ChIJYY3cNwD_0YURAcrkZFUQDyQ,Shhh Condesa,https://maps.google.com/?cid=2598313468967045633&g_mp=CiVnb29nbGUubWFwcy5wbGFjZXMudjEuUGxhY2VzLkdldFBsYWNlEAIYBCAA,"Ámsterdam 62, Hipódromo, Cuauhtémoc, 06100 Ciudad de México, CDMX, Mexico",Hipódromo,Ciudad de México,Ciudad de México,Mexico,MX,06100,19.4145247,-99.1697277,bar,"bar, point_of_interest, establishment",OPERATIONAL,4.1,272.0,PRICE_LEVEL_MODERATE,RESOLVED_FROM_URL
Mitemaki Hand Roll Bar,,https://www.google.com/maps/place/Mitemaki+Hand+Roll+Bar/data=!4m2!3m1!1s0x85d20146beae8d6f:0xdcbcae3fcc6222f5,,,Wanna go,wanna_go,ChIJb42uvkYB0oUR9SJizD-uvNw,Mitemaki Hand Roll Bar,https://maps.google.com/?cid=15905779573000905461&g_mp=CiVnb29nbGUubWFwcy5wbGFjZXMudjEuUGxhY2VzLkdldFBsYWNlEAIYBCAA,"Av. Emilio Castelar 44, Polanco, Polanco IV Secc, Miguel Hidalgo, 11550 Ciudad de México, CDMX, Mexico",Polanco,Ciudad de México,Ciudad de México,Mexico,MX,11550,19.4293008,-99.1936564,japanese_restaurant,"japanese_restaurant, restaurant, food, point_of_interest, establishment",OPERATIONAL,4.7,527.0,PRICE_LEVEL_EXPENSIVE,RESOLVED_FROM_URL
BUNA Condesa,,https://www.google.com/maps/place/BUNA+Condesa/data=!4m2!3m1!1s0x85d1ff7b1fafa017:0x4b2d48fd0d76bf53,,,Wanna go,wanna_go,ChIJF6CvH3v_0YURU792Df1ILUs,BUNA Condesa,https://maps.google.com/?cid=5417066178486386515&g_mp=CiVnb29nbGUubWFwcy5wbGFjZXMudjEuUGxhY2VzLkdldFBsYWNlEAIYBCAA,"Ámsterdam 285, Colonia Condesa, Cuauhtémoc, 06100 Ciudad de México, CDMX, Mexico",Colonia Condesa,Ciudad de México,Ciudad de México,Mexico,MX,06100,19.4131519,-99.16695980000001,coffee_shop,"coffee_shop, cafe, food_store, store, food, point_of_interest, establishment",OPERATIONAL,4.8,890.0,PRICE_LEVEL_MODERATE,RESOLVED_FROM_URL
Bar nino,Arturito. Restaurante misterioso dice italiano y antes de llaaba restaurante sin nombre,https://www.google.com/maps/place/Bar+nino/data=!4m2!3m1!1s0x85d1ff0031ba3285:0x9c6a3703b7065612,,,Wanna go,wanna_go,ChIJhTK6MQD_0YURElYGtwM3apw,Bar nino,https://maps.google.com/?cid=11270881506543162898&g_mp=CiVnb29nbGUubWFwcy5wbGFjZXMudjEuUGxhY2VzLkdldFBsYWNlEAIYBCAA,"Sinaloa 252, Roma Nte., Cuauhtémoc, 06700 Ciudad de México, CDMX, Mexico",Roma Norte,Ciudad de México,Ciudad de México,Mexico,MX,06700,19.4188497,-99.17538830000001,restaurant,"restaurant, food, point_of_interest, establishment",OPERATIONAL,4.3,97.0,PRICE_LEVEL_VERY_EXPENSIVE,RESOLVED_FROM_URL
Cafe Trucha,,https://www.google.com/maps/place/Cafe+Trucha/data=!4m2!3m1!1s0x85d1ff71ce710fe1:0xea97f7be6558d122,,,Wanna go,wanna_go,ChIJ4Q9xznH_0YURItFYZb73l-o,Cafe Trucha,https://maps.google.com/?cid=16904252123474612514&g_mp=CiVnb29nbGUubWFwcy5wbGFjZXMudjEuUGxhY2VzLkdldFBsYWNlEAIYBCAA,"Plaza Río de Janeiro 53-Loc 2, Roma Nte., Cuauhtémoc, 06700 Ciudad de México, CDMX, Mexico",Roma Norte,Ciudad de México,Ciudad de México,Mexico,MX,06700,19.421043500000003,-99.16118139999999,cafeteria,"cafeteria, point_of_interest, establishment",OPERATIONAL,4.4,768.0,PRICE_LEVEL_MODERATE,RESOLVED_FROM_URL
Mi Compa Chava Marisquería,,https://www.google.com/maps/place/Mi+Compa+Chava+Marisquer%C3%ADa/data=!4m2!3m1!1s0x85d1ff976e20f4d1:0x2087fc553413be6a,,,Wanna go,wanna_go,ChIJ0fQgbpf_0YURar4TNFX8hyA,Mi Compa Chava Marisquería,https://maps.google.com/?cid=2344119573945761386&g_mp=CiVnb29nbGUubWFwcy5wbGFjZXMudjEuUGxhY2VzLkdldFBsYWNlEAIYBCAA,"Zacatecas 172, Roma Nte., Cuauhtémoc, 06700 Ciudad de México, CDMX, Mexico",Roma Norte,Ciudad de México,Ciudad de México,Mexico,MX,06700,19.41521,-99.1621346,seafood_restaurant,"seafood_restaurant, restaurant, food, point_of_interest, establishment",OPERATIONAL,4.3,4467.0,PRICE_LEVEL_EXPENSIVE,RESOLVED_FROM_URL
Estiatorio Nostos (Lomas),,https://www.google.com/maps/place/Estiatorio+Nostos+(Lomas)/data=!4m2!3m1!1s0x85d201693184fdc7:0xe246526b8f345c50,,,Wanna go,wanna_go,ChIJx_2EMWkB0oURUFw0j2tSRuI,Estiatorio Nostos (Lomas),https://maps.google.com/?cid=16304810122859011152&g_mp=CiVnb29nbGUubWFwcy5wbGFjZXMudjEuUGxhY2VzLkdldFBsYWNlEAIYBCAA,"Monte Athos 415, Lomas de Chapultepec, Miguel Hidalgo, 11000 Ciudad de México, CDMX, Mexico",Lomas de Chapultepec,Ciudad de México,Ciudad de México,Mexico,MX,11000,19.4191094,-99.21551649999999,greek_restaurant,"greek_restaurant, restaurant, food, point_of_interest, establishment",OPERATIONAL,4.5,1181.0,PRICE_LEVEL_VERY_EXPENSIVE,RESOLVED_FROM_URL
Taller de ostiones by fism,,https://www.google.com/maps/place/Taller+de+ostiones+by+fism/data=!4m2!3m1!1s0x85d1ffc056890ae7:0xf5c6111f03160482,,,Wanna go,wanna_go,ChIJ5wqJVsD_0YURggQWAx8RxvU,Taller de ostiones by fism,https://maps.google.com/?cid=17709861409574487170&g_mp=CiVnb29nbGUubWFwcy5wbGFjZXMudjEuUGxhY2VzLkdldFBsYWNlEAIYBCAA,"C. Versalles 113, Casa Versalles, Cuauhtémoc, 06600 Juárez, CDMX, Mexico",Casa Versalles,Juárez,Ciudad de México,Mexico,MX,06600,19.4255845,-99.15662410000002,restaurant,"restaurant, point_of_interest, food, establishment",OPERATIONAL,4.3,617.0,,RESOLVED_FROM_URL
Bartola,,https://www.google.com/maps/place/Bartola/data=!4m2!3m1!1s0x85d1ff00036d6d9d:0x668be880fa6292b4,,,Wanna go,wanna_go,ChIJnW1tAwD_0YURtJJi-oDoi2Y,Bartola,https://maps.google.com/?cid=7389255254285652660&g_mp=CiVnb29nbGUubWFwcy5wbGFjZXMudjEuUGxhY2VzLkdldFBsYWNlEAIYBCAA,"Tabasco 189, Roma Nte., Cuauhtémoc, 06700 Ciudad de México, CDMX, Mexico",Roma Norte,Ciudad de México,Ciudad de México,Mexico,MX,06700,19.4189161,-99.1614889,italian_restaurant,"italian_restaurant, restaurant, food, point_of_interest, establishment",OPERATIONAL,4.6,736.0,PRICE_LEVEL_EXPENSIVE,RESOLVED_FROM_URL
Gala Panadería,,https://www.google.com/maps/place/Gala+Panader%C3%ADa/data=!4m2!3m1!1s0x85d1ff0011c6e72f:0xe94a7c14204e8842,,,Wanna go,wanna_go,ChIJL-fGEQD_0YURQohOIBR8Suk,Gala Panadería,https://maps.google.com/?cid=16810384984997005378&g_mp=CiVnb29nbGUubWFwcy5wbGFjZXMudjEuUGxhY2VzLkdldFBsYWNlEAIYBCAA,"Tonalá 143, Roma Nte., Cuauhtémoc, 06700 Ciudad de México, CDMX, Mexico",Roma Norte,Ciudad de México,Ciudad de México,Mexico,MX,06700,19.414931799999998,-99.1619612,bakery,"bakery, food_store, store, point_of_interest, food, establishment",OPERATIONAL,4.5,368.0,PRICE_LEVEL_MODERATE,RESOLVED_FROM_URL
Green Rhino,,https://www.google.com/maps/place/Green+Rhino/data=!4m2!3m1!1s0x85d1ff7f8345adcf:0x74bdf3c027679e91,,,Wanna go,wanna_go,ChIJz61Fg3__0YURkZ5nJ8DzvXQ,Green Rhino,https://maps.google.com/?cid=8412147685618327185&g_mp=CiVnb29nbGUubWFwcy5wbGFjZXMudjEuUGxhY2VzLkdldFBsYWNlEAIYBCAA,"Tonalá 121, Roma Nte., Cuauhtémoc, 06760 Ciudad de México, CDMX, Mexico",Roma Norte,Ciudad de México,Ciudad de México,Mexico,MX,06760,19.415908599999998,-99.162286,bakery,"bakery, food_store, store, food, point_of_interest, establishment",OPERATIONAL,3.7,1190.0,PRICE_LEVEL_MODERATE,RESOLVED_FROM_URL
El Compita | Birria de res,Topjaw,https://www.google.com/maps/place/El+Compita+%7C+Birria+de+res/data=!4m2!3m1!1s0x85d1ffb8c6f3e883:0xfc664f2511f7f8ec,,,Wanna go,wanna_go,ChIJg-jzxrj_0YUR7Pj3ESVPZvw,El Compita | Birria de res,https://maps.google.com/?cid=18187311165816174828&g_mp=CiVnb29nbGUubWFwcy5wbGFjZXMudjEuUGxhY2VzLkdldFBsYWNlEAIYBCAA,"Puebla & Monterrey, Roma Nte., Cuauhtémoc, 06700 Ciudad de México, CDMX, Mexico",Roma Norte,Ciudad de México,Ciudad de México,Mexico,MX,06700,19.422160899999998,-99.16518239999999,taco_restaurant,"taco_restaurant, restaurant, food, point_of_interest, establishment",OPERATIONAL,4.6,695.0,PRICE_LEVEL_MODERATE,RESOLVED_FROM_URL
LORENZO,Dicen que bueno para drinks,https://www.google.com/maps/place/LORENZO/data=!4m2!3m1!1s0x85d1ff5b6874a129:0x8ac4dbfe2d42485d,,,Wanna go,wanna_go,ChIJKaF0aFv_0YURXUhCLf7bxIo,LORENZO,https://maps.google.com/?cid=9999358957396838493&g_mp=CiVnb29nbGUubWFwcy5wbGFjZXMudjEuUGxhY2VzLkdldFBsYWNlEAIYBCAA,"Alfonso Reyes 203, Hipódromo, Cuauhtémoc, 06140 Ciudad de México, CDMX, Mexico",Hipódromo,Ciudad de México,Ciudad de México,Mexico,MX,06140,19.407243800000003,-99.1743099,restaurant,"restaurant, food, point_of_interest, establishment",OPERATIONAL,4.4,59.0,PRICE_LEVEL_VERY_EXPENSIVE,RESOLVED_FROM_URL
oly.,Tacotios,https://www.google.com/maps/place/oly./data=!4m2!3m1!1s0x85d1ffe147ce5801:0x317a07faefc1b6f9,,,Wanna go,wanna_go,ChIJAVjOR-H_0YUR-bbB7_oHejE,oly.,https://maps.google.com/?cid=3565170829362837241&g_mp=CiVnb29nbGUubWFwcy5wbGFjZXMudjEuUGxhY2VzLkdldFBsYWNlEAIYBCAA,"Alfonso Reyes 120, Hipódromo Condesa, Cuauhtémoc, 06170 Ciudad de México, CDMX, Mexico",Hipódromo Condesa,Ciudad de México,Ciudad de México,Mexico,MX,06170,19.4091587,-99.1772033,restaurant,"restaurant, food, point_of_interest, establishment",OPERATIONAL,4.5,485.0,PRICE_LEVEL_EXPENSIVE,RESOLVED_FROM_URL
Tienda de Cerveza Hércules,Topjaw,https://www.google.com/maps/place/Tienda+de+Cerveza+H%C3%A9rcules/data=!4m2!3m1!1s0x85d1ff0071223629:0x34643639a4d6d64a,,,Wanna go,wanna_go,ChIJKTYicQD_0YURStbWpDk2ZDQ,Tienda de Cerveza Hércules,https://maps.google.com/?cid=3775202008849897034&g_mp=CiVnb29nbGUubWFwcy5wbGFjZXMudjEuUGxhY2VzLkdldFBsYWNlEAIYBCAA,"Av Michoacán 79, Hipódromo Condesa, Cuauhtémoc, 06100 Ciudad de México, CDMX, Mexico",Hipódromo Condesa,Ciudad de México,Ciudad de México,Mexico,MX,06100,19.4115865,-99.173447,restaurant,"restaurant, brewpub, pub, bar, store, food, point_of_interest, establishment",OPERATIONAL,4.4,468.0,PRICE_LEVEL_MODERATE,RESOLVED_FROM_URL
Marne Panadería,Topjaw,https://www.google.com/maps/place/Marne+Panader%C3%ADa/data=!4m2!3m1!1s0x85d1ffb395c98b93:0x3bbb1449a9864cce,,,Wanna go,wanna_go,ChIJk4vJlbP_0YURzkyGqUkUuzs,Marne Panadería,https://maps.google.com/?cid=4304056175491960014&g_mp=CiVnb29nbGUubWFwcy5wbGFjZXMudjEuUGxhY2VzLkdldFBsYWNlEAIYBCAA,"C. Gobernador Ignacio Esteva 35, San Miguel Chapultepec I Sección, Miguel Hidalgo, 11850 Ciudad de México, CDMX, Mexico",San Miguel Chapultepec I Sección,Ciudad de México,Ciudad de México,Mexico,MX,11850,19.4098041,-99.184692,bakery,"bakery, food_store, cafe, restaurant, food, point_of_interest, store, establishment",OPERATIONAL,4.3,565.0,PRICE_LEVEL_MODERATE,RESOLVED_FROM_URL
Café Tormenta,,https://www.google.com/maps/place/Caf%C3%A9+Tormenta/data=!4m2!3m1!1s0x85d1ff6d0ebc66ab:0x865090df4560ae55,,,Wanna go,wanna_go,ChIJq2a8Dm3_0YURVa5gRd-QUIY,Café Tormenta,https://maps.google.com/?cid=9678394887835266645&g_mp=CiVnb29nbGUubWFwcy5wbGFjZXMudjEuUGxhY2VzLkdldFBsYWNlEAIYBCAA,"Puebla Mérida esquina, Puebla 90, Roma Nte., Cuauhtémoc, 06700 Ciudad de México, CDMX, Mexico",Roma Norte,Ciudad de México,Ciudad de México,Mexico,MX,06700,19.423122400000004,-99.1586873,coffee_shop,"coffee_shop, food_store, cafe, food, point_of_interest, store, establishment",OPERATIONAL,3.8,603.0,PRICE_LEVEL_MODERATE,RESOLVED_FROM_URL
Martínez,,https://www.google.com/maps/place/Mart%C3%ADnez/data=!4m2!3m1!1s0x85d1ff5bc1e8bc63:0x5617ca434d90a8ca,,,Wanna go,wanna_go,ChIJY7zowVv_0YURyqiQTUPKF1Y,Martínez,https://maps.google.com/?cid=6203649402139093194&g_mp=CiVnb29nbGUubWFwcy5wbGFjZXMudjEuUGxhY2VzLkdldFBsYWNlEAIYBCAA,"Puebla 90, Roma Nte., Cuauhtémoc, 06700 Ciudad de México, CDMX, Mexico",Roma Norte,Ciudad de México,Ciudad de México,Mexico,MX,06700,19.4231122,-99.1587017,restaurant,"restaurant, food, point_of_interest, establishment",OPERATIONAL,4.1,652.0,PRICE_LEVEL_VERY_EXPENSIVE,RESOLVED_FROM_URL
San Bagel Roma,,https://www.google.com/maps/place/San+Bagel+Roma/data=!4m2!3m1!1s0x85d1ff0020ddd89d:0x60d503c84b288fc4,,,Wanna go,wanna_go,ChIJndjdIAD_0YURxI8oS8gD1WA,San Bagel Roma,https://maps.google.com/?cid=6977487356469743556&g_mp=CiVnb29nbGUubWFwcy5wbGFjZXMudjEuUGxhY2VzLkdldFBsYWNlEAIYBCAA,"Chihuahua 205, Roma Nte., Cuauhtémoc, 06700 Ciudad de México, CDMX, Mexico",Roma Norte,Ciudad de México,Ciudad de México,Mexico,MX,06700,19.416819200000003,-99.1634613,bagel_shop,"bagel_shop, coffee_shop, cafe, bakery, food_store, store, point_of_interest, food, establishment",OPERATIONAL,4.7,115.0,PRICE_LEVEL_MODERATE,RESOLVED_FROM_URL
Cabo San Juan,,https://www.google.com/maps/place/Cabo+San+Juan/data=!4m2!3m1!1s0x85d1fed59f9f651d:0xa2ab8e6c91038d16,,,Wanna go,wanna_go,ChIJHWWfn9X-0YURFo0DkWyOq6I,Cabo en Mercado San Juan,https://maps.google.com/?cid=11721619052102389014&g_mp=CiVnb29nbGUubWFwcy5wbGFjZXMudjEuUGxhY2VzLkdldFBsYWNlEAIYBCAA,"Mercado de San juan, 2ᵃ Calle de Ernesto Pugibet L- 94, Colonia Centro, Centro, Cuauhtémoc, 06070 Cd. de México, CDMX, Mexico",Colonia Centro,Ciudad de México,Ciudad de México,Mexico,MX,06070,19.4297587,-99.1443141,restaurant,"restaurant, food, point_of_interest, establishment",OPERATIONAL,4.2,316.0,,RESOLVED_FROM_URL
Rufus,Pedir helado de pistache,https://www.google.com/maps/place/Rufus/data=!4m2!3m1!1s0x85d1ff443f9b41ab:0xdb27defc0cd13f80,,,Wanna go,wanna_go,ChIJq0GbP0T_0YURgD_RDPzeJ9s,Rufus,https://maps.google.com/?cid=15791835792526098304&g_mp=CiVnb29nbGUubWFwcy5wbGFjZXMudjEuUGxhY2VzLkdldFBsYWNlEAIYBCAA,"Av. Álvaro Obregón 43, Roma Nte., Cuauhtémoc, 06700 Ciudad de México, CDMX, Mexico",Roma Norte,Ciudad de México,Ciudad de México,Mexico,MX,06700,19.419167599999998,-99.15670689999999,restaurant,"restaurant, food, point_of_interest, establishment",OPERATIONAL,4.4,487.0,PRICE_LEVEL_VERY_EXPENSIVE,RESOLVED_FROM_URL
Cursi,,https://www.google.com/maps/place/Cursi/data=!4m2!3m1!1s0x85d1ff00161a6b37:0xc4ae41c729ba0d6c,,,Wanna go,wanna_go,ChIJN2saFgD_0YURbA26KcdBrsQ,Cursi,https://maps.google.com/?cid=14172337401035885932&g_mp=CiVnb29nbGUubWFwcy5wbGFjZXMudjEuUGxhY2VzLkdldFBsYWNlEAIYBCAA,"Chihuahua 78, Roma Nte., Cuauhtémoc, 06700 Ciudad de México, CDMX, Mexico",Roma Norte,Ciudad de México,Ciudad de México,Mexico,MX,06700,19.417661,-99.15780009999999,steak_house,"steak_house, restaurant, food, point_of_interest, establishment",OPERATIONAL,4.6,991.0,PRICE_LEVEL_VERY_EXPENSIVE,RESOLVED_FROM_URL
The Toucan,,https://www.google.com/maps/place/The+Toucan/data=!4m2!3m1!1s0x48761b2cccf55207:0x321ff7ebbe6f2197,,,Wanna go,wanna_go,ChIJB1L1zCwbdkgRlyFvvuv3HzI,The Toucan,https://maps.google.com/?cid=3611878018058756503&g_mp=CiVnb29nbGUubWFwcy5wbGFjZXMudjEuUGxhY2VzLkdldFBsYWNlEAIYBCAA,"19 Carlisle St, London W1D 3BY, UK",,Greater London,England,United Kingdom,GB,W1D 3BY,51.5151295,-0.1331557,pub,"pub, bar, point_of_interest, establishment",OPERATIONAL,4.5,1765.0,PRICE_LEVEL_MODERATE,RESOLVED_FROM_URL
Weezie's,,https://www.google.com/maps/place/Weezie's/data=!4m2!3m1!1s0x487605364d5ab1ed:0xac66a0d6aab7c743,,,Wanna go,wanna_go,ChIJ7bFaTTYFdkgRQ8e3qtagZqw,Weezie's,https://maps.google.com/?cid=12422793465995708227&g_mp=CiVnb29nbGUubWFwcy5wbGFjZXMudjEuUGxhY2VzLkdldFBsYWNlEAIYBCAA,"14, 15 Eccleston Yards, London SW1W 9AZ, UK",,Greater London,England,United Kingdom,GB,SW1W 9AZ,51.4937664,-0.14903049999999998,pizza_restaurant,"pizza_restaurant, restaurant, food, point_of_interest, establishment",OPERATIONAL,4.5,161.0,PRICE_LEVEL_MODERATE,RESOLVED_FROM_URL
Osom Pilates Studio,,https://www.google.com/maps/place/Osom+Pilates+Studio/data=!4m2!3m1!1s0x85d1ff3a2335812b:0x5d5ece7ed5668ca4,,,Wanna go,wanna_go,ChIJK4E1Izr_0YURpIxm1X7OXl0,Osom Pilates Studio,https://maps.google.com/?cid=6728041937479568548&g_mp=CiVnb29nbGUubWFwcy5wbGFjZXMudjEuUGxhY2VzLkdldFBsYWNlEAIYBCAA,"C.Colima 159-Tercer piso, Roma Nte., Cuauhtémoc, 06700 Ciudad de México, CDMX, Mexico",Roma Norte,Ciudad de México,Ciudad de México,Mexico,MX,06700,19.420350499999998,-99.1597472,gym,"gym, sports_complex, sports_school, sports_activity_location, point_of_interest, health, establishment",OPERATIONAL,4.9,48.0,,RESOLVED_FROM_URL
Theo's,,https://www.google.com/maps/place/Theo's/data=!4m2!3m1!1s0x4876037f7717fcd3:0xce2deae584543916,,,Wanna go,wanna_go,ChIJ0_wXd38DdkgRFjlUhOXqLc4,Theo's,https://maps.google.com/?cid=14856789017253656854&g_mp=CiVnb29nbGUubWFwcy5wbGFjZXMudjEuUGxhY2VzLkdldFBsYWNlEAIYBCAA,"2 Grove Ln, London SE5 8SZ, UK",,Greater London,England,United Kingdom,GB,SE5 8SZ,51.473694800000004,-0.0905856,pizza_restaurant,"pizza_restaurant, italian_restaurant, restaurant, food, point_of_interest, establishment",OPERATIONAL,4.5,1574.0,PRICE_LEVEL_MODERATE,RESOLVED_FROM_URL
Mister Nice Mayfair,,https://www.google.com/maps/place/Mister+Nice+Mayfair/data=!4m2!3m1!1s0x487605df12f8cc2b:0x6f57320cb319b49c,,,Wanna go,wanna_go,ChIJK8z4Et8FdkgRnLQZswwyV28,Mister Nice Mayfair,https://maps.google.com/?cid=8022936291309630620&g_mp=CiVnb29nbGUubWFwcy5wbGFjZXMudjEuUGxhY2VzLkdldFBsYWNlEAIYBCAA,"14-16 Davies St, London W1K 3DR, UK",,Greater London,England,United Kingdom,GB,W1K 3DR,51.5112275,-0.1473801,french_restaurant,"french_restaurant, restaurant, food, point_of_interest, establishment",OPERATIONAL,4.2,676.0,PRICE_LEVEL_VERY_EXPENSIVE,RESOLVED_FROM_URL
"Farm Shop, Mayfair",Tienda y wine bar,"https://www.google.com/maps/place/Farm+Shop,+Mayfair/data=!4m2!3m1!1s0x487605bddaeaea9d:0x259a6f8fd291f8c8",,,Wanna go,wanna_go,ChIJnerq2r0FdkgRyPiR0o9vmiU,"Farm Shop, Mayfair",https://maps.google.com/?cid=2709600789320562888&g_mp=CiVnb29nbGUubWFwcy5wbGFjZXMudjEuUGxhY2VzLkdldFBsYWNlEAIYBCAA,"64 S Audley St, London W1K 2QT, UK",,Greater London,England,United Kingdom,GB,W1K 2QT,51.5088516,-0.1516883,food_store,"food_store, store, food, point_of_interest, establishment",OPERATIONAL,4.5,117.0,,RESOLVED_FROM_URL
Mount St. Restaurant,Brunch,https://www.google.com/maps/place/Mount+St.+Restaurant/data=!4m2!3m1!1s0x487605e5d35fc577:0x7a51ed922282266d,,,Wanna go,wanna_go,ChIJd8Vf0-UFdkgRbSaCIpLtUXo,Mount St. Restaurant,https://maps.google.com/?cid=8814087157640734317&g_mp=CiVnb29nbGUubWFwcy5wbGFjZXMudjEuUGxhY2VzLkdldFBsYWNlEAIYBCAA,"First Floor, 41-43 Mount St, London W1K 2RX, UK",,Greater London,England,United Kingdom,GB,W1K 2RX,51.5097059,-0.15158839999999998,british_restaurant,"british_restaurant, restaurant, food, point_of_interest, establishment",OPERATIONAL,4.7,963.0,,RESOLVED_FROM_URL
Home SW15,,https://www.google.com/maps/place/Home+SW15/data=!4m2!3m1!1s0x48760f12e50326bf:0x18ad42443d18a5f9,,,Wanna go,wanna_go,ChIJvyYD5RIPdkgR-aUYPURCrRg,Home SW15,https://maps.google.com/?cid=1778150288731448825&g_mp=CiVnb29nbGUubWFwcy5wbGFjZXMudjEuUGxhY2VzLkdldFBsYWNlEAIYBCAA,"146 Upper Richmond Rd, London SW15 2SW, UK",,Greater London,England,United Kingdom,GB,SW15 2SW,51.460186099999994,-0.2132723,restaurant,"bar, restaurant, food, point_of_interest, establishment",OPERATIONAL,4.7,859.0,PRICE_LEVEL_EXPENSIVE,RESOLVED_FROM_URL
MIRIN,,https://www.google.com/maps/place/MIRIN/data=!4m2!3m1!1s0x4887c7e53cd1672f:0x206ba58be44eba1d,,,Wanna go,wanna_go,ChIJL2fRPOXHh0gRHbpO5IulayA,MIRIN,https://maps.google.com/?cid=2336142851971136029&g_mp=CiVnb29nbGUubWFwcy5wbGFjZXMudjEuUGxhY2VzLkdldFBsYWNlEAIYBCAA,"9 Albert Pl, Edinburgh EH7 5HN, UK",,Edinburgh,Scotland,United Kingdom,GB,EH7 5HN,55.962195799999996,-3.179264,restaurant,"restaurant, asian_fusion_restaurant, asian_restaurant, fusion_restaurant, food, point_of_interest, establishment",OPERATIONAL,4.6,568.0,PRICE_LEVEL_MODERATE,RESOLVED_FROM_URL
Montrose,,https://www.google.com/maps/place/Montrose/data=!4m2!3m1!1s0x4887b9ca8c4481f5:0xcc655d9ad06f6087,,,Wanna go,wanna_go,ChIJ9YFEjMq5h0gRh2Bv0JpdZcw,Montrose,https://maps.google.com/?cid=14728281075888382087&g_mp=CiVnb29nbGUubWFwcy5wbGFjZXMudjEuUGxhY2VzLkdldFBsYWNlEAIYBCAA,"1-7 Montrose Terrace, Edinburgh EH7 5DJ, UK",,Edinburgh,Scotland,United Kingdom,GB,EH7 5DJ,55.9567214,-3.1720124999999997,restaurant,"restaurant, wine_bar, bar, food, point_of_interest, establishment",OPERATIONAL,4.4,146.0,,RESOLVED_FROM_URL
Sotto Enoteca & Trattoria,,https://www.google.com/maps/place/Sotto+Enoteca+%26+Trattoria/data=!4m2!3m1!1s0x4887c7da00d38d35:0xe267b0fda2461a80,,,Wanna go,wanna_go,ChIJNY3TANrHh0gRgBpGov2wZ-I,Sotto Enoteca & Trattoria,https://maps.google.com/?cid=16314202778568628864&g_mp=CiVnb29nbGUubWFwcy5wbGFjZXMudjEuUGxhY2VzLkdldFBsYWNlEAIYBCAA,"28 Deanhaugh St, Edinburgh EH4 1LY, UK",,Edinburgh,Scotland,United Kingdom,GB,EH4 1LY,55.958256399999996,-3.2095129,restaurant,"restaurant, food, point_of_interest, establishment",OPERATIONAL,4.6,214.0,PRICE_LEVEL_MODERATE,RESOLVED_FROM_URL
Kenji Sushi,,https://www.google.com/maps/place/Kenji+Sushi/data=!4m2!3m1!1s0x4887c795850949c5:0xd65791c6bbca474e,,,Wanna go,wanna_go,ChIJxUkJhZXHh0gRTkfKu8aRV9Y,Kenji Sushi,https://maps.google.com/?cid=15444973729830553422&g_mp=CiVnb29nbGUubWFwcy5wbGFjZXMudjEuUGxhY2VzLkdldFBsYWNlEAIYBCAA,"24 Deanhaugh St, Edinburgh EH4 1LY, UK",,Edinburgh,Scotland,United Kingdom,GB,EH4 1LY,55.9581884,-3.2094277,japanese_restaurant,"japanese_restaurant, sushi_restaurant, restaurant, food, point_of_interest, establishment",OPERATIONAL,4.6,858.0,PRICE_LEVEL_MODERATE,RESOLVED_FROM_URL
Le Café NAC,,https://www.google.com/maps/place/Le+Caf%C3%A9+NAC/data=!4m2!3m1!1s0x487605007bb0d90f:0xb782ed58345e0ece,,,Wanna go,wanna_go,ChIJD9mwewAFdkgRzg5eNFjtgrc,Le Café NAC,https://maps.google.com/?cid=13223392419004681934&g_mp=CiVnb29nbGUubWFwcy5wbGFjZXMudjEuUGxhY2VzLkdldFBsYWNlEAIYBCAA,"16-17 Motcomb St, London SW1X 8LB, UK",,Greater London,England,United Kingdom,GB,SW1X 8LB,51.4993756,-0.15684679999999998,restaurant,"restaurant, point_of_interest, food, establishment",OPERATIONAL,4.6,1029.0,PRICE_LEVEL_EXPENSIVE,RESOLVED_FROM_URL
Cometa,,https://www.google.com/maps/place/Cometa/data=!4m2!3m1!1s0x48761b0065cd15e7:0xf7d61eeef3d0797c,,,Wanna go,wanna_go,ChIJ5xXNZQAbdkgRfHnQ8-4e1vc,Cometa,https://maps.google.com/?cid=17858495384025856380&g_mp=CiVnb29nbGUubWFwcy5wbGFjZXMudjEuUGxhY2VzLkdldFBsYWNlEAIYBCAA,"19-21 Charlotte St., London W1T 1RW, UK",,Greater London,England,United Kingdom,GB,W1T 1RW,51.518590599999996,-0.13502329999999998,mexican_restaurant,"mexican_restaurant, restaurant, food, point_of_interest, establishment",OPERATIONAL,4.8,38.0,PRICE_LEVEL_VERY_EXPENSIVE,RESOLVED_FROM_URL
Comal Oculto,,https://www.google.com/maps/place/Comal+Oculto/data=!4m2!3m1!1s0x85d1ffcb98fe87eb:0xd44a2feb6a19c3c3,,,Wanna go,wanna_go,ChIJ64f-mMv_0YURw8MZausvStQ,Comal Oculto,https://maps.google.com/?cid=15297091772461204419&g_mp=CiVnb29nbGUubWFwcy5wbGFjZXMudjEuUGxhY2VzLkdldFBsYWNlEAIYBCAA,"Calle Gob.Protasio Tagle 66A, San Miguel Chapultepec I Sección, Miguel Hidalgo, 11850 Ciudad de México, CDMX, Mexico",San Miguel Chapultepec I Sección,Ciudad de México,Ciudad de México,Mexico,MX,11850,19.4129452,-99.1836489,restaurant,"restaurant, food, point_of_interest, establishment",OPERATIONAL,4.3,301.0,PRICE_LEVEL_MODERATE,RESOLVED_FROM_URL
Bruno,,https://www.google.com/maps/place/Bruno/data=!4m2!3m1!1s0x48761d3df89b2241:0x5fa6c8dda5546cde,,,Wanna go,wanna_go,ChIJQSKb-D0ddkgR3mxUpd3Ipl8,Bruno,https://maps.google.com/?cid=6892417134024223966&g_mp=CiVnb29nbGUubWFwcy5wbGFjZXMudjEuUGxhY2VzLkdldFBsYWNlEAIYBCAA,"211a Victoria Park Rd, London E9 7JN, UK",,Greater London,England,United Kingdom,GB,E9 7JN,51.5383137,-0.0452271,wine_bar,"wine_bar, liquor_store, bar, store, point_of_interest, food, establishment",OPERATIONAL,4.5,152.0,PRICE_LEVEL_MODERATE,RESOLVED_FROM_URL
The Blue Anchor,,https://www.google.com/maps/place/The+Blue+Anchor/data=!4m2!3m1!1s0x48760fb471def45b:0xabfb984b60533734,,,Wanna go,wanna_go,ChIJW_TecbQPdkgRNDdTYEuY-6s,The Blue Anchor,https://maps.google.com/?cid=12392666249146087220&g_mp=CiVnb29nbGUubWFwcy5wbGFjZXMudjEuUGxhY2VzLkdldFBsYWNlEAIYBCAA,"13 Lower Mall, London W6 9DJ, UK",,Greater London,England,United Kingdom,GB,W6 9DJ,51.4895821,-0.2308604,pub,"pub, bar, point_of_interest, establishment",OPERATIONAL,4.4,2478.0,PRICE_LEVEL_MODERATE,RESOLVED_FROM_URL
Wine Bar Mayfair,,https://www.google.com/maps/place/Wine+Bar+Mayfair/data=!4m2!3m1!1s0x487605b16adee4cf:0x36aa5fa4a8b92d33,,,Wanna go,wanna_go,ChIJz-TearEFdkgRMy25qKRfqjY,Wine Bar Mayfair,https://maps.google.com/?cid=3939065984898903347&g_mp=CiVnb29nbGUubWFwcy5wbGFjZXMudjEuUGxhY2VzLkdldFBsYWNlEAIYBCAA,"64 S Audley St, London W1K 2QT, UK",,Greater London,England,United Kingdom,GB,W1K 2QT,51.5087858,-0.1515736,wine_bar,"wine_bar, liquor_store, bar, store, food, point_of_interest, establishment",OPERATIONAL,4.7,71.0,PRICE_LEVEL_MODERATE,RESOLVED_FROM_URL
Café Vins,,https://www.google.com/maps/place/Caf%C3%A9+Vins/data=!4m2!3m1!1s0x487605782df4fc93:0xc9545e557a796d4c,,,Wanna go,wanna_go,ChIJk_z0LXgFdkgRTG15elVeVMk,Café Vins,https://maps.google.com/?cid=14507324020887219532&g_mp=CiVnb29nbGUubWFwcy5wbGFjZXMudjEuUGxhY2VzLkdldFBsYWNlEAIYBCAA,"1 Marlborough Ct, Carnaby, London W1F 7EE, UK",Carnaby,Greater London,England,United Kingdom,GB,W1F 7EE,51.5133513,-0.13880800000000001,coffee_shop,"coffee_shop, cafe, book_store, food_store, store, food, point_of_interest, establishment",OPERATIONAL,4.8,612.0,PRICE_LEVEL_INEXPENSIVE,RESOLVED_FROM_URL
Foreign Exchange News,,https://www.google.com/maps/place/Foreign+Exchange+News/data=!4m2!3m1!1s0x48760501be99ac1b:0x9f4b6d49ec6c0c74,,,Wanna go,wanna_go,ChIJG6yZvgEFdkgRdAxs7EltS58,Foreign Exchange News,https://maps.google.com/?cid=11478388239550385268&g_mp=CiVnb29nbGUubWFwcy5wbGFjZXMudjEuUGxhY2VzLkdldFBsYWNlEAIYBCAA,"22 Leinster Terrace, London W2 3ET, UK",,Greater London,England,United Kingdom,GB,W2 3ET,51.5115372,-0.1832207,cafe,"cafe, coffee_shop, food_store, finance, service, book_store, store, point_of_interest, food, establishment",OPERATIONAL,4.2,148.0,PRICE_LEVEL_INEXPENSIVE,RESOLVED_FROM_URL
ACE Pizza Victoria Park,,https://www.google.com/maps/place/ACE+Pizza+Victoria+Park/data=!4m2!3m1!1s0x48761d0cf6dba321:0x46535c7e87ca8ea7,,,Wanna go,wanna_go,ChIJIaPb9gwddkgRp47Kh35cU0Y,ACE Pizza Victoria Park,https://maps.google.com/?cid=5067495704235773607&g_mp=CiVnb29nbGUubWFwcy5wbGFjZXMudjEuUGxhY2VzLkdldFBsYWNlEAIYBCAA,"126-128 Lauriston Rd, London E9 7LH, UK",,Greater London,England,United Kingdom,GB,E9 7LH,51.5371186,-0.0449144,pizza_restaurant,"pizza_restaurant, restaurant, food, point_of_interest, establishment",OPERATIONAL,4.9,796.0,PRICE_LEVEL_MODERATE,RESOLVED_FROM_URL
Empire Empire,,https://www.google.com/maps/place/Empire+Empire/data=!4m2!3m1!1s0x48761128a0c79461:0xd5628bc2e339c57a,,,Wanna go,wanna_go,ChIJYZTHoCgRdkgResU548KLYtU,Empire Empire,https://maps.google.com/?cid=15376005746948425082&g_mp=CiVnb29nbGUubWFwcy5wbGFjZXMudjEuUGxhY2VzLkdldFBsYWNlEAIYBCAA,"16 All Saints Rd, London W11 1HH, UK",,Greater London,England,United Kingdom,GB,W11 1HH,51.5179723,-0.20355579999999998,indian_restaurant,"indian_restaurant, restaurant, food, point_of_interest, establishment",OPERATIONAL,4.6,604.0,PRICE_LEVEL_MODERATE,RESOLVED_FROM_URL
Lurra,,https://www.google.com/maps/place/Lurra/data=!4m2!3m1!1s0x48760534d4571a4d:0x6c45e45f669a72ec,,,Wanna go,wanna_go,ChIJTRpX1DQFdkgR7HKaZl_kRWw,Lurra,https://maps.google.com/?cid=7801893027883676396&g_mp=CiVnb29nbGUubWFwcy5wbGFjZXMudjEuUGxhY2VzLkdldFBsYWNlEAIYBCAA,"9 Seymour Pl, London W1H 5BA, UK",,Greater London,England,United Kingdom,GB,W1H 5BA,51.5147219,-0.1612466,basque_restaurant,"basque_restaurant, spanish_restaurant, restaurant, food, point_of_interest, establishment",OPERATIONAL,4.3,928.0,PRICE_LEVEL_VERY_EXPENSIVE,RESOLVED_FROM_URL
Chourangi,,https://www.google.com/maps/place/Chourangi/data=!4m2!3m1!1s0x48760533511d5e31:0xaad192da51e6cf31,,,Wanna go,wanna_go,ChIJMV4dUTMFdkgRMc_mUdqS0ao,Chourangi,https://maps.google.com/?cid=12308780722954882865&g_mp=CiVnb29nbGUubWFwcy5wbGFjZXMudjEuUGxhY2VzLkdldFBsYWNlEAIYBCAA,"3 Old Quebec St, London W1H 7AF, UK",,Greater London,England,United Kingdom,GB,W1H 7AF,51.5139427,-0.1580301,indian_restaurant,"indian_restaurant, restaurant, food, point_of_interest, establishment",OPERATIONAL,4.4,1248.0,PRICE_LEVEL_EXPENSIVE,RESOLVED_FROM_URL
Shoty,,https://www.google.com/maps/place/Shoty/data=!4m2!3m1!1s0x487605c7917c9f39:0x4ec3d074a47d4913,,,Wanna go,wanna_go,ChIJOZ98kccFdkgRE0l9pHTQw04,Shoty,https://maps.google.com/?cid=5675609154811414803&g_mp=CiVnb29nbGUubWFwcy5wbGFjZXMudjEuUGxhY2VzLkdldFBsYWNlEAIYBCAA,"30 Old Brompton Rd, South Kensington, London SW7 3DL, UK",South Kensington,Greater London,England,United Kingdom,GB,SW7 3DL,51.4936468,-0.17526319999999998,eastern_european_restaurant,"eastern_european_restaurant, coffee_shop, breakfast_restaurant, vegan_restaurant, vegetarian_restaurant, meal_takeaway, halal_restaurant, cafe, dessert_shop, confectionery, bar, food_store, store, restaurant, food, point_of_interest, establishment",OPERATIONAL,4.5,850.0,PRICE_LEVEL_MODERATE,RESOLVED_FROM_URL
Chuck’s,,https://www.google.com/maps/place/Chuck%E2%80%99s/data=!4m2!3m1!1s0x48761b0009001037:0x70e1a6f5009b0092,,,Wanna go,wanna_go,ChIJNxAACQAbdkgRkgCbAPWm4XA,Chuck’s,https://maps.google.com/?cid=8133965973215182994&g_mp=CiVnb29nbGUubWFwcy5wbGFjZXMudjEuUGxhY2VzLkdldFBsYWNlEAIYBCAA,"23 Charlotte St., London W1T 1RW, UK",,Greater London,England,United Kingdom,GB,W1T 1RW,51.5186056,-0.1351254,hamburger_restaurant,"hamburger_restaurant, american_restaurant, restaurant, food, point_of_interest, establishment",OPERATIONAL,4.2,15.0,PRICE_LEVEL_MODERATE,RESOLVED_FROM_URL
Annab Brasserie,,https://www.google.com/maps/place/Annab+Brasserie/data=!4m2!3m1!1s0x48760f7414f22c2f:0x5d75c4c0826825a5,,,Wanna go,wanna_go,ChIJLyzyFHQPdkgRpSVogsDEdV0,Annab Brasserie,https://maps.google.com/?cid=6734505148903073189&g_mp=CiVnb29nbGUubWFwcy5wbGFjZXMudjEuUGxhY2VzLkdldFBsYWNlEAIYBCAA,"803 Fulham Rd., London SW6 5HE, UK",,Greater London,England,United Kingdom,GB,SW6 5HE,51.4758293,-0.2052097,restaurant,"restaurant, lebanese_restaurant, falafel_restaurant, brunch_restaurant, wine_bar, halal_restaurant, vegetarian_restaurant, bar_and_grill, meal_takeaway, seafood_restaurant, bar, food, point_of_interest, establishment",OPERATIONAL,4.9,373.0,PRICE_LEVEL_MODERATE,RESOLVED_FROM_URL
The Builders Arms,Se ve deli,https://www.google.com/maps/place/The+Builders+Arms/data=!4m2!3m1!1s0x4876056b84679019:0xdf4e74db1a2e5305,,,Wanna go,wanna_go,ChIJGZBnhGsFdkgRBVMuGtt0Tt8,The Builders Arms,https://maps.google.com/?cid=16090927003027264261&g_mp=CiVnb29nbGUubWFwcy5wbGFjZXMudjEuUGxhY2VzLkdldFBsYWNlEAIYBCAA,"13 Britten St, London SW3 3TY, UK",,Greater London,England,United Kingdom,GB,SW3 3TY,51.489165299999996,-0.167744,pub,"pub, gastropub, bar, restaurant, food, point_of_interest, establishment",OPERATIONAL,4.2,808.0,PRICE_LEVEL_MODERATE,RESOLVED_FROM_URL
DALLA,,https://www.google.com/maps/place/DALLA/data=!4m2!3m1!1s0x48761d05a11b48f9:0xee952aa862d556e5,,,Wanna go,wanna_go,ChIJ-UgboQUddkgR5VbVYqgqle4,DALLA,https://maps.google.com/?cid=17191694055257757413&g_mp=CiVnb29nbGUubWFwcy5wbGFjZXMudjEuUGxhY2VzLkdldFBsYWNlEAIYBCAA,"120-122 Morning Ln, London E9 6LH, UK",,Greater London,England,United Kingdom,GB,E9 6LH,51.5469444,-0.0494444,italian_restaurant,"italian_restaurant, restaurant, food, point_of_interest, establishment",OPERATIONAL,4.5,343.0,PRICE_LEVEL_EXPENSIVE,RESOLVED_FROM_URL
"Chestnut Bakery, Belgravia",Para wfh,"https://www.google.com/maps/place/Chestnut+Bakery,+Belgravia/data=!4m2!3m1!1s0x487605605880c931:0x882bf278b3f45276",,,Wanna go,wanna_go,ChIJMcmAWGAFdkgRdlL0s3jyK4g,"Chestnut Bakery, Belgravia",https://maps.google.com/?cid=9812202813385888374&g_mp=CiVnb29nbGUubWFwcy5wbGFjZXMudjEuUGxhY2VzLkdldFBsYWNlEAIYBCAA,"17-21 Elizabeth St, London SW1W 9RP, UK",,Greater London,England,United Kingdom,GB,SW1W 9RP,51.4928834,-0.1494293,bakery,"bakery, coffee_shop, cafe, manufacturer, food_store, wholesaler, service, store, restaurant, point_of_interest, food, establishment",OPERATIONAL,4.5,2934.0,PRICE_LEVEL_MODERATE,RESOLVED_FROM_URL
London Aquatics Centre,,https://www.google.com/maps/place/London+Aquatics+Centre/data=!4m2!3m1!1s0x47d8a7885a9c6fd3:0x415051406fdac132,,,Wanna go,wanna_go,ChIJ02-cWoin2EcRMsHab0BRUEE,London Aquatics Centre,https://maps.google.com/?cid=4706350947798532402&g_mp=CiVnb29nbGUubWFwcy5wbGFjZXMudjEuUGxhY2VzLkdldFBsYWNlEAIYBCAA,"Queen Elizabeth Olympic Park, Stratford Cross, London E20 2ZQ, UK",Stratford Cross,Greater London,England,United Kingdom,GB,E20 2ZQ,51.540187499999995,-0.010550700000000001,sports_complex,"swimming_pool, tourist_attraction, sports_complex, gym, school, educational_institution, sports_activity_location, health, point_of_interest, establishment",OPERATIONAL,4.0,1767.0,,RESOLVED_FROM_URL
The Good Oak,,https://www.google.com/maps/place/The+Good+Oak/data=!4m2!3m1!1s0x4876100375347007:0x8e05ccce957b8975,,,Wanna go,wanna_go,ChIJB3A0dQMQdkgRdYl7lc7MBY4,The Good Oak,https://maps.google.com/?cid=10233810915912550773&g_mp=CiVnb29nbGUubWFwcy5wbGFjZXMudjEuUGxhY2VzLkdldFBsYWNlEAIYBCAA,"137 Westbourne Park Rd, London W2 5QL, UK",,Greater London,England,United Kingdom,GB,W2 5QL,51.518677,-0.197652,italian_restaurant,"italian_restaurant, wine_bar, cocktail_bar, pizza_restaurant, bar, restaurant, point_of_interest, food, establishment",OPERATIONAL,4.2,726.0,PRICE_LEVEL_MODERATE,RESOLVED_FROM_URL
Romeo San,,https://www.google.com/maps/place/Romeo+San/data=!4m2!3m1!1s0x48761b33c0a85309:0x2059daa363d8c3b8,,,Wanna go,wanna_go,ChIJCVOowDMbdkgRuMPYY6PaWSA,Romeo San | The Temaki Bar,https://maps.google.com/?cid=2331134677430617016&g_mp=CiVnb29nbGUubWFwcy5wbGFjZXMudjEuUGxhY2VzLkdldFBsYWNlEAIYBCAA,"38 George St, London W1U 7DS, UK",,Greater London,England,United Kingdom,GB,W1U 7DS,51.517825099999996,-0.1540386,sushi_restaurant,"sushi_restaurant, meal_takeaway, japanese_restaurant, restaurant, food, point_of_interest, establishment",OPERATIONAL,4.6,180.0,PRICE_LEVEL_MODERATE,RESOLVED_FROM_URL
Daddy Bao - Taiwanese Restaurant Tooting,,https://www.google.com/maps/place/Daddy+Bao+-+Taiwanese+Restaurant+Tooting/data=!4m2!3m1!1s0x4876060caa02410f:0x1d3701440a758b64,,,Wanna go,wanna_go,ChIJD0ECqgwGdkgRZIt1CkQBNx0,Daddy Bao Restaurant Tooting,https://maps.google.com/?cid=2105152742563875684&g_mp=CiVnb29nbGUubWFwcy5wbGFjZXMudjEuUGxhY2VzLkdldFBsYWNlEAIYBCAA,"113 Mitcham Rd, London SW17 9PE, UK",,Greater London,England,United Kingdom,GB,SW17 9PE,51.425573299999996,-0.1643192,taiwanese_restaurant,"taiwanese_restaurant, asian_restaurant, brunch_restaurant, restaurant, point_of_interest, food, establishment",OPERATIONAL,4.7,937.0,,RESOLVED_FROM_URL
My Neighbours the Dumplings - Victoria Park,,https://www.google.com/maps/place/My+Neighbours+the+Dumplings+-+Victoria+Park/data=!4m2!3m1!1s0x48761d42746f155d:0xb9c33b1efd097c88,,,Wanna go,wanna_go,ChIJXRVvdEIddkgRiHwJ_R47w7k,My Neighbours the Dumplings - Victoria Park,https://maps.google.com/?cid=13385607521755561096&g_mp=CiVnb29nbGUubWFwcy5wbGFjZXMudjEuUGxhY2VzLkdldFBsYWNlEAIYBCAA,"178-180 Victoria Park Rd, London E9 7HD, UK",,Greater London,England,United Kingdom,GB,E9 7HD,51.5382396,-0.043847300000000006,dumpling_restaurant,"dumpling_restaurant, restaurant, food, point_of_interest, establishment",OPERATIONAL,4.3,593.0,PRICE_LEVEL_MODERATE,RESOLVED_FROM_URL
Milk Run,,https://www.google.com/maps/place/Milk+Run/data=!4m2!3m1!1s0x4876057ed7eec347:0x9e8f8954b5662ff8,,,Wanna go,wanna_go,ChIJR8Pu134FdkgR-C9mtVSJj54,Milk Run,https://maps.google.com/?cid=11425501776575868920&g_mp=CiVnb29nbGUubWFwcy5wbGFjZXMudjEuUGxhY2VzLkdldFBsYWNlEAIYBCAA,"16-18 Ritherdon Rd, London SW17 8QD, UK",,Greater London,England,United Kingdom,GB,SW17 8QD,51.4381871,-0.1553272,bakery,"bakery, food_store, store, food, point_of_interest, establishment",OPERATIONAL,4.6,187.0,PRICE_LEVEL_INEXPENSIVE,RESOLVED_FROM_URL
Marisquería julichi,,https://www.google.com/maps/place/Marisquer%C3%ADa+julichi/data=!4m2!3m1!1s0x85d1f90050b9658b:0x3ca5669f30168dfb,,,Wanna go,wanna_go,ChIJi2W5UAD50YUR-40WMJ9mpTw,Marisquería julichi,https://maps.google.com/?cid=4370011847325552123&g_mp=CiVnb29nbGUubWFwcy5wbGFjZXMudjEuUGxhY2VzLkdldFBsYWNlEAIYBCAA,"Avenida Marina Nacional, Esquina con, Felipe Carrillo Puerto 310, Anáhuac I Secc, Miguel Hidalgo, 11320 Ciudad de México, CDMX, Mexico",Anáhuac I Sección,Ciudad de México,Ciudad de México,Mexico,MX,11320,19.4516798,-99.1848265,seafood_restaurant,"seafood_restaurant, restaurant, food, point_of_interest, establishment",OPERATIONAL,3.7,205.0,PRICE_LEVEL_MODERATE,RESOLVED_FROM_URL
These Days Aperitivo Bar,Date night ideal,https://www.google.com/maps/place/These+Days+Aperitivo+Bar/data=!4m2!3m1!1s0x4876035f81ab5c29:0x22a2327ff8e26ea0,,,Wanna go,wanna_go,ChIJKVyrgV8DdkgRoG7i-H8yoiI,These Days Bar,https://maps.google.com/?cid=2495612668734500512&g_mp=CiVnb29nbGUubWFwcy5wbGFjZXMudjEuUGxhY2VzLkdldFBsYWNlEAIYBCAA,"100 Druid St, London SE1 2HQ, UK",,Greater London,England,United Kingdom,GB,SE1 2HQ,51.4992283,-0.07442019999999999,bar,"bar, cocktail_bar, snack_bar, meal_takeaway, restaurant, food, point_of_interest, establishment",OPERATIONAL,4.6,117.0,PRICE_LEVEL_MODERATE,RESOLVED_FROM_URL
Bedales of Borough Market,Date night,https://www.google.com/maps/place/Bedales+of+Borough+Market/data=!4m2!3m1!1s0x487603576e0c78ad:0x9c49db94ceec0185,,,Wanna go,wanna_go,ChIJrXgMblcDdkgRhQHszpTbSZw,Bedales of Borough Market,https://maps.google.com/?cid=11261773775389852037&g_mp=CiVnb29nbGUubWFwcy5wbGFjZXMudjEuUGxhY2VzLkdldFBsYWNlEAIYBCAA,"5 Bedale St, London SE1 9AL, UK",,Greater London,England,United Kingdom,GB,SE1 9AL,51.505437799999996,-0.0902386,wine_bar,"wine_bar, liquor_store, bar, store, restaurant, food, point_of_interest, establishment",OPERATIONAL,4.5,1282.0,PRICE_LEVEL_MODERATE,RESOLVED_FROM_URL
St Pancras hotel,,https://www.google.com/maps/place/St+Pancras+hotel/data=!4m2!3m1!1s0x48761b3b98a4286d:0x98620619b3b670fa,,,Wanna go,wanna_go,ChIJbSikmDsbdkgR-nC2sxkGYpg,"St. Pancras London, Autograph Collection",https://maps.google.com/?cid=10980345548941717754&g_mp=CiVnb29nbGUubWFwcy5wbGFjZXMudjEuUGxhY2VzLkdldFBsYWNlEAIYBCAA,"Euston Rd., London NW1 2AR, UK",,Greater London,England,United Kingdom,GB,NW1 2AR,51.529732499999994,-0.1259119,hotel,"hotel, lodging, point_of_interest, establishment",OPERATIONAL,4.4,4964.0,,RESOLVED_FROM_URL
Caravel,,https://www.google.com/maps/place/Caravel/data=!4m2!3m1!1s0x48761d9070ad9723:0x72f1fdd87a0d8ccf,,,Wanna go,wanna_go,ChIJI5etcJAddkgRz4wNetj98XI,Caravel,https://maps.google.com/?cid=8282680295913524431&g_mp=CiVnb29nbGUubWFwcy5wbGFjZXMudjEuUGxhY2VzLkdldFBsYWNlEAIYBCAA,"172 Shepherdess Walk, London N1 7JL, UK",,Greater London,England,United Kingdom,GB,N1 7JL,51.5338306,-0.0937944,restaurant,"restaurant, food, point_of_interest, establishment",CLOSED_PERMANENTLY,4.7,309.0,PRICE_LEVEL_EXPENSIVE,RESOLVED_FROM_URL
La Poule Au Pot,,https://www.google.com/maps/place/La+Poule+Au+Pot/data=!4m2!3m1!1s0x487605177e2fc733:0x64f2076f217641d5,,,Wanna go,wanna_go,ChIJM8cvfhcFdkgR1UF2IW8H8mQ,La Poule Au Pot,https://maps.google.com/?cid=7273884522040934869&g_mp=CiVnb29nbGUubWFwcy5wbGFjZXMudjEuUGxhY2VzLkdldFBsYWNlEAIYBCAA,"231 Ebury St, London SW1W 8UT, UK",,Greater London,England,United Kingdom,GB,SW1W 8UT,51.490989199999994,-0.15255839999999998,french_restaurant,"french_restaurant, restaurant, point_of_interest, food, establishment",OPERATIONAL,4.5,1003.0,PRICE_LEVEL_EXPENSIVE,RESOLVED_FROM_URL
CREDA - Gastronomia popolare,No esta en la lista pero se ve impresionante. Localisimo y como neighborhood,https://www.google.com/maps/place/CREDA+-+Gastronomia+popolare/data=!4m2!3m1!1s0x4786c5001a824c39:0x76880541a30d45f0,,,Wanna go,wanna_go,ChIJOUyCGgDFhkcR8EUNo0EFiHY,CREDA - Gastronomia popolare,https://maps.google.com/?cid=8541082472774714864&g_mp=CiVnb29nbGUubWFwcy5wbGFjZXMudjEuUGxhY2VzLkdldFBsYWNlEAIYBCAA,"Via Orti, 12, 20122 Milano MI, Italy",,Milano,Lombardia,Italy,IT,20122,45.4549721,9.2003387,restaurant,"restaurant, food, point_of_interest, establishment",OPERATIONAL,4.4,313.0,PRICE_LEVEL_EXPENSIVE,RESOLVED_FROM_URL
Trattoria Trippa,Este no esta en la lista de fer pero se ve buenisimo por si andan por esta zona,https://www.google.com/maps/place/Trattoria+Trippa/data=!4m2!3m1!1s0x4786c4218413ad69:0xfc783fe9dd0a5223,,,Wanna go,wanna_go,ChIJaa0ThCHEhkcRI1IK3ek_ePw,Trattoria Trippa,https://maps.google.com/?cid=18192360968431489571&g_mp=CiVnb29nbGUubWFwcy5wbGFjZXMudjEuUGxhY2VzLkdldFBsYWNlEAIYBCAA,"Via Giorgio Vasari, 1, 20135 Milano MI, Italy",,Milano,Lombardia,Italy,IT,20135,45.452166,9.2054825,italian_restaurant,"italian_restaurant, restaurant, food, point_of_interest, establishment",OPERATIONAL,4.6,1759.0,PRICE_LEVEL_EXPENSIVE,RESOLVED_FROM_URL
La Gioia San Marco,"Se ve buenisimo, mas moderno y como intermedio de los 3 de la esquina",https://www.google.com/maps/place/La+Gioia+San+Marco/data=!4m2!3m1!1s0x4786c72cfe0dd087:0x8c9994bf66dafda5,,,Wanna go,wanna_go,ChIJh9AN_izHhkcRpf3aZr-UmYw,La Gioia San Marco,https://maps.google.com/?cid=10131292386531933605&g_mp=CiVnb29nbGUubWFwcy5wbGFjZXMudjEuUGxhY2VzLkdldFBsYWNlEAIYBCAA,"Via S. Marco, 38, 20121 Milano MI, Italy",,Milano,Lombardia,Italy,IT,20121,45.478108399999996,9.18913,italian_restaurant,"italian_restaurant, restaurant, food, point_of_interest, establishment",OPERATIONAL,4.6,3673.0,,RESOLVED_FROM_URL
Solferino,"Se ve muy bueno, es el primero de la lista de fer y es el mas austero/tavernoso de la esquina",https://www.google.com/maps/place/Solferino/data=!4m2!3m1!1s0x4786c6cab5fc8857:0xf3bd1233a58a1f43,,,Wanna go,wanna_go,ChIJV4j8tcrGhkcRQx-KpTMSvfM,Solferino,https://maps.google.com/?cid=17563214134844727107&g_mp=CiVnb29nbGUubWFwcy5wbGFjZXMudjEuUGxhY2VzLkdldFBsYWNlEAIYBCAA,"Via Castelfidardo, 2, 20121 Milano MI, Italy",,Milano,Lombardia,Italy,IT,20121,45.478087699999996,9.1883237,italian_restaurant,"italian_restaurant, restaurant, food, point_of_interest, establishment",CLOSED_TEMPORARILY,4.1,1502.0,PRICE_LEVEL_VERY_EXPENSIVE,RESOLVED_FROM_URL
Al Baretto San Marco,Se ve mega cool pero el mas fancy de los 3 de la esquina,https://www.google.com/maps/place/Al+Baretto+San+Marco/data=!4m2!3m1!1s0x4786c12cef7c2d99:0x641a391c3ff54d71,,,Wanna go,wanna_go,ChIJmS187yzBhkcRcU31Pxw5GmQ,Al Baretto San Marco,https://maps.google.com/?cid=7213140546682178929&g_mp=CiVnb29nbGUubWFwcy5wbGFjZXMudjEuUGxhY2VzLkdldFBsYWNlEAIYBCAA,"Via Marsala, 2, 20121 Milano MI, Italy",,Milano,Lombardia,Italy,IT,20121,45.478389899999996,9.188031800000001,restaurant,"restaurant, food, point_of_interest, establishment",OPERATIONAL,4.8,1883.0,PRICE_LEVEL_VERY_EXPENSIVE,RESOLVED_FROM_URL
Trattoria Torre di Pisa,Se ve casero y dicen que la carne esta buena,https://www.google.com/maps/place/Trattoria+Torre+di+Pisa/data=!4m2!3m1!1s0x4786c14caccf1b73:0xa6901499b6af6624,,,Wanna go,wanna_go,ChIJcxvPrEzBhkcRJGavtpkUkKY,Trattoria Torre di Pisa,https://maps.google.com/?cid=12002115657369871908&g_mp=CiVnb29nbGUubWFwcy5wbGFjZXMudjEuUGxhY2VzLkdldFBsYWNlEAIYBCAA,"Via Fiori Chiari, 21, 20121 Milano MI, Italy",,Milano,Lombardia,Italy,IT,20121,45.471747699999995,9.184513299999999,italian_restaurant,"italian_restaurant, restaurant, food, point_of_interest, establishment",OPERATIONAL,3.9,1525.0,PRICE_LEVEL_EXPENSIVE,RESOLVED_FROM_URL
Casa Fiori Chiari Milano,Mexcla de moderno y clasico. Tiene pizzas tambien,https://www.google.com/maps/place/Casa+Fiori+Chiari+Milano/data=!4m2!3m1!1s0x4786c721c02b16df:0x10c24b412b851a59,,,Wanna go,wanna_go,ChIJ3xYrwCHHhkcRWRqFK0FLwhA,Casa Fiori Chiari Milano,https://maps.google.com/?cid=1207610393363815001&g_mp=CiVnb29nbGUubWFwcy5wbGFjZXMudjEuUGxhY2VzLkdldFBsYWNlEAIYBCAA,"Via Fiori Chiari, 8, 20121 Milano MI, Italy",,Milano,Lombardia,Italy,IT,20121,45.4723496,9.1870506,restaurant,"restaurant, pizza_restaurant, food, point_of_interest, establishment",OPERATIONAL,4.1,791.0,PRICE_LEVEL_EXPENSIVE,RESOLVED_FROM_URL
Ristorante Nuova Arena,Chiquito cozy romantico y buenos reviews,https://www.google.com/maps/place/Ristorante+Nuova+Arena/data=!4m2!3m1!1s0x4786c1362610bb29:0x2a182a8f27b1fd1e,,,Wanna go,wanna_go,ChIJKbsQJjbBhkcRHv2xJ48qGCo,Ristorante Nuova Arena,https://maps.google.com/?cid=3033221143368695070&g_mp=CiVnb29nbGUubWFwcy5wbGFjZXMudjEuUGxhY2VzLkdldFBsYWNlEAIYBCAA,"Piazza Lega Lombarda, 5, 20154 Milano MI, Italy",,Milano,Lombardia,Italy,IT,20154,45.4780229,9.1801873,restaurant,"restaurant, food, point_of_interest, establishment",OPERATIONAL,4.6,394.0,PRICE_LEVEL_EXPENSIVE,RESOLVED_FROM_URL
Antica Trattoria della Pesa,Me latio aparte lo de enfrente esta cool pero se ve algo cantinoso,https://www.google.com/maps/place/Antica+Trattoria+della+Pesa/data=!4m2!3m1!1s0x4786c13404655033:0x1980ee4081d8ea87,,,Wanna go,wanna_go,ChIJM1BlBDTBhkcRh-rYgUDugBk,Antica Trattoria della Pesa,https://maps.google.com/?cid=1837730608790956679&g_mp=CiVnb29nbGUubWFwcy5wbGFjZXMudjEuUGxhY2VzLkdldFBsYWNlEAIYBCAA,"Viale Pasubio, 10, 20154 Milano MI, Italy",,Milano,Lombardia,Italy,IT,20154,45.4817604,9.184023500000002,italian_restaurant,"italian_restaurant, bar, restaurant, food, point_of_interest, establishment",OPERATIONAL,4.2,1457.0,PRICE_LEVEL_EXPENSIVE,RESOLVED_FROM_URL
Ristorante Da Giacomo,Mas elegante pero se ve impresionante,https://www.google.com/maps/place/Ristorante+Da+Giacomo/data=!4m2!3m1!1s0x4786c6981a3f85b7:0x793e932c46db66c8,,,Wanna go,wanna_go,ChIJt4U_GpjGhkcRyGbbRiyTPnk,Ristorante Da Giacomo,https://maps.google.com/?cid=8736582145521968840&g_mp=CiVnb29nbGUubWFwcy5wbGFjZXMudjEuUGxhY2VzLkdldFBsYWNlEAIYBCAA,"Via Pasquale Sottocorno, 6, 20129 Milano MI, Italy",,Milano,Lombardia,Italy,IT,20129,45.46543,9.208613999999999,italian_restaurant,"italian_restaurant, mediterranean_restaurant, restaurant, food, point_of_interest, establishment",OPERATIONAL,4.3,1723.0,PRICE_LEVEL_VERY_EXPENSIVE,RESOLVED_FROM_URL
606 Club,,https://www.google.com/maps/place/606+Club/data=!4m2!3m1!1s0x4876057bf934a6f9:0x5d3e939cf21f52a0,,,Wanna go,wanna_go,ChIJ-aY0-XsFdkgRoFIf8pyTPl0,606 Club,https://maps.google.com/?cid=6718969996369679008&g_mp=CiVnb29nbGUubWFwcy5wbGFjZXMudjEuUGxhY2VzLkdldFBsYWNlEAIYBCAA,"90 Lots Rd, London SW10 0QD, UK",,Greater London,England,United Kingdom,GB,SW10 0QD,51.478429,-0.1816312,live_music_venue,"live_music_venue, wedding_venue, event_venue, bar, night_club, restaurant, food, point_of_interest, service, establishment",OPERATIONAL,4.6,1111.0,,RESOLVED_FROM_URL
The Abingdon,,https://www.google.com/maps/place/The+Abingdon/data=!4m2!3m1!1s0x48760ff3b713c331:0x550ddf061ed9155f,,,Wanna go,wanna_go,ChIJMcMTt_MPdkgRXxXZHgbfDVU,The Abingdon,https://maps.google.com/?cid=6128799885301454175&g_mp=CiVnb29nbGUubWFwcy5wbGFjZXMudjEuUGxhY2VzLkdldFBsYWNlEAIYBCAA,"54 Abingdon Rd, London W8 6AP, UK",,Greater London,England,United Kingdom,GB,W8 6AP,51.4975667,-0.1961483,restaurant,"cocktail_bar, wine_bar, pub, bar, european_restaurant, british_restaurant, restaurant, food, point_of_interest, establishment",OPERATIONAL,4.5,654.0,PRICE_LEVEL_EXPENSIVE,RESOLVED_FROM_URL
The Bull and Last,,https://www.google.com/maps/place/The+Bull+and+Last/data=!4m2!3m1!1s0x48761a5642f083f5:0x6f3a3ed80ad1f50c,,,Wanna go,wanna_go,ChIJ9YPwQlYadkgRDPXRCtg-Om8,The Bull and Last,https://maps.google.com/?cid=8014787584474608908&g_mp=CiVnb29nbGUubWFwcy5wbGFjZXMudjEuUGxhY2VzLkdldFBsYWNlEAIYBCAA,"168 Highgate Rd, London NW5 1QS, UK",,Greater London,England,United Kingdom,GB,NW5 1QS,51.5589095,-0.14864239999999998,pub,"pub, hotel, bar, lodging, point_of_interest, establishment",OPERATIONAL,4.4,999.0,,RESOLVED_FROM_URL
Papo’s Bagels,,https://www.google.com/maps/place/Papo%E2%80%99s+Bagels/data=!4m2!3m1!1s0x48761dc803cff55b:0xfdc10384d3074cba,,,Wanna go,wanna_go,ChIJW_XPA8gddkgRukwH04QDwf0,Papo’s Bagels,https://maps.google.com/?cid=18284899831111961786&g_mp=CiVnb29nbGUubWFwcy5wbGFjZXMudjEuUGxhY2VzLkdldFBsYWNlEAIYBCAA,"Amhurst Rd, London E8 2AJ, UK",,Greater London,England,United Kingdom,GB,E8 2AJ,51.5494592,-0.06089949999999999,bagel_shop,"bagel_shop, bakery, food_store, store, food, point_of_interest, establishment",OPERATIONAL,4.6,412.0,PRICE_LEVEL_INEXPENSIVE,RESOLVED_FROM_URL
Söderberg Wandsworth,,https://www.google.com/maps/place/S%C3%B6derberg+Wandsworth/data=!4m2!3m1!1s0x48760fa4c34e60ff:0xb17bfff0a3895f9f,,,Wanna go,wanna_go,ChIJ_2BOw6QPdkgRn1-Jo_D_e7E,Söderberg Wandsworth,https://maps.google.com/?cid=12789096975849578399&g_mp=CiVnb29nbGUubWFwcy5wbGFjZXMudjEuUGxhY2VzLkdldFBsYWNlEAIYBCAA,"362 Old York Rd, London SW18 1SP, UK",,Greater London,England,United Kingdom,GB,SW18 1SP,51.459880999999996,-0.1893982,coffee_shop,"coffee_shop, cafe, bakery, food_store, store, food, point_of_interest, establishment",OPERATIONAL,4.5,92.0,PRICE_LEVEL_INEXPENSIVE,RESOLVED_FROM_URL
Mahali Bakery by Mahali and Co,,https://www.google.com/maps/place/Mahali+Bakery+by+Mahali+and+Co/data=!4m2!3m1!1s0x487605bd7acd6c7f:0x2224c386fbb467d8,,,Wanna go,wanna_go,ChIJf2zNer0FdkgR2Ge0-4bDJCI,Mahali Bakery by Mahali and Co,https://maps.google.com/?cid=2460306280967071704&g_mp=CiVnb29nbGUubWFwcy5wbGFjZXMudjEuUGxhY2VzLkdldFBsYWNlEAIYBCAA,"Ground Floor Retail, 24 Battersea Park Rd, London SW11 4HY, UK",,Greater London,England,United Kingdom,GB,SW11 4HY,51.4763807,-0.1487075,bakery,"bakery, food_store, store, food, point_of_interest, establishment",OPERATIONAL,4.7,586.0,PRICE_LEVEL_INEXPENSIVE,RESOLVED_FROM_URL
People's Park Tavern,,https://www.google.com/maps/place/People's+Park+Tavern/data=!4m2!3m1!1s0x48761d37572d8291:0xfe62b5d765cda65,,,Wanna go,wanna_go,ChIJkYItVzcddkgRZdpcdl0r5g8,People's Park Tavern,https://maps.google.com/?cid=1145650835630119525&g_mp=CiVnb29nbGUubWFwcy5wbGFjZXMudjEuUGxhY2VzLkdldFBsYWNlEAIYBCAA,"360 Victoria Park Rd, London E9 7BT, UK",,Greater London,England,United Kingdom,GB,E9 7BT,51.5415898,-0.0377676,pub,"pub, bar, point_of_interest, establishment",OPERATIONAL,4.3,1870.0,PRICE_LEVEL_MODERATE,RESOLVED_FROM_URL
The Rose & Crown,,https://www.google.com/maps/place/The+Rose+%26+Crown/data=!4m2!3m1!1s0x487605ad37d41b5b:0xe00f81c05c6a002c,,,Wanna go,wanna_go,ChIJWxvUN60FdkgRLABqXMCBD-A,The Rose & Crown,https://maps.google.com/?cid=16145265852330672172&g_mp=CiVnb29nbGUubWFwcy5wbGFjZXMudjEuUGxhY2VzLkdldFBsYWNlEAIYBCAA,"2 The Polygon, London SW4 0JG, UK",,Greater London,England,United Kingdom,GB,SW4 0JG,51.463700599999996,-0.141313,pub,"pub, bar, restaurant, food, point_of_interest, establishment",OPERATIONAL,4.4,903.0,PRICE_LEVEL_MODERATE,RESOLVED_FROM_URL
The Apollo Arms Public House,,https://www.google.com/maps/place/The+Apollo+Arms+Public+House/data=!4m2!3m1!1s0x487605b40174c64b:0x4ee356aff3ea826e,,,Wanna go,wanna_go,ChIJS8Z0AbQFdkgRboLq869W404,The Apollo Arms Public House,https://maps.google.com/?cid=5684482468383195758&g_mp=CiVnb29nbGUubWFwcy5wbGFjZXMudjEuUGxhY2VzLkdldFBsYWNlEAIYBCAA,"13-19 Old Town, London SW4 0JT, UK",,Greater London,England,United Kingdom,GB,SW4 0JT,51.465210899999995,-0.1410368,gastropub,"gastropub, pub, bar, restaurant, food, point_of_interest, establishment",CLOSED_PERMANENTLY,4.5,300.0,PRICE_LEVEL_MODERATE,RESOLVED_FROM_URL
Tower House,,https://www.google.com/maps/place/Tower+House/data=!4m2!3m1!1s0x48760c474277b251:0x6a6424bac2f035d9,,,Wanna go,wanna_go,ChIJUbJ3QkcMdkgR2TXwwrokZGo,Tower House,https://maps.google.com/?cid=7666292850244466137&g_mp=CiVnb29nbGUubWFwcy5wbGFjZXMudjEuUGxhY2VzLkdldFBsYWNlEAIYBCAA,"Tower House, 10 Bridge St, Richmond TW9 1TQ, UK",,Greater London,England,United Kingdom,GB,TW9 1TQ,51.458007599999995,-0.30628780000000005,premise,"premise, street_address",,,,,RESOLVED_FROM_URL
Legado Restaurant,,https://www.google.com/maps/place/Legado+Restaurant/data=!4m2!3m1!1s0x48761d1b3b9cee89:0xd2b5e25d3a85cbc0,,,Wanna go,wanna_go,ChIJie6cOxsddkgRwMuFOl3itdI,Legado Restaurant,https://maps.google.com/?cid=15183290608791178176&g_mp=CiVnb29nbGUubWFwcy5wbGFjZXMudjEuUGxhY2VzLkdldFBsYWNlEAIYBCAA,"Unit 1C Montacute, Yards, London E1 6HU, UK",,Greater London,England,United Kingdom,GB,E1 6HU,51.52442440000001,-0.0783523,spanish_restaurant,"spanish_restaurant, fine_dining_restaurant, restaurant, point_of_interest, food, establishment",OPERATIONAL,4.5,430.0,PRICE_LEVEL_VERY_EXPENSIVE,RESOLVED_FROM_URL
Frankie’s Bakery,,https://www.google.com/maps/place/Frankie%E2%80%99s+Bakery/data=!4m2!3m1!1s0x48760fd94690d6c1:0xad00f19373ac2e5a,,,Wanna go,wanna_go,ChIJwdaQRtkPdkgRWi6sc5PxAK0,Frankie’s Bakery,https://maps.google.com/?cid=12466229384164683354&g_mp=CiVnb29nbGUubWFwcy5wbGFjZXMudjEuUGxhY2VzLkdldFBsYWNlEAIYBCAA,"3 Chiswick Common Rd, Chiswick, London W4 1RR, UK",Chiswick,Greater London,England,United Kingdom,GB,W4 1RR,51.494443399999994,-0.255653,bakery,"bakery, food_store, store, point_of_interest, food, establishment",OPERATIONAL,4.8,191.0,PRICE_LEVEL_INEXPENSIVE,RESOLVED_FROM_URL
Fischers,,https://www.google.com/maps/place/Fischers/data=!4m2!3m1!1s0x48761ad1c19c7675:0x15ffa42a739b55f8,,,Wanna go,wanna_go,ChIJdXacwdEadkgR-FWbcyqk_xU,Fischers,https://maps.google.com/?cid=1585166096092845560&g_mp=CiVnb29nbGUubWFwcy5wbGFjZXMudjEuUGxhY2VzLkdldFBsYWNlEAIYBCAA,"50 Marylebone High St, London W1U 5HN, UK",,Greater London,England,United Kingdom,GB,W1U 5HN,51.521622199999996,-0.1516157,austrian_restaurant,"austrian_restaurant, european_restaurant, restaurant, food, point_of_interest, establishment",OPERATIONAL,4.4,2103.0,PRICE_LEVEL_MODERATE,RESOLVED_FROM_URL
Hoop & Grapes,,https://www.google.com/maps/place/Hoop+%26+Grapes/data=!4m2!3m1!1s0x48761b52b1d14ad5:0xb1000e56579509b1,,,Wanna go,wanna_go,ChIJ1UrRsVIbdkgRsQmVV1YOALE,Hoop & Grapes,https://maps.google.com/?cid=12754209908712606129&g_mp=CiVnb29nbGUubWFwcy5wbGFjZXMudjEuUGxhY2VzLkdldFBsYWNlEAIYBCAA,"80 Farringdon St, London EC4A 4BL, UK",,Greater London,England,United Kingdom,GB,EC4A 4BL,51.51543650000001,-0.1049401,pub,"pub, bar, restaurant, food, point_of_interest, establishment",OPERATIONAL,4.1,453.0,PRICE_LEVEL_MODERATE,RESOLVED_FROM_URL
The Windmill,,https://www.google.com/maps/place/The+Windmill/data=!4m2!3m1!1s0x4876057c704a4439:0xa6bfa0dde4d8f0a9,,,Wanna go,wanna_go,ChIJOURKcHwFdkgRqfDY5N2gv6Y,The Windmill,https://maps.google.com/?cid=12015499205735411881&g_mp=CiVnb29nbGUubWFwcy5wbGFjZXMudjEuUGxhY2VzLkdldFBsYWNlEAIYBCAA,"Clapham Common South Side, London SW4 9DE, UK",,Greater London,England,United Kingdom,GB,SW4 9DE,51.4576055,-0.1441801,pub,"pub, sports_bar, beer_garden, bar, restaurant, point_of_interest, food, establishment",OPERATIONAL,4.5,1545.0,,RESOLVED_FROM_URL
Konjiki,,https://www.google.com/maps/place/Konjiki/data=!4m2!3m1!1s0x48760ff7098e910b:0xd3c21e7b1ab381cf,,,Wanna go,wanna_go,ChIJC5GOCfcPdkgRz4GzGnsewtM,Konjiki,https://maps.google.com/?cid=15258792001562444239&g_mp=CiVnb29nbGUubWFwcy5wbGFjZXMudjEuUGxhY2VzLkdldFBsYWNlEAIYBCAA,"20 Kensington Church St, London W8 4EP, UK",,Greater London,England,United Kingdom,GB,W8 4EP,51.502670599999995,-0.1910262,japanese_restaurant,"japanese_restaurant, restaurant, food, point_of_interest, establishment",OPERATIONAL,4.8,1025.0,PRICE_LEVEL_MODERATE,RESOLVED_FROM_URL
Society Bar & Kitchen,,https://www.google.com/maps/place/Society+Bar+%26+Kitchen/data=!4m2!3m1!1s0x4887c746809dc94f:0x12b411925d02e9a,,,Wanna go,wanna_go,ChIJT8mdgEbHh0gRmi7QJRlBKwE,Society Bar & Kitchen,https://maps.google.com/?cid=84232594300874394&g_mp=CiVnb29nbGUubWFwcy5wbGFjZXMudjEuUGxhY2VzLkdldFBsYWNlEAIYBCAA,"1 Waterloo Pl, Edinburgh EH1 3BG, UK",,Edinburgh,Scotland,United Kingdom,GB,EH1 3BG,55.9536163,-3.1883526,bistro,"bistro, brunch_restaurant, breakfast_restaurant, cafe, bar, restaurant, food, point_of_interest, establishment",OPERATIONAL,4.8,6782.0,PRICE_LEVEL_MODERATE,RESOLVED_FROM_URL
Running Late Coffee,,https://www.google.com/maps/place/Running+Late+Coffee/data=!4m2!3m1!1s0x48761d286b8d334b:0x94590f6f0661d55,,,Wanna go,wanna_go,ChIJSzONaygddkgRVR1m8PaQRQk,Running Late Coffee,https://maps.google.com/?cid=668099510003965269&g_mp=CiVnb29nbGUubWFwcy5wbGFjZXMudjEuUGxhY2VzLkdldFBsYWNlEAIYBCAA,"249b Mare St, London E8 3NS, UK",,Greater London,England,United Kingdom,GB,E8 3NS,51.542580199999996,-0.055453699999999995,cafe,"cafe, coffee_shop, food_store, store, food, point_of_interest, establishment",OPERATIONAL,4.9,237.0,PRICE_LEVEL_INEXPENSIVE,RESOLVED_FROM_URL
LOWDOWN,,https://www.google.com/maps/place/LOWDOWN/data=!4m2!3m1!1s0x4887c791205a866b:0x4256ca6de94187bd,,,Wanna go,wanna_go,ChIJa4ZaIJHHh0gRvYdB6W3KVkI,LOWDOWN,https://maps.google.com/?cid=4780230627913992125&g_mp=CiVnb29nbGUubWFwcy5wbGFjZXMudjEuUGxhY2VzLkdldFBsYWNlEAIYBCAA,"40 George St, Edinburgh EH2 2LE, UK",,Edinburgh,Scotland,United Kingdom,GB,EH2 2LE,55.9532418,-3.1979351,coffee_shop,"coffee_shop, cafe, food_store, store, food, point_of_interest, establishment",OPERATIONAL,4.7,1742.0,PRICE_LEVEL_INEXPENSIVE,RESOLVED_FROM_URL
Fishers,,https://www.google.com/maps/place/Fishers/data=!4m2!3m1!1s0x4887b8048c30d157:0x1837c85aa2f1b199,,,Wanna go,wanna_go,ChIJV9EwjAS4h0gRmbHxolrINxg,Fishers,https://maps.google.com/?cid=1745083672235717017&g_mp=CiVnb29nbGUubWFwcy5wbGFjZXMudjEuUGxhY2VzLkdldFBsYWNlEAIYBCAA,"1 Shore, Leith, Edinburgh EH6 6QW, UK",Leith,Edinburgh,Scotland,United Kingdom,GB,EH6 6QW,55.9775673,-3.168986,restaurant,"bistro, oyster_bar_restaurant, family_restaurant, british_restaurant, restaurant, point_of_interest, food, establishment",OPERATIONAL,4.6,2161.0,PRICE_LEVEL_MODERATE,RESOLVED_FROM_URL
Chez Jules,,https://www.google.com/maps/place/Chez+Jules/data=!4m2!3m1!1s0x4887c7916a04019b:0xb6699d7bd5f80a6,,,Wanna go,wanna_go,ChIJmwEEapHHh0gRpoBfvdeZZgs,Chez Jules,https://maps.google.com/?cid=821513133915865254&g_mp=CiVnb29nbGUubWFwcy5wbGFjZXMudjEuUGxhY2VzLkdldFBsYWNlEAIYBCAA,"109 Hanover St, Edinburgh EH2 1DJ, UK",,Edinburgh,Scotland,United Kingdom,GB,EH2 1DJ,55.954679999999996,-3.1976009999999997,french_restaurant,"french_restaurant, bistro, restaurant, food, point_of_interest, establishment",OPERATIONAL,4.4,3492.0,PRICE_LEVEL_INEXPENSIVE,RESOLVED_FROM_URL
Papercup Coffee Company,,https://www.google.com/maps/place/Papercup+Coffee+Company/data=!4m2!3m1!1s0x4888450bbae59e47:0x3fa5a8f490b2761d,,,Wanna go,wanna_go,ChIJR57lugtFiEgRHXaykPSopT8,Papercup Coffee Company,https://maps.google.com/?cid=4586257563899819549&g_mp=CiVnb29nbGUubWFwcy5wbGFjZXMudjEuUGxhY2VzLkdldFBsYWNlEAIYBCAA,"603 Great Western Rd, Glasgow G12 8HX, UK",,Glasgow City,Scotland,United Kingdom,GB,G12 8HX,55.876357299999995,-4.2853435,cafe,"cafe, brunch_restaurant, coffee_shop, food_store, store, restaurant, food, point_of_interest, establishment",OPERATIONAL,4.7,677.0,PRICE_LEVEL_MODERATE,RESOLVED_FROM_URL
Ugly Dumpling,,https://www.google.com/maps/place/Ugly+Dumpling/data=!4m2!3m1!1s0x48761baf26d5a3ab:0x34094a3fe026c8f6,,,Wanna go,wanna_go,ChIJq6PVJq8bdkgR9sgm4D9KCTQ,Ugly Dumpling,https://maps.google.com/?cid=3749609802966681846&g_mp=CiVnb29nbGUubWFwcy5wbGFjZXMudjEuUGxhY2VzLkdldFBsYWNlEAIYBCAA,"30 Rathbone Pl, London W1T 1JG, UK",,Greater London,England,United Kingdom,GB,W1T 1JG,51.5178029,-0.1344092,dumpling_restaurant,"dumpling_restaurant, fusion_restaurant, restaurant, food, point_of_interest, establishment",OPERATIONAL,4.6,731.0,PRICE_LEVEL_MODERATE,RESOLVED_FROM_URL
Corner Shop,,https://www.google.com/maps/place/Corner+Shop/data=!4m2!3m1!1s0x488845cb025a737d:0xf373a621d2c0205b,,,Wanna go,wanna_go,ChIJfXNaAstFiEgRWyDA0iGmc_M,Corner Shop,https://maps.google.com/?cid=17542547637738152027&g_mp=CiVnb29nbGUubWFwcy5wbGFjZXMudjEuUGxhY2VzLkdldFBsYWNlEAIYBCAA,"45 Old Dumbarton Rd, Glasgow G3 8RF, UK",,Glasgow City,Scotland,United Kingdom,GB,G3 8RF,55.86704890000001,-4.2925696,spanish_restaurant,"spanish_restaurant, cocktail_bar, wine_bar, bar, restaurant, food, point_of_interest, establishment",OPERATIONAL,4.6,135.0,PRICE_LEVEL_EXPENSIVE,RESOLVED_FROM_URL
Ox and Finch,,https://www.google.com/maps/place/Ox+and+Finch/data=!4m2!3m1!1s0x488845d492ffafff:0xe310d41b51a8457e,,,Wanna go,wanna_go,ChIJ_6__ktRFiEgRfkWoURvUEOM,Ox and Finch,https://maps.google.com/?cid=16361810660036199806&g_mp=CiVnb29nbGUubWFwcy5wbGFjZXMudjEuUGxhY2VzLkdldFBsYWNlEAIYBCAA,"920 Sauchiehall St, Finnieston, Glasgow G3 7TF, UK",Finnieston,Glasgow City,Scotland,United Kingdom,GB,G3 7TF,55.865764999999996,-4.2848023,british_restaurant,"british_restaurant, restaurant, food, point_of_interest, establishment",OPERATIONAL,4.7,2733.0,PRICE_LEVEL_MODERATE,RESOLVED_FROM_URL
Gloriosa,,https://www.google.com/maps/place/Gloriosa/data=!4m2!3m1!1s0x488845933fcb258f:0xd89a78f37828a0fd,,,Wanna go,wanna_go,ChIJjyXLP5NFiEgR_aAoePN4mtg,Gloriosa,https://maps.google.com/?cid=15607920445694189821&g_mp=CiVnb29nbGUubWFwcy5wbGFjZXMudjEuUGxhY2VzLkdldFBsYWNlEAIYBCAA,"1321 Argyle St, Glasgow G3 8AB, UK",,Glasgow City,Scotland,United Kingdom,GB,G3 8AB,55.8666148,-4.2904346,mediterranean_restaurant,"mediterranean_restaurant, restaurant, food, point_of_interest, establishment",OPERATIONAL,4.4,577.0,PRICE_LEVEL_MODERATE,RESOLVED_FROM_URL
Nauticus,,https://www.google.com/maps/place/Nauticus/data=!4m2!3m1!1s0x4887b989d0407de3:0xf263733b542ce5fb,,,Wanna go,wanna_go,ChIJ431A0Im5h0gR--UsVDtzY_I,Nauticus,https://maps.google.com/?cid=17465930478525408763&g_mp=CiVnb29nbGUubWFwcy5wbGFjZXMudjEuUGxhY2VzLkdldFBsYWNlEAIYBCAA,"142 Duke St, Edinburgh EH6 8HR, UK",,Edinburgh,Scotland,United Kingdom,GB,EH6 8HR,55.9689987,-3.167995,pub,"pub, cocktail_bar, bar, point_of_interest, establishment",OPERATIONAL,4.8,588.0,PRICE_LEVEL_MODERATE,RESOLVED_FROM_URL
Kelvingrove Café,,https://www.google.com/maps/place/Kelvingrove+Caf%C3%A9/data=!4m2!3m1!1s0x488845d45c2616a1:0xa4d0c1b83617c884,,,Wanna go,wanna_go,ChIJoRYmXNRFiEgRhMgXNrjB0KQ,Kelvingrove Café,https://maps.google.com/?cid=11876205214301669508&g_mp=CiVnb29nbGUubWFwcy5wbGFjZXMudjEuUGxhY2VzLkdldFBsYWNlEAIYBCAA,"1161 Argyle St, Finnieston, Glasgow G3 8TB, UK",Finnieston,Glasgow City,Scotland,United Kingdom,GB,G3 8TB,55.8649419,-4.2853818,cafe,"cafe, cocktail_bar, breakfast_restaurant, bar, restaurant, food, point_of_interest, establishment",OPERATIONAL,4.3,1000.0,PRICE_LEVEL_MODERATE,RESOLVED_FROM_URL
The Ben Nevis,,https://www.google.com/maps/place/The+Ben+Nevis/data=!4m2!3m1!1s0x488845d4f7faf357:0x169876bcd1320d72,,,Wanna go,wanna_go,ChIJV_P699RFiEgRcg0y0bx2mBY,The Ben Nevis,https://maps.google.com/?cid=1628181818630081906&g_mp=CiVnb29nbGUubWFwcy5wbGFjZXMudjEuUGxhY2VzLkdldFBsYWNlEAIYBCAA,"1147 Argyle St, Finnieston, Glasgow G3 8TB, UK",Finnieston,Glasgow City,Scotland,United Kingdom,GB,G3 8TB,55.8648905,-4.2850069,pub,"pub, live_music_venue, bar, event_venue, point_of_interest, establishment",OPERATIONAL,4.6,1584.0,PRICE_LEVEL_MODERATE,RESOLVED_FROM_URL
The Clarence Glasgow,,https://www.google.com/maps/place/The+Clarence+Glasgow/data=!4m2!3m1!1s0x4888458d20974eb9:0x4959fafb27ff4559,,,Wanna go,wanna_go,ChIJuU6XII1FiEgRWUX_J_v6WUk,The Clarence,https://maps.google.com/?cid=5285531594310763865&g_mp=CiVnb29nbGUubWFwcy5wbGFjZXMudjEuUGxhY2VzLkdldFBsYWNlEAIYBCAA,"168 Hyndland Rd, Glasgow G12 9HZ, UK",,Glasgow City,Scotland,United Kingdom,GB,G12 9HZ,55.876260699999996,-4.3061853999999995,gastropub,"gastropub, pub, bar, restaurant, food, point_of_interest, establishment",OPERATIONAL,4.7,122.0,PRICE_LEVEL_MODERATE,RESOLVED_FROM_URL
Ubiquitous Chip,,https://www.google.com/maps/place/Ubiquitous+Chip/data=!4m2!3m1!1s0x488845ce588ef1d5:0x22040afc84325841,,,Wanna go,wanna_go,ChIJ1fGOWM5FiEgRQVgyhPwKBCI,Ubiquitous Chip,https://maps.google.com/?cid=2451096176862320705&g_mp=CiVnb29nbGUubWFwcy5wbGFjZXMudjEuUGxhY2VzLkdldFBsYWNlEAIYBCAA,"12 Ashton Ln, Glasgow G12 8SJ, UK",,Glasgow City,Scotland,United Kingdom,GB,G12 8SJ,55.874917,-4.2931865,british_restaurant,"british_restaurant, restaurant, food, point_of_interest, establishment",OPERATIONAL,4.5,3334.0,PRICE_LEVEL_MODERATE,RESOLVED_FROM_URL
Ardnamurchan Scottish Restaurant & Bar,,https://www.google.com/maps/place/Ardnamurchan+Scottish+Restaurant+%26+Bar/data=!4m2!3m1!1s0x488844210c99864f:0x85dcb0940aeeafed,,,Wanna go,wanna_go,ChIJT4aZDCFEiEgR7a_uCpSw3IU,Ardnamurchan Scottish Restaurant & Bar,https://maps.google.com/?cid=9645778651805822957&g_mp=CiVnb29nbGUubWFwcy5wbGFjZXMudjEuUGxhY2VzLkdldFBsYWNlEAIYBCAA,"325 Hope St, Glasgow G2 3PT, UK",,Glasgow City,Scotland,United Kingdom,GB,G2 3PT,55.8664913,-4.2567804,restaurant,"seafood_restaurant, restaurant, food, point_of_interest, establishment",OPERATIONAL,4.6,2385.0,PRICE_LEVEL_MODERATE,RESOLVED_FROM_URL
Novar Drive Espresso Bar,,https://www.google.com/maps/place/Novar+Drive+Espresso+Bar/data=!4m2!3m1!1s0x488845003036d07f:0x40b318fddb9ba7cb,,,Wanna go,wanna_go,ChIJf9A2MABFiEgRy6eb2_0Ys0A,Novar Drive Espresso Bar,https://maps.google.com/?cid=4662097517848799179&g_mp=CiVnb29nbGUubWFwcy5wbGFjZXMudjEuUGxhY2VzLkdldFBsYWNlEAIYBCAA,"74 Hyndland Rd, Glasgow G12 9UT, UK",,Glasgow City,Scotland,United Kingdom,GB,G12 9UT,55.8797372,-4.3055555,coffee_shop,"coffee_shop, cafe, food_store, store, food, point_of_interest, establishment",OPERATIONAL,4.5,100.0,PRICE_LEVEL_INEXPENSIVE,RESOLVED_FROM_URL
Farine,,https://www.google.com/maps/place/Farine/data=!4m2!3m1!1s0x487605720847777b:0x2ada8a2027d62d31,,,Wanna go,wanna_go,ChIJe3dHCHIFdkgRMS3WJyCK2io,Farine,https://maps.google.com/?cid=3087932365227830577&g_mp=CiVnb29nbGUubWFwcy5wbGFjZXMudjEuUGxhY2VzLkdldFBsYWNlEAIYBCAA,"2 Barmouth Rd, London SW18 2DN, UK",,Greater London,England,United Kingdom,GB,SW18 2DN,51.4532204,-0.18479779999999998,cafe,"cafe, brunch_restaurant, restaurant, food, point_of_interest, establishment",OPERATIONAL,4.5,141.0,PRICE_LEVEL_MODERATE,RESOLVED_FROM_URL
The Auld Shillelagh,,https://www.google.com/maps/place/The+Auld+Shillelagh/data=!4m2!3m1!1s0x48761c637f39c6df:0xa9848c15a5121018,,,Wanna go,wanna_go,ChIJ38Y5f2McdkgRGBASpRWMhKk,The Auld Shillelagh,https://maps.google.com/?cid=12215042113927254040&g_mp=CiVnb29nbGUubWFwcy5wbGFjZXMudjEuUGxhY2VzLkdldFBsYWNlEAIYBCAA,"105 Stoke Newington Church St, London N16 0UD, UK",,Greater London,England,United Kingdom,GB,N16 0UD,51.5620538,-0.07945640000000001,irish_pub,"irish_pub, pub, bar, restaurant, point_of_interest, food, establishment",OPERATIONAL,4.7,1365.0,PRICE_LEVEL_MODERATE,RESOLVED_FROM_URL
The Eagle Farringdon,,https://www.google.com/maps/place/The+Eagle+Farringdon/data=!4m2!3m1!1s0x48761b4f6cb6da87:0x9688ad81a9ca31a7,,,Wanna go,wanna_go,ChIJh9q2bE8bdkgRpzHKqYGtiJY,The Eagle Farringdon,https://maps.google.com/?cid=10847110474932826535&g_mp=CiVnb29nbGUubWFwcy5wbGFjZXMudjEuUGxhY2VzLkdldFBsYWNlEAIYBCAA,"159 Farringdon Rd, London EC1R 3AL, UK",,Greater London,England,United Kingdom,GB,EC1R 3AL,51.5241639,-0.1097278,pub,"pub, gastropub, bar, restaurant, food, point_of_interest, establishment",OPERATIONAL,4.5,1374.0,PRICE_LEVEL_MODERATE,RESOLVED_FROM_URL
Brook House,Para sunday roast,https://www.google.com/maps/place/Brook+House/data=!4m2!3m1!1s0x48760f27a3b8341d:0x45e39efa74c449b,,,Wanna go,wanna_go,ChIJHTS4oycPdkgRm0RMp-85XgQ,Brook House,https://maps.google.com/?cid=314752725429273755&g_mp=CiVnb29nbGUubWFwcy5wbGFjZXMudjEuUGxhY2VzLkdldFBsYWNlEAIYBCAA,"65 New Kings Rd, London SW6 4SG, UK",,Greater London,England,United Kingdom,GB,SW6 4SG,51.475883700000004,-0.19322889999999998,gastropub,"gastropub, bar, restaurant, food, point_of_interest, establishment",OPERATIONAL,4.4,358.0,PRICE_LEVEL_MODERATE,RESOLVED_FROM_URL
One Club Row,,https://www.google.com/maps/place/One+Club+Row/data=!4m2!3m1!1s0x48761d92ece5332d:0x60035b2a61d9a6ef,,,Wanna go,wanna_go,ChIJLTPl7JIddkgR76bZYSpbA2A,One Club Row,https://maps.google.com/?cid=6918473690159621871&g_mp=CiVnb29nbGUubWFwcy5wbGFjZXMudjEuUGxhY2VzLkdldFBsYWNlEAIYBCAA,"1 Club Row, London E1 6JX, UK",,Greater London,England,United Kingdom,GB,E1 6JX,51.5240027,-0.074219,restaurant,"restaurant, food, point_of_interest, establishment",OPERATIONAL,4.7,247.0,,RESOLVED_FROM_URL
August Bakery,,https://www.google.com/maps/place/August+Bakery/data=!4m2!3m1!1s0x487605fa878b01d7:0x85bf64801bfeafc2,,,Wanna go,wanna_go,ChIJ1wGLh_oFdkgRwq_-G4Bkv4U,August Bakery,https://maps.google.com/?cid=9637532228984418242&g_mp=CiVnb29nbGUubWFwcy5wbGFjZXMudjEuUGxhY2VzLkdldFBsYWNlEAIYBCAA,"4-6a Battersea Rise, London SW11 1ED, UK",,Greater London,England,United Kingdom,GB,SW11 1ED,51.4611209,-0.1628359,bakery,"bakery, food_store, store, food, point_of_interest, establishment",OPERATIONAL,4.8,405.0,PRICE_LEVEL_INEXPENSIVE,RESOLVED_FROM_URL
Nardulli,,https://www.google.com/maps/place/Nardulli/data=!4m2!3m1!1s0x48760452ad607e7b:0x7b0ba194a8952363,,,Wanna go,wanna_go,ChIJe35grVIEdkgRYyOVqJShC3s,Nardulli,https://maps.google.com/?cid=8866357951264531299&g_mp=CiVnb29nbGUubWFwcy5wbGFjZXMudjEuUGxhY2VzLkdldFBsYWNlEAIYBCAA,"29 The Pavement, London SW4 0JE, UK",,Greater London,England,United Kingdom,GB,SW4 0JE,51.462979,-0.1406088,ice_cream_shop,"ice_cream_shop, coffee_shop, cafe, dessert_shop, confectionery, food_store, store, food, point_of_interest, establishment",OPERATIONAL,4.7,919.0,,RESOLVED_FROM_URL
Maiz,,https://www.google.com/maps/place/Maiz/data=!4m2!3m1!1s0x48760387796d7f93:0xd0bb6eafb6cb148d,,,Wanna go,wanna_go,ChIJk39teYcDdkgRjRTLtq9uu9A,Maiz,https://maps.google.com/?cid=15040737081498997901&g_mp=CiVnb29nbGUubWFwcy5wbGFjZXMudjEuUGxhY2VzLkdldFBsYWNlEAIYBCAA,"58 Peckham Rye, London SE15 4JR, UK",,Greater London,England,United Kingdom,GB,SE15 4JR,51.465060799999996,-0.0666576,mexican_restaurant,"mexican_restaurant, restaurant, food, point_of_interest, establishment",OPERATIONAL,4.6,157.0,PRICE_LEVEL_MODERATE,RESOLVED_FROM_URL
MOI Restaurant,,https://www.google.com/maps/place/MOI+Restaurant/data=!4m2!3m1!1s0x48760558ea6d22a3:0x64449c44eb52b176,,,Wanna go,wanna_go,ChIJoyJt6lgFdkgRdrFS60ScRGQ,MOI Restaurant,https://maps.google.com/?cid=7225071522028892534&g_mp=CiVnb29nbGUubWFwcy5wbGFjZXMudjEuUGxhY2VzLkdldFBsYWNlEAIYBCAA,"84 Wardour St, London W1F 0TQ, UK",,Greater London,England,United Kingdom,GB,W1F 0TQ,51.5133319,-0.133661,restaurant,"restaurant, food, point_of_interest, establishment",OPERATIONAL,4.7,341.0,PRICE_LEVEL_VERY_EXPENSIVE,RESOLVED_FROM_URL
Chiave,,https://www.google.com/maps/place/Chiave/data=!4m2!3m1!1s0x48761d5d50ea8ea7:0x983e7a15cbdb872e,,,Wanna go,wanna_go,ChIJp47qUF0ddkgRLofbyxV6Ppg,Chiave,https://maps.google.com/?cid=10970339976354170670&g_mp=CiVnb29nbGUubWFwcy5wbGFjZXMudjEuUGxhY2VzLkdldFBsYWNlEAIYBCAA,"36 Redchurch St, London E2 7DP, UK",,Greater London,England,United Kingdom,GB,E2 7DP,51.524296299999996,-0.07535270000000001,cocktail_bar,"cocktail_bar, bar, point_of_interest, establishment",OPERATIONAL,4.8,116.0,PRICE_LEVEL_MODERATE,RESOLVED_FROM_URL
BISTROTHEQUE,,https://www.google.com/maps/place/BISTROTHEQUE/data=!4m2!3m1!1s0x48761cdd05e558a5:0x6ccece0f4e8c1a62,,,Wanna go,wanna_go,ChIJpVjlBd0cdkgRYhqMTg_Ozmw,BISTROTHEQUE,https://maps.google.com/?cid=7840430566436248162&g_mp=CiVnb29nbGUubWFwcy5wbGFjZXMudjEuUGxhY2VzLkdldFBsYWNlEAIYBCAA,"23-27 Wadeson St, London E2 9DR, UK",,Greater London,England,United Kingdom,GB,E2 9DR,51.5341701,-0.0559454,restaurant,"bar, event_venue, restaurant, food, point_of_interest, establishment",OPERATIONAL,4.6,1209.0,PRICE_LEVEL_EXPENSIVE,RESOLVED_FROM_URL
The Old Pharmacy,,https://www.google.com/maps/place/The+Old+Pharmacy/data=!4m2!3m1!1s0x487231a5e3c16afd:0x33e9bb41e3fcb377,,,Wanna go,wanna_go,ChIJ_WrB46UxckgRd7P840G76TM,The Old Pharmacy,https://maps.google.com/?cid=3740726857180164983&g_mp=CiVnb29nbGUubWFwcy5wbGFjZXMudjEuUGxhY2VzLkdldFBsYWNlEAIYBCAA,"3 High St, Bruton BA10 0AB, UK",,Somerset,England,United Kingdom,GB,BA10 0AB,51.112544199999995,-2.4536506,restaurant,"restaurant, wine_bar, bar, food, point_of_interest, establishment",OPERATIONAL,4.6,141.0,PRICE_LEVEL_MODERATE,RESOLVED_FROM_URL
Beam,,https://www.google.com/maps/place/Beam/data=!4m2!3m1!1s0x48761b8175bf2dfb:0x401f1b2780e3cb53,,,Wanna go,wanna_go,ChIJ-y2_dYEbdkgRU8vjgCcbH0A,Beam,https://maps.google.com/?cid=4620441599185505107&g_mp=CiVnb29nbGUubWFwcy5wbGFjZXMudjEuUGxhY2VzLkdldFBsYWNlEAIYBCAA,"184 Blackstock Rd, London N5 1EG, UK",,Greater London,England,United Kingdom,GB,N5 1EG,51.5598307,-0.0987723,brunch_restaurant,"brunch_restaurant, breakfast_restaurant, coffee_shop, cafe, food_store, store, restaurant, point_of_interest, food, establishment",OPERATIONAL,4.8,1777.0,PRICE_LEVEL_MODERATE,RESOLVED_FROM_URL
pockets,Falafels buenisimos,https://www.google.com/maps/place/pockets/data=!4m2!3m1!1s0x48761d3f7a644ac1:0x88d7a1d900301906,,,Wanna go,wanna_go,ChIJwUpkej8ddkgRBhkwANmh14g,Pockets,https://maps.google.com/?cid=9860527862534117638&g_mp=CiVnb29nbGUubWFwcy5wbGFjZXMudjEuUGxhY2VzLkdldFBsYWNlEAIYBCAA,"367 Mentmore Terrace, London E8 3RT, UK",,Greater London,England,United Kingdom,GB,E8 3RT,51.5388386,-0.0580766,meal_takeaway,"meal_takeaway, shipping_service, service, restaurant, food, point_of_interest, establishment",OPERATIONAL,4.8,773.0,PRICE_LEVEL_INEXPENSIVE,RESOLVED_FROM_URL
BLAS,,https://www.google.com/maps/place/BLAS/data=!4m2!3m1!1s0x48761d1b2a76014d:0xef588dd6c8a1d79e,,,Wanna go,wanna_go,ChIJTQF2KhsddkgRntehyNaNWO8,BLAS,https://maps.google.com/?cid=17246690726643881886&g_mp=CiVnb29nbGUubWFwcy5wbGFjZXMudjEuUGxhY2VzLkdldFBsYWNlEAIYBCAA,"Shore Pl, Victoria Park, London E9 7HN, UK",,Greater London,England,United Kingdom,GB,E9 7HN,51.535157899999994,-0.0484975,coffee_shop,"coffee_shop, cafe, food_store, store, food, point_of_interest, establishment",OPERATIONAL,4.8,153.0,PRICE_LEVEL_INEXPENSIVE,RESOLVED_FROM_URL
Shri Sanatan Hindu Mandir,,https://www.google.com/maps/place/Shri+Sanatan+Hindu+Mandir/data=!4m2!3m1!1s0x4876123baad46731:0xf8640a3aea0c7a77,,,Wanna go,wanna_go,ChIJMWfUqjsSdkgRd3oM6joKZPg,Shri Sanatan Hindu Mandir,https://maps.google.com/?cid=17898442067228260983&g_mp=CiVnb29nbGUubWFwcy5wbGFjZXMudjEuUGxhY2VzLkdldFBsYWNlEAIYBCAA,"Ealing Rd, Wembley HA0 4TA, UK",,Greater London,England,United Kingdom,GB,HA0 4TA,51.5434956,-0.2981829,hindu_temple,"hindu_temple, place_of_worship, association_or_organization, point_of_interest, establishment",OPERATIONAL,4.8,2544.0,,RESOLVED_FROM_URL
Sushi Like by Kintan,,https://www.google.com/maps/place/Sushi+Like+by+Kintan/data=!4m2!3m1!1s0x48761b3356ba1711:0x55497c134fcdf9bf,,,Wanna go,wanna_go,ChIJERe6VjMbdkgRv_nNTxN8SVU,Sushi Like by Kintan,https://maps.google.com/?cid=6145579588908874175&g_mp=CiVnb29nbGUubWFwcy5wbGFjZXMudjEuUGxhY2VzLkdldFBsYWNlEAIYBCAA,"21 Great Castle St, London W1G 0HY, UK",,Greater London,England,United Kingdom,GB,W1G 0HY,51.51591330000001,-0.1426613,restaurant,"restaurant, sushi_restaurant, japanese_restaurant, food, point_of_interest, establishment",OPERATIONAL,4.5,226.0,PRICE_LEVEL_MODERATE,RESOLVED_FROM_URL
Horniman Museum and Gardens,,https://www.google.com/maps/place/Horniman+Museum+and+Gardens/data=!4m2!3m1!1s0x487603dac9203c4b:0x125c068455d7d99d,,,Wanna go,wanna_go,ChIJSzwgydoDdkgRndnXVYQGXBI,Horniman Museum and Gardens,https://maps.google.com/?cid=1322939555985742237&g_mp=CiVnb29nbGUubWFwcy5wbGFjZXMudjEuUGxhY2VzLkdldFBsYWNlEAIYBCAA,"100 London Rd, London SE23 3PQ, UK",,Greater London,England,United Kingdom,GB,SE23 3PQ,51.4419283,-0.0619967,museum,"museum, tourist_attraction, aquarium, park, point_of_interest, establishment",OPERATIONAL,4.6,9651.0,,RESOLVED_FROM_URL
Mayfield Lavender Glasshouse Cafe and Gift & Plant Shop,,https://www.google.com/maps/place/Mayfield+Lavender+Glasshouse+Cafe+and+Gift+%26+Plant+Shop/data=!4m2!3m1!1s0x4875e261d6e40c81:0xe7a262aadbecb58a,,,Wanna go,wanna_go,ChIJgQzk1mHidUgRirXs26piouc,Mayfield Lavender Glasshouse Cafe and Gift & Plant Shop,https://maps.google.com/?cid=16691011654962165130&g_mp=CiVnb29nbGUubWFwcy5wbGFjZXMudjEuUGxhY2VzLkdldFBsYWNlEAIYBCAA,"139 Reigate Rd, Epsom KT17 3DW, UK",,Surrey,England,United Kingdom,GB,KT17 3DW,51.328724199999996,-0.23421609999999998,cafe,"cafe, amphitheatre, gift_shop, performing_arts_theater, event_venue, food_store, store, wholesaler, food, point_of_interest, service, establishment",OPERATIONAL,4.3,312.0,PRICE_LEVEL_MODERATE,RESOLVED_FROM_URL
Keats House,,https://www.google.com/maps/place/Keats+House/data=!4m2!3m1!1s0x48761a8a5daaf399:0xd36957cbb0b6ec03,,,Wanna go,wanna_go,ChIJmfOqXYoadkgRA-y2sMtXadM,Keats House,https://maps.google.com/?cid=15233803746912168963&g_mp=CiVnb29nbGUubWFwcy5wbGFjZXMudjEuUGxhY2VzLkdldFBsYWNlEAIYBCAA,"10 Keats Grove, London NW3 2RR, UK",,Greater London,England,United Kingdom,GB,NW3 2RR,51.5555944,-0.1680064,museum,"tourist_attraction, museum, event_venue, point_of_interest, establishment",OPERATIONAL,4.6,463.0,,RESOLVED_FROM_URL
Dulwich Picture Gallery,,https://www.google.com/maps/place/Dulwich+Picture+Gallery/data=!4m2!3m1!1s0x487603f15d5df813:0x62cec4dab72fd6d3,,,Wanna go,wanna_go,ChIJE_hdXfEDdkgR09Yvt9rEzmI,Dulwich Picture Gallery,https://maps.google.com/?cid=7119844504574613203&g_mp=CiVnb29nbGUubWFwcy5wbGFjZXMudjEuUGxhY2VzLkdldFBsYWNlEAIYBCAA,"London SE21 7AD, UK",,Greater London,England,United Kingdom,GB,SE21 7AD,51.4460622,-0.0863289,art_gallery,"art_gallery, garden, cafe, live_music_venue, gift_shop, tourist_attraction, wedding_venue, art_museum, event_venue, museum, educational_institution, service, store, point_of_interest, food, establishment",OPERATIONAL,4.5,669.0,,RESOLVED_FROM_URL
Syon Park,,https://www.google.com/maps/place/Syon+Park/data=!4m2!3m1!1s0x48760db17067db8d:0xabd8bb3beb501c71,,,Wanna go,wanna_go,ChIJjdtncLENdkgRcRxQ6zu72Ks,Syon Park,https://maps.google.com/?cid=12382853041480539249&g_mp=CiVnb29nbGUubWFwcy5wbGFjZXMudjEuUGxhY2VzLkdldFBsYWNlEAIYBCAA,"Brent Lea, Brentford TW8 8JF, UK",,Greater London,England,United Kingdom,GB,TW8 8JF,51.4772307,-0.3140094,park,"park, castle, tourist_attraction, historical_place, point_of_interest, establishment",OPERATIONAL,4.5,4607.0,,RESOLVED_FROM_URL
Trinity Laban Dance Faculty,,https://www.google.com/maps/place/Trinity+Laban+Dance+Faculty/data=!4m2!3m1!1s0x4876028c37e85d63:0x3199d400fb9ea0cb,,,Wanna go,wanna_go,ChIJY13oN4wCdkgRy6Ce-wDUmTE,Trinity Laban Dance Faculty,https://maps.google.com/?cid=3574120879981764811&g_mp=CiVnb29nbGUubWFwcy5wbGFjZXMudjEuUGxhY2VzLkdldFBsYWNlEAIYBCAA,"London SE8 3FB, UK",,Greater London,England,United Kingdom,GB,SE8 3FB,51.4802654,-0.018989799999999998,sports_school,"sports_school, point_of_interest, establishment",OPERATIONAL,4.6,32.0,,RESOLVED_FROM_URL
The Mayflower Pub,,https://www.google.com/maps/place/The+Mayflower+Pub/data=!4m2!3m1!1s0x48760324328c71a3:0xcb470bee32fa422c,,,Wanna go,wanna_go,ChIJo3GMMiQDdkgRLEL6Mu4LR8s,The Mayflower,https://maps.google.com/?cid=14647689430731211308&g_mp=CiVnb29nbGUubWFwcy5wbGFjZXMudjEuUGxhY2VzLkdldFBsYWNlEAIYBCAA,"117 Rotherhithe St, London SE16 4NF, UK",,Greater London,England,United Kingdom,GB,SE16 4NF,51.5018403,-0.0536173,pub,"pub, gastropub, bar, restaurant, food, point_of_interest, establishment",OPERATIONAL,4.7,5790.0,PRICE_LEVEL_MODERATE,RESOLVED_FROM_URL
Taca Tacos Peckham,,https://www.google.com/maps/place/Taca+Tacos+Peckham/data=!4m2!3m1!1s0x487603776246ae7b:0xc0f6cebf9110c8a6,,,Wanna go,wanna_go,ChIJe65GYncDdkgRpsgQkb_O9sA,Taca Tacos Peckham,https://maps.google.com/?cid=13904528221720856742&g_mp=CiVnb29nbGUubWFwcy5wbGFjZXMudjEuUGxhY2VzLkdldFBsYWNlEAIYBCAA,"200 Rye Ln, London SE15 4NF, UK",,Greater London,England,United Kingdom,GB,SE15 4NF,51.4668998,-0.066195,taco_restaurant,"taco_restaurant, restaurant, food, point_of_interest, establishment",OPERATIONAL,4.7,203.0,PRICE_LEVEL_MODERATE,RESOLVED_FROM_URL
Guacamoles,,https://www.google.com/maps/place/Guacamoles/data=!4m2!3m1!1s0x4876030033a8938b:0xd4b6293add99e6df,,,Wanna go,wanna_go,ChIJi5OoMwADdkgR3-aZ3TopttQ,Guacamoles,https://maps.google.com/?cid=15327483714604754655&g_mp=CiVnb29nbGUubWFwcy5wbGFjZXMudjEuUGxhY2VzLkdldFBsYWNlEAIYBCAA,"48 Rye Ln, London SE15 5BY, UK",,Greater London,England,United Kingdom,GB,SE15 5BY,51.4711788,-0.07018869999999999,mexican_restaurant,"mexican_restaurant, taco_restaurant, restaurant, food, point_of_interest, establishment",OPERATIONAL,4.7,777.0,PRICE_LEVEL_INEXPENSIVE,RESOLVED_FROM_URL
Ruth's,,https://www.google.com/maps/place/Ruth's/data=!4m2!3m1!1s0x48760f4b21d81b3f:0xffdd4571def7a783,,,Wanna go,wanna_go,ChIJPxvYIUsPdkgRg6f33nFF3f8,Ruth's,https://maps.google.com/?cid=18436968804899071875&g_mp=CiVnb29nbGUubWFwcy5wbGFjZXMudjEuUGxhY2VzLkdldFBsYWNlEAIYBCAA,"94 Lower Richmond Rd., London SW15 1LL, UK",,Greater London,England,United Kingdom,GB,SW15 1LL,51.4679301,-0.2217835,restaurant,"restaurant, food, point_of_interest, establishment",OPERATIONAL,4.7,117.0,PRICE_LEVEL_EXPENSIVE,RESOLVED_FROM_URL
Buddy's Deli,,https://www.google.com/maps/place/Buddy's+Deli/data=!4m2!3m1!1s0x487605b14bb5cbf1:0xee19035cf212af34,,,Wanna go,wanna_go,ChIJ8cu1S7EFdkgRNK8S8lwDGe4,Buddy's Deli,https://maps.google.com/?cid=17156747953177800500&g_mp=CiVnb29nbGUubWFwcy5wbGFjZXMudjEuUGxhY2VzLkdldFBsYWNlEAIYBCAA,"1 The Polygon, London SW4 0JG, UK",,Greater London,England,United Kingdom,GB,SW4 0JG,51.463730600000005,-0.1412332,sandwich_shop,"sandwich_shop, restaurant, point_of_interest, food, establishment",OPERATIONAL,4.6,120.0,PRICE_LEVEL_INEXPENSIVE,RESOLVED_FROM_URL
Nagare Bankside,,https://www.google.com/maps/place/Nagare+Bankside/data=!4m2!3m1!1s0x487605e3759090b5:0xdb74c58be622c1af,,,Wanna go,wanna_go,ChIJtZCQdeMFdkgRr8Ei5ovFdNs,Nagare Bankside,https://maps.google.com/?cid=15813481396256817583&g_mp=CiVnb29nbGUubWFwcy5wbGFjZXMudjEuUGxhY2VzLkdldFBsYWNlEAIYBCAA,"Unit A, Eastern Building, 2 Triptych Pl, London SE1 9RD, UK",,Greater London,England,United Kingdom,GB,SE1 9RD,51.507067299999996,-0.09727079999999999,cafe,"cafe, food, point_of_interest, establishment",OPERATIONAL,4.4,349.0,PRICE_LEVEL_MODERATE,RESOLVED_FROM_URL
Spring Street Pizza,,https://www.google.com/maps/place/Spring+Street+Pizza/data=!4m2!3m1!1s0x487604a1bf2435bf:0xf2b5ffca3d6832f8,,,Wanna go,wanna_go,ChIJvzUkv6EEdkgR-DJoPcr_tfI,Spring Street Pizza,https://maps.google.com/?cid=17489165972041904888&g_mp=CiVnb29nbGUubWFwcy5wbGFjZXMudjEuUGxhY2VzLkdldFBsYWNlEAIYBCAA,"Arch 32, Southwark Quarter, Southwark St, London SE1 1TE, UK",,Greater London,England,United Kingdom,GB,SE1 1TE,51.504430899999996,-0.0947419,pizza_restaurant,"pizza_restaurant, restaurant, food, point_of_interest, establishment",OPERATIONAL,4.8,866.0,PRICE_LEVEL_MODERATE,RESOLVED_FROM_URL
Lina Stores South Kensington - Italian Restaurant,,https://www.google.com/maps/place/Lina+Stores+South+Kensington+-+Italian+Restaurant/data=!4m2!3m1!1s0x4876053547108e11:0xc2a1c3d7a2be6458,,,Wanna go,wanna_go,ChIJEY4QRzUFdkgRWGS-otfDocI,Lina Stores South Kensington - Italian Restaurant,https://maps.google.com/?cid=14024706045524206680&g_mp=CiVnb29nbGUubWFwcy5wbGFjZXMudjEuUGxhY2VzLkdldFBsYWNlEAIYBCAA,"15 Exhibition Rd, South Kensington, London SW7 2HE, UK",South Kensington,Greater London,England,United Kingdom,GB,SW7 2HE,51.4950126,-0.1736579,italian_restaurant,"italian_restaurant, restaurant, food, point_of_interest, establishment",OPERATIONAL,4.6,1634.0,PRICE_LEVEL_MODERATE,RESOLVED_FROM_URL
Mali Vegan Thai,,https://www.google.com/maps/place/Mali+Vegan+Thai/data=!4m2!3m1!1s0x48760f481de12335:0xfdbfd5936603b642,,,Wanna go,wanna_go,ChIJNSPhHUgPdkgRQrYDZpPVv_0,Mali Vegan Thai,https://maps.google.com/?cid=18284567841195931202&g_mp=CiVnb29nbGUubWFwcy5wbGFjZXMudjEuUGxhY2VzLkdldFBsYWNlEAIYBCAA,"5a Hogarth Pl, London SW5 0QT, UK",,Greater London,England,United Kingdom,GB,SW5 0QT,51.49271340000001,-0.19294799999999998,vegan_restaurant,"vegan_restaurant, thai_restaurant, vegetarian_restaurant, restaurant, food, point_of_interest, establishment",OPERATIONAL,4.8,1348.0,PRICE_LEVEL_MODERATE,RESOLVED_FROM_URL
The Lavery,,https://www.google.com/maps/place/The+Lavery/data=!4m2!3m1!1s0x48760542c01de325:0x4a7a5a20e5a63d91,,,Wanna go,wanna_go,ChIJJeMdwEIFdkgRkT2m5SBaeko,The Lavery,https://maps.google.com/?cid=5366701003303697809&g_mp=CiVnb29nbGUubWFwcy5wbGFjZXMudjEuUGxhY2VzLkdldFBsYWNlEAIYBCAA,"First Floor, 4 Cromwell Pl, South Kensington, London SW7 2JE, UK",South Kensington,Greater London,England,United Kingdom,GB,SW7 2JE,51.4950887,-0.1746188,restaurant,"restaurant, cafe, bar, event_venue, food, point_of_interest, establishment",OPERATIONAL,4.8,103.0,,RESOLVED_FROM_URL
MARTINO'S,,https://www.google.com/maps/place/MARTINO'S/data=!4m2!3m1!1s0x487605007ffe0955:0x1981d7b3f3c1a0d2,,,Wanna go,wanna_go,ChIJVQn-fwAFdkgR0qDB87PXgRk,MARTINO'S,https://maps.google.com/?cid=1837987290832543954&g_mp=CiVnb29nbGUubWFwcy5wbGFjZXMudjEuUGxhY2VzLkdldFBsYWNlEAIYBCAA,"37 Sloane Square, London SW1W 8AN, UK",,Greater London,England,United Kingdom,GB,SW1W 8AN,51.4922632,-0.15692219999999998,restaurant,"restaurant, food, point_of_interest, establishment",OPERATIONAL,4.0,254.0,,RESOLVED_FROM_URL
Noble Rot Lamb's Conduit,,https://www.google.com/maps/place/Noble+Rot+Lamb's+Conduit/data=!4m2!3m1!1s0x48761b3639311de7:0x42b87c4b16c9a6ae,,,Wanna go,wanna_go,ChIJ5x0xOTYbdkgRrqbJFkt8uEI,Noble Rot Lamb's Conduit,https://maps.google.com/?cid=4807729264164710062&g_mp=CiVnb29nbGUubWFwcy5wbGFjZXMudjEuUGxhY2VzLkdldFBsYWNlEAIYBCAA,"51 Lamb's Conduit St, London WC1N 3NB, UK",,Greater London,England,United Kingdom,GB,WC1N 3NB,51.5218778,-0.11869749999999998,wine_bar,"wine_bar, bar, restaurant, food, point_of_interest, establishment",OPERATIONAL,4.6,1269.0,,RESOLVED_FROM_URL
Elystan Street,,https://www.google.com/maps/place/Elystan+Street/data=!4m2!3m1!1s0x4876056a53fd81c9:0x201ee6e22668bf0a,,,Wanna go,wanna_go,ChIJyYH9U2oFdkgRCr9oJuLmHiA,Elystan Street,https://maps.google.com/?cid=2314541117496409866&g_mp=CiVnb29nbGUubWFwcy5wbGFjZXMudjEuUGxhY2VzLkdldFBsYWNlEAIYBCAA,"43 Elystan St, London SW3 3NT, UK",,Greater London,England,United Kingdom,GB,SW3 3NT,51.4915801,-0.16771609999999998,restaurant,"fine_dining_restaurant, restaurant, food, point_of_interest, establishment",OPERATIONAL,4.6,677.0,PRICE_LEVEL_VERY_EXPENSIVE,RESOLVED_FROM_URL
Cafe Kick,,https://www.google.com/maps/place/Cafe+Kick/data=!4m2!3m1!1s0x48761b4584eea71f:0x687755e70e00a56f,,,Wanna go,wanna_go,ChIJH6fuhEUbdkgRb6UADudVd2g,Cafe Kick,https://maps.google.com/?cid=7527579753033803119&g_mp=CiVnb29nbGUubWFwcy5wbGFjZXMudjEuUGxhY2VzLkdldFBsYWNlEAIYBCAA,"43 Exmouth Market, London EC1R 4QL, UK",,Greater London,England,United Kingdom,GB,EC1R 4QL,51.5260556,-0.10905559999999999,cafe,"cafe, bar, restaurant, point_of_interest, food, establishment",OPERATIONAL,4.4,829.0,PRICE_LEVEL_MODERATE,RESOLVED_FROM_URL
Lower Wine Bar & Bottleshop,,https://www.google.com/maps/place/Lower+Wine+Bar+%26+Bottleshop/data=!4m2!3m1!1s0x487605005dabc61d:0xb00ce7855dc3f85b,,,Wanna go,wanna_go,ChIJHcarXQAFdkgRW_jDXYXnDLA,Lower Wine Bar & Bottleshop,https://maps.google.com/?cid=12685768810385635419&g_mp=CiVnb29nbGUubWFwcy5wbGFjZXMudjEuUGxhY2VzLkdldFBsYWNlEAIYBCAA,"19 Lower Marsh, London SE1 7RJ, UK",,Greater London,England,United Kingdom,GB,SE1 7RJ,51.5006171,-0.11300949999999998,wine_bar,"wine_bar, liquor_store, bar, store, food, point_of_interest, establishment",OPERATIONAL,4.9,135.0,PRICE_LEVEL_MODERATE,RESOLVED_FROM_URL
Planque,,https://www.google.com/maps/place/Planque/data=!4m2!3m1!1s0x48761df01fe52547:0x70b61bf96f8fefb1,,,Wanna go,wanna_go,ChIJRyXlH_AddkgRse-Pb_kbtnA,Planque,https://maps.google.com/?cid=8121709736141778865&g_mp=CiVnb29nbGUubWFwcy5wbGFjZXMudjEuUGxhY2VzLkdldFBsYWNlEAIYBCAA,"322-324 Acton Mews, London E8 4EA, UK",,Greater London,England,United Kingdom,GB,E8 4EA,51.5383741,-0.0758184,french_restaurant,"french_restaurant, restaurant, point_of_interest, food, establishment",OPERATIONAL,4.4,454.0,PRICE_LEVEL_VERY_EXPENSIVE,RESOLVED_FROM_URL
FORNO ragged cafe',,https://www.google.com/maps/place/FORNO+ragged+cafe'/data=!4m2!3m1!1s0x48761d0015343f2d:0xb90e2c30e0a744a2,,,Wanna go,wanna_go,ChIJLT80FQAddkgRokSn4DAsDrk,FORNO ragged cafe',https://maps.google.com/?cid=13334644135129728162&g_mp=CiVnb29nbGUubWFwcy5wbGFjZXMudjEuUGxhY2VzLkdldFBsYWNlEAIYBCAA,"46-50 Copperfield Rd, canal side, London E3 4RR, UK",canal side,Greater London,England,United Kingdom,GB,E3 4RR,51.518718199999995,-0.0356581,cafe,"cafe, food, point_of_interest, establishment",OPERATIONAL,4.1,100.0,PRICE_LEVEL_INEXPENSIVE,RESOLVED_FROM_URL
E5 Bakehouse,,https://www.google.com/maps/place/E5+Bakehouse/data=!4m2!3m1!1s0x48761ce60e6c44b3:0x7ef706a32cafd966,,,Wanna go,wanna_go,ChIJs0RsDuYcdkgRZtmvLKMG934,E5 Bakehouse,https://maps.google.com/?cid=9148788465925609830&g_mp=CiVnb29nbGUubWFwcy5wbGFjZXMudjEuUGxhY2VzLkdldFBsYWNlEAIYBCAA,"396 Mentmore Terrace, London E8 3PH, UK",,Greater London,England,United Kingdom,GB,E8 3PH,51.5411855,-0.0577198,bakery,"bakery, food_store, store, food, point_of_interest, establishment",OPERATIONAL,4.4,1720.0,PRICE_LEVEL_MODERATE,RESOLVED_FROM_URL
The Hawthorn,,https://www.google.com/maps/place/The+Hawthorn/data=!4m2!3m1!1s0x48760e2dade9c4b3:0x55eb105ab0529beb,,,Wanna go,wanna_go,ChIJs8TprS0OdkgR65tSsFoQ61U,The Hawthorn,https://maps.google.com/?cid=6191060094442183659&g_mp=CiVnb29nbGUubWFwcy5wbGFjZXMudjEuUGxhY2VzLkdldFBsYWNlEAIYBCAA,"434 Uxbridge Rd, London W12 0NS, UK",,Greater London,England,United Kingdom,GB,W12 0NS,51.5066378,-0.2386578,pub,"pub, bar, point_of_interest, establishment",OPERATIONAL,4.4,441.0,PRICE_LEVEL_MODERATE,RESOLVED_FROM_URL
Dalston Jazz Bar,,https://www.google.com/maps/place/Dalston+Jazz+Bar/data=!4m2!3m1!1s0x48761c8dd7c2fe1f:0xf0517c36fecc7844,,,Wanna go,wanna_go,ChIJH_7C140cdkgRRHjM_jZ8UfA,Dalston Jazz Bar,https://maps.google.com/?cid=17316758617861158980&g_mp=CiVnb29nbGUubWFwcy5wbGFjZXMudjEuUGxhY2VzLkdldFBsYWNlEAIYBCAA,"4 Bradbury St, London N16 8JN, UK",,Greater London,England,United Kingdom,GB,N16 8JN,51.5486742,-0.0760634,night_club,"night_club, bar, restaurant, food, point_of_interest, establishment",OPERATIONAL,4.0,615.0,PRICE_LEVEL_MODERATE,RESOLVED_FROM_URL
Nagare Coffee,,https://www.google.com/maps/place/Nagare+Coffee/data=!4m2!3m1!1s0x48761df6d7cf5921:0xcc99556112934e11,,,Wanna go,wanna_go,ChIJIVnP1_YddkgREU6TEmFVmcw,Nagare Coffee,https://maps.google.com/?cid=14742908730585861649&g_mp=CiVnb29nbGUubWFwcy5wbGFjZXMudjEuUGxhY2VzLkdldFBsYWNlEAIYBCAA,"Ground Floor, 40 Brushfield St, London E1 6AG, UK",,Greater London,England,United Kingdom,GB,E1 6AG,51.51894550000001,-0.0769362,coffee_shop,"coffee_shop, cafe, food_store, food, store, point_of_interest, establishment",OPERATIONAL,4.7,717.0,PRICE_LEVEL_INEXPENSIVE,RESOLVED_FROM_URL
moko made cafe,,https://www.google.com/maps/place/moko+made+cafe/data=!4m2!3m1!1s0x48761cbdcc2f5167:0xbc791f078323c99,,,Wanna go,wanna_go,ChIJZ1EvzL0cdkgRmTwyePCRxws,moko made cafe,https://maps.google.com/?cid=848807516777364633&g_mp=CiVnb29nbGUubWFwcy5wbGFjZXMudjEuUGxhY2VzLkdldFBsYWNlEAIYBCAA,"211 Kingsland Rd, London E2 8AN, UK",,Greater London,England,United Kingdom,GB,E2 8AN,51.5336891,-0.0773195,cafe,"cafe, coffee_shop, food_store, store, food, point_of_interest, establishment",OPERATIONAL,4.6,543.0,PRICE_LEVEL_MODERATE,RESOLVED_FROM_URL
Abuelo,,https://www.google.com/maps/place/Abuelo/data=!4m2!3m1!1s0x48761b9627dd82fb:0x58ffb5af26f460a9,,,Wanna go,wanna_go,ChIJ-4LdJ5YbdkgRqWD0Jq-1_1g,Abuelo,https://maps.google.com/?cid=6413044158276329641&g_mp=CiVnb29nbGUubWFwcy5wbGFjZXMudjEuUGxhY2VzLkdldFBsYWNlEAIYBCAA,"7-11 Cavendish Pl, London W1G 0QD, UK",,Greater London,England,United Kingdom,GB,W1G 0QD,51.5171108,-0.1435053,cafe,"cafe, restaurant, food, point_of_interest, establishment",OPERATIONAL,4.0,528.0,PRICE_LEVEL_MODERATE,RESOLVED_FROM_URL
Regency Cafe,,https://www.google.com/maps/place/Regency+Cafe/data=!4m2!3m1!1s0x487604dd8061aee7:0x9fb87b86a09b1332,,,Wanna go,wanna_go,ChIJ565hgN0EdkgRMhOboIZ7uJ8,Regency Cafe,https://maps.google.com/?cid=11509084665895654194&g_mp=CiVnb29nbGUubWFwcy5wbGFjZXMudjEuUGxhY2VzLkdldFBsYWNlEAIYBCAA,"17-19 Regency St, London SW1P 4BY, UK",,Greater London,England,United Kingdom,GB,SW1P 4BY,51.4939968,-0.1321833,cafe,"cafe, breakfast_restaurant, meal_takeaway, hamburger_restaurant, american_restaurant, restaurant, point_of_interest, food, establishment",OPERATIONAL,4.7,5018.0,PRICE_LEVEL_INEXPENSIVE,RESOLVED_FROM_URL
Burnt,,https://www.google.com/maps/place/Burnt/data=!4m2!3m1!1s0x48760f9a309e94d3:0x188e069bf171b19,,,Wanna go,wanna_go,ChIJ05SeMJoPdkgRGRsXv2ngiAE,Burnt,https://maps.google.com/?cid=110584935652727577&g_mp=CiVnb29nbGUubWFwcy5wbGFjZXMudjEuUGxhY2VzLkdldFBsYWNlEAIYBCAA,"163 Askew Rd, London W12 9AU, UK",,Greater London,England,United Kingdom,GB,W12 9AU,51.5018907,-0.2416305,restaurant,"restaurant, cafe, food, point_of_interest, establishment",OPERATIONAL,4.6,299.0,PRICE_LEVEL_MODERATE,RESOLVED_FROM_URL
26 Grains,,https://www.google.com/maps/place/26+Grains/data=!4m2!3m1!1s0x487604cd2992f92d:0xc4ca6b8d23731010,,,Wanna go,wanna_go,ChIJLfmSKc0EdkgREBBzI41rysQ,26 Grains,https://maps.google.com/?cid=14180264630658732048&g_mp=CiVnb29nbGUubWFwcy5wbGFjZXMudjEuUGxhY2VzLkdldFBsYWNlEAIYBCAA,"1 Neal's Yard, London WC2H 9DP, UK",,Greater London,England,United Kingdom,GB,WC2H 9DP,51.5143846,-0.1262916,breakfast_restaurant,"breakfast_restaurant, restaurant, food, point_of_interest, establishment",OPERATIONAL,4.3,1452.0,PRICE_LEVEL_MODERATE,RESOLVED_FROM_URL
Mr Fogg's Tavern,,https://www.google.com/maps/place/Mr+Fogg's+Tavern/data=!4m2!3m1!1s0x487604cdb7dffb37:0x269b4fa6aab89592,,,Wanna go,wanna_go,ChIJN_vft80EdkgRkpW4qqZPmyY,Mr Fogg's Tavern,https://maps.google.com/?cid=2781904772078802322&g_mp=CiVnb29nbGUubWFwcy5wbGFjZXMudjEuUGxhY2VzLkdldFBsYWNlEAIYBCAA,"58 St Martin's Ln, London WC2N 4EA, UK",,Greater London,England,United Kingdom,GB,WC2N 4EA,51.511,-0.126887,bar,"bar, cocktail_bar, pub, event_venue, british_restaurant, restaurant, food, point_of_interest, establishment",OPERATIONAL,4.5,3969.0,PRICE_LEVEL_MODERATE,RESOLVED_FROM_URL
Below Stone Nest,,https://www.google.com/maps/place/Below+Stone+Nest/data=!4m2!3m1!1s0x487604d282b0a0d5:0x683c8a0922fb01d4,,,Wanna go,wanna_go,ChIJ1aCwgtIEdkgR1AH7IgmKPGg,Below Stone Nest,https://maps.google.com/?cid=7511030050393358804&g_mp=CiVnb29nbGUubWFwcy5wbGFjZXMudjEuUGxhY2VzLkdldFBsYWNlEAIYBCAA,"Chinatown, 136 Shaftesbury Ave, London W1D 5EZ, UK",,Greater London,England,United Kingdom,GB,W1D 5EZ,51.5129552,-0.12932069999999998,bar,"bar, point_of_interest, establishment",OPERATIONAL,4.3,206.0,PRICE_LEVEL_MODERATE,RESOLVED_FROM_URL
The Locale,,https://www.google.com/maps/place/The+Locale/data=!4m2!3m1!1s0x488845883adc4099:0x736b2925b3c61561,,,Wanna go,wanna_go,ChIJmUDcOohFiEgRYRXGsyUpa3M,The Locale,https://maps.google.com/?cid=8316786378776384865&g_mp=CiVnb29nbGUubWFwcy5wbGFjZXMudjEuUGxhY2VzLkdldFBsYWNlEAIYBCAA,"241 North St, Glasgow G3 7DL, UK",,Glasgow City,Scotland,United Kingdom,GB,G3 7DL,55.8660031,-4.272012699999999,pub,"pub, bar, point_of_interest, establishment",OPERATIONAL,4.5,537.0,PRICE_LEVEL_MODERATE,RESOLVED_FROM_URL
Rico’s,,https://www.google.com/maps/place/Rico%E2%80%99s/data=!4m2!3m1!1s0x4888450052327fcf:0x6e6ea445ccf28b72,,,Wanna go,wanna_go,ChIJz38yUgBFiEgRcovyzEWkbm4,Rico’s,https://maps.google.com/?cid=7957478211308391282&g_mp=CiVnb29nbGUubWFwcy5wbGFjZXMudjEuUGxhY2VzLkdldFBsYWNlEAIYBCAA,"713 Great Western Rd, Glasgow G12 8QX, UK",,Glasgow City,Scotland,United Kingdom,GB,G12 8QX,55.877353299999996,-4.2888028,sandwich_shop,"sandwich_shop, restaurant, food, point_of_interest, establishment",CLOSED_PERMANENTLY,4.6,9.0,PRICE_LEVEL_INEXPENSIVE,RESOLVED_FROM_URL
GaGa kitchen + bar,,https://www.google.com/maps/place/GaGa+kitchen+%2B+bar/data=!4m2!3m1!1s0x4888459893c71ae9:0xa205cd7f0a71b578,,,Wanna go,wanna_go,ChIJ6RrHk5hFiEgReLVxCn_NBaI,GaGa kitchen + bar,https://maps.google.com/?cid=11674963554547643768&g_mp=CiVnb29nbGUubWFwcy5wbGFjZXMudjEuUGxhY2VzLkdldFBsYWNlEAIYBCAA,"566 Dumbarton Rd, Glasgow G11 6RH, UK",,Glasgow City,Scotland,United Kingdom,GB,G11 6RH,55.8708533,-4.315500800000001,restaurant,"restaurant, food, point_of_interest, establishment",OPERATIONAL,4.5,415.0,PRICE_LEVEL_MODERATE,RESOLVED_FROM_URL
Margo,,https://www.google.com/maps/place/Margo/data=!4m2!3m1!1s0x488847e68a7bd453:0xffbea722d45009f4,,,Wanna go,wanna_go,ChIJU9R7iuZHiEgR9AlQ1CKnvv8,Margo,https://maps.google.com/?cid=18428350493279390196&g_mp=CiVnb29nbGUubWFwcy5wbGFjZXMudjEuUGxhY2VzLkdldFBsYWNlEAIYBCAA,"68 Miller St, Glasgow G1 1DT, UK",,Glasgow City,Scotland,United Kingdom,GB,G1 1DT,55.8592352,-4.2507941,restaurant,"restaurant, food, point_of_interest, establishment",OPERATIONAL,4.8,566.0,PRICE_LEVEL_EXPENSIVE,RESOLVED_FROM_URL
Cadet,,https://www.google.com/maps/place/Cadet/data=!4m2!3m1!1s0x48761d7738db04e9:0x65fa98bf10e73b9f,,,Wanna go,wanna_go,ChIJ6QTbOHcddkgRnzvnEL-Y-mU,Cadet,https://maps.google.com/?cid=7348353688398150559&g_mp=CiVnb29nbGUubWFwcy5wbGFjZXMudjEuUGxhY2VzLkdldFBsYWNlEAIYBCAA,"57 Newington Grn, Newington Green, London N16 9PX, UK",Newington Green,Greater London,England,United Kingdom,GB,N16 9PX,51.551339899999995,-0.08604479999999999,restaurant,"restaurant, wine_bar, liquor_store, bar, store, point_of_interest, food, establishment",OPERATIONAL,4.2,171.0,PRICE_LEVEL_MODERATE,RESOLVED_FROM_URL
Bonne Route,,https://www.google.com/maps/place/Bonne+Route/data=!4m2!3m1!1s0x48761bd983ebb833:0x566d6e2298575d01,,,Wanna go,wanna_go,ChIJM7jrg9kbdkgRAV1XmCJubVY,Bonne Route,https://maps.google.com/?cid=6227754954587069697&g_mp=CiVnb29nbGUubWFwcy5wbGFjZXMudjEuUGxhY2VzLkdldFBsYWNlEAIYBCAA,"42 Quernmore Rd, Finsbury Park, London N4 4QP, UK",Finsbury Park,Greater London,England,United Kingdom,GB,N4 4QP,51.5774323,-0.1061357,wine_bar,"wine_bar, bar, food, point_of_interest, establishment",OPERATIONAL,4.9,48.0,PRICE_LEVEL_MODERATE,RESOLVED_FROM_URL
Don't Tell Dad,,https://www.google.com/maps/place/Don't+Tell+Dad/data=!4m2!3m1!1s0x487611e36db38033:0xdd6572df32d1d1f6,,,Wanna go,wanna_go,ChIJM4CzbeMRdkgR9tHRMt9yZd0,Don't Tell Dad,https://maps.google.com/?cid=15953283557985735158&g_mp=CiVnb29nbGUubWFwcy5wbGFjZXMudjEuUGxhY2VzLkdldFBsYWNlEAIYBCAA,"10-14 Lonsdale Rd, London NW6 6RD, UK",,Greater London,England,United Kingdom,GB,NW6 6RD,51.5373519,-0.20338699999999998,restaurant,"bakery, food_store, restaurant, food, point_of_interest, store, establishment",OPERATIONAL,4.5,519.0,PRICE_LEVEL_MODERATE,RESOLVED_FROM_URL
Pollini at Ladbroke Hall,,https://www.google.com/maps/place/Pollini+at+Ladbroke+Hall/data=!4m2!3m1!1s0x48761024fb6103ab:0x305178b0eb9d3104,,,Wanna go,wanna_go,ChIJqwNh-yQQdkgRBDGd67B4UTA,Pollini at Ladbroke Hall,https://maps.google.com/?cid=3481696688196628740&g_mp=CiVnb29nbGUubWFwcy5wbGFjZXMudjEuUGxhY2VzLkdldFBsYWNlEAIYBCAA,"79 Barlby Rd, London W10 6AZ, UK",,Greater London,England,United Kingdom,GB,W10 6AZ,51.5232509,-0.2201255,italian_restaurant,"italian_restaurant, garden, performing_arts_theater, event_venue, restaurant, food, point_of_interest, establishment",OPERATIONAL,4.6,270.0,,RESOLVED_FROM_URL
Scotts Richmond,,https://www.google.com/maps/place/Scotts+Richmond/data=!4m2!3m1!1s0x48760d7f995531eb:0xa6a0f1818a05dab9,,,Wanna go,wanna_go,ChIJ6zFVmX8NdkgRudoFioHxoKY,Scotts Richmond,https://maps.google.com/?cid=12006862145238457017&g_mp=CiVnb29nbGUubWFwcy5wbGFjZXMudjEuUGxhY2VzLkdldFBsYWNlEAIYBCAA,"4 Whittaker Ave, Richmond TW9 1EH, UK",,Greater London,England,United Kingdom,GB,TW9 1EH,51.4587015,-0.3076425,restaurant,"restaurant, food, point_of_interest, establishment",OPERATIONAL,4.3,1108.0,PRICE_LEVEL_VERY_EXPENSIVE,RESOLVED_FROM_URL
The Blue Stoops,,https://www.google.com/maps/place/The+Blue+Stoops/data=!4m2!3m1!1s0x48760f0027615b85:0xa51e320ab7355037,,,Wanna go,wanna_go,ChIJhVthJwAPdkgRN1A1twoyHqU,The Blue Stoops,https://maps.google.com/?cid=11898002287164215351&g_mp=CiVnb29nbGUubWFwcy5wbGFjZXMudjEuUGxhY2VzLkdldFBsYWNlEAIYBCAA,"127-129 Kensington Church St, London W8 7LP, UK",,Greater London,England,United Kingdom,GB,W8 7LP,51.5072809,-0.1948477,pub,"pub, bar, point_of_interest, establishment",OPERATIONAL,4.7,323.0,PRICE_LEVEL_MODERATE,RESOLVED_FROM_URL
Prince Arthur,,https://www.google.com/maps/place/Prince+Arthur/data=!4m2!3m1!1s0x48761ca5a64f9c67:0x52393f526b8bdc58,,,Wanna go,wanna_go,ChIJZ5xPpqUcdkgRWNyLa1I_OVI,Prince Arthur,https://maps.google.com/?cid=5924836408006794328&g_mp=CiVnb29nbGUubWFwcy5wbGFjZXMudjEuUGxhY2VzLkdldFBsYWNlEAIYBCAA,"49 Brunswick Pl, London N1 6EB, UK",,Greater London,England,United Kingdom,GB,N1 6EB,51.5274053,-0.085228,pub,"pub, bar, point_of_interest, establishment",OPERATIONAL,4.5,563.0,PRICE_LEVEL_MODERATE,RESOLVED_FROM_URL
Aux Merveilleux de Fred,,https://www.google.com/maps/place/Aux+Merveilleux+de+Fred/data=!4m2!3m1!1s0x4876059644e6a65f:0x62a283845a3ee3d0,,,Wanna go,wanna_go,ChIJX6bmRJYFdkgR0OM-WoSDomI,Aux Merveilleux de Fred,https://maps.google.com/?cid=7107387766417056720&g_mp=CiVnb29nbGUubWFwcy5wbGFjZXMudjEuUGxhY2VzLkdldFBsYWNlEAIYBCAA,"55 Northcote Rd, London SW11 1NP, UK",,Greater London,England,United Kingdom,GB,SW11 1NP,51.459144699999996,-0.16610919999999998,pastry_shop,"pastry_shop, dessert_shop, confectionery, bakery, food_store, store, food, point_of_interest, establishment",OPERATIONAL,4.5,216.0,,RESOLVED_FROM_URL
Parrillan Borough Yards,,https://www.google.com/maps/place/Parrillan+Borough+Yards/data=!4m2!3m1!1s0x4876036466933b4f:0xdaabab13a1249e80,,,Wanna go,wanna_go,ChIJTzuTZmQDdkgRgJ4koROrq9o,Parrillan Borough Yards,https://maps.google.com/?cid=15756875822082072192&g_mp=CiVnb29nbGUubWFwcy5wbGFjZXMudjEuUGxhY2VzLkdldFBsYWNlEAIYBCAA,"4 Dirty Ln, London SE1 9PA, UK",,Greater London,England,United Kingdom,GB,SE1 9PA,51.505721099999995,-0.09194609999999999,spanish_restaurant,"spanish_restaurant, barbecue_restaurant, tapas_restaurant, mediterranean_restaurant, wedding_venue, event_venue, seafood_restaurant, restaurant, food, point_of_interest, service, establishment",OPERATIONAL,4.5,873.0,PRICE_LEVEL_VERY_EXPENSIVE,RESOLVED_FROM_URL
HENRI,,https://www.google.com/maps/place/HENRI/data=!4m2!3m1!1s0x487604cc0cc0584d:0xff2b3ec18c3ebada,,,Wanna go,wanna_go,ChIJTVjADMwEdkgR2ro-jME-K_8,HENRI,https://maps.google.com/?cid=18386858904672713434&g_mp=CiVnb29nbGUubWFwcy5wbGFjZXMudjEuUGxhY2VzLkdldFBsYWNlEAIYBCAA,"14, 15 Henrietta St, London WC2E 8QH, UK",,Greater London,England,United Kingdom,GB,WC2E 8QH,51.5109168,-0.12380110000000001,french_restaurant,"french_restaurant, cocktail_bar, family_restaurant, bar, restaurant, food, point_of_interest, establishment",OPERATIONAL,4.3,885.0,PRICE_LEVEL_EXPENSIVE,RESOLVED_FROM_URL
Josette,,https://www.google.com/maps/place/Josette/data=!4m2!3m1!1s0x48761b4f5b9cd46d:0x2f6f4a1005d9a042,,,Wanna go,wanna_go,ChIJbdScW08bdkgRQqDZBRBKby8,Josette,https://maps.google.com/?cid=3418032074875576386&g_mp=CiVnb29nbGUubWFwcy5wbGFjZXMudjEuUGxhY2VzLkdldFBsYWNlEAIYBCAA,"104, 102 Farringdon Rd, London EC1R 3EA, UK",,Greater London,England,United Kingdom,GB,EC1R 3EA,51.5249581,-0.1101988,french_restaurant,"french_restaurant, restaurant, food, point_of_interest, establishment",OPERATIONAL,4.7,810.0,PRICE_LEVEL_MODERATE,RESOLVED_FROM_URL
Burger and Beyond Shoreditch,,https://www.google.com/maps/place/Burger+and+Beyond+Shoreditch/data=!4m2!3m1!1s0x48761dbed0d2784d:0xdd1ddc46604d29d9,,,Wanna go,wanna_go,ChIJTXjS0L4ddkgR2SlNYEbcHd0,Burger & Beyond - Shoreditch,https://maps.google.com/?cid=15933133251528174041&g_mp=CiVnb29nbGUubWFwcy5wbGFjZXMudjEuUGxhY2VzLkdldFBsYWNlEAIYBCAA,"147 Shoreditch High St, London E1 6JE, UK",,Greater London,England,United Kingdom,GB,E1 6JE,51.5257569,-0.0779636,hamburger_restaurant,"hamburger_restaurant, cocktail_bar, bar, american_restaurant, restaurant, food, point_of_interest, establishment",OPERATIONAL,4.5,2607.0,PRICE_LEVEL_MODERATE,RESOLVED_FROM_URL
Bistro Sablé,,https://www.google.com/maps/place/Bistro+Sabl%C3%A9/data=!4m2!3m1!1s0x48761b63f4b90733:0xa014fb61aa474c69,,,Wanna go,wanna_go,ChIJMwe59GMbdkgRaUxHqmH7FKA,Bistro Sablé,https://maps.google.com/?cid=11535120942489881705&g_mp=CiVnb29nbGUubWFwcy5wbGFjZXMudjEuUGxhY2VzLkdldFBsYWNlEAIYBCAA,"63-69 Canonbury Rd, London N1 2DG, UK",,Greater London,England,United Kingdom,GB,N1 2DG,51.5425008,-0.09970709999999999,bistro,"bistro, restaurant, food, point_of_interest, establishment",OPERATIONAL,4.2,1456.0,PRICE_LEVEL_MODERATE,RESOLVED_FROM_URL
Les 2 Garçons,,https://www.google.com/maps/place/Les+2+Gar%C3%A7ons/data=!4m2!3m1!1s0x48761b5cbaab4905:0x37e84fb6ba7f2113,,,Wanna go,wanna_go,ChIJBUmrulwbdkgREyF_urZP6Dc,Les 2 Garçons,https://maps.google.com/?cid=4028557512914444563&g_mp=CiVnb29nbGUubWFwcy5wbGFjZXMudjEuUGxhY2VzLkdldFBsYWNlEAIYBCAA,"14 Middle Ln, London N8 8PL, UK",,Greater London,England,United Kingdom,GB,N8 8PL,51.5810718,-0.12355830000000001,french_restaurant,"french_restaurant, restaurant, food, point_of_interest, establishment",OPERATIONAL,4.8,408.0,PRICE_LEVEL_EXPENSIVE,RESOLVED_FROM_URL
El Cenote,,https://www.google.com/maps/place/El+Cenote/data=!4m2!3m1!1s0x48761b13f2c3dbdd:0xd2ed5deae422fce3,,,Wanna go,wanna_go,ChIJ3dvD8hMbdkgR4_wi5Opd7dI,El Cenote,https://maps.google.com/?cid=15198907580876520675&g_mp=CiVnb29nbGUubWFwcy5wbGFjZXMudjEuUGxhY2VzLkdldFBsYWNlEAIYBCAA,"2 Inverness St, London NW1 7HJ, UK",,Greater London,England,United Kingdom,GB,NW1 7HJ,51.5397689,-0.1436352,mexican_restaurant,"mexican_restaurant, restaurant, food, point_of_interest, establishment",OPERATIONAL,4.6,511.0,PRICE_LEVEL_MODERATE,RESOLVED_FROM_URL
Proper Tacos,,https://www.google.com/maps/place/Proper+Tacos/data=!4m2!3m1!1s0x48761905f00a5891:0x77c610a00ceb3ff5,,,Wanna go,wanna_go,ChIJkVgK8AUZdkgR9T_rDKAQxnc,Proper Tacos,https://maps.google.com/?cid=8630604015499689973&g_mp=CiVnb29nbGUubWFwcy5wbGFjZXMudjEuUGxhY2VzLkdldFBsYWNlEAIYBCAA,"Unit 6, 22 Seven Sisters Rd, London N7 6AG, UK",,Greater London,England,United Kingdom,GB,N7 6AG,51.5582688,-0.11787539999999999,mexican_restaurant,"mexican_restaurant, restaurant, food, point_of_interest, establishment",OPERATIONAL,4.9,1568.0,PRICE_LEVEL_INEXPENSIVE,RESOLVED_FROM_URL
Mojo - Burritos & Tacos,,https://www.google.com/maps/place/Mojo+-+Burritos+%26+Tacos/data=!4m2!3m1!1s0x4876058d53606845:0x261d66a4f2d5a42c,,,Wanna go,wanna_go,ChIJRWhgU40FdkgRLKTV8qRmHSY,Mojo - Burritos & Tacos,https://maps.google.com/?cid=2746464206400627756&g_mp=CiVnb29nbGUubWFwcy5wbGFjZXMudjEuUGxhY2VzLkdldFBsYWNlEAIYBCAA,"18 Knights Hill, Norwood, London SE27 0HY, UK",Norwood,Greater London,England,United Kingdom,GB,SE27 0HY,51.4326552,-0.10402449999999999,mexican_restaurant,"mexican_restaurant, meal_takeaway, restaurant, food, point_of_interest, establishment",CLOSED_TEMPORARILY,4.6,392.0,PRICE_LEVEL_INEXPENSIVE,RESOLVED_FROM_URL
Zapote,,https://www.google.com/maps/place/Zapote/data=!4m2!3m1!1s0x48761d8adf91731b:0x639bca47cd696a9,,,Wanna go,wanna_go,ChIJG3OR34oddkgRqZbWfKS8OQY,Zapote,https://maps.google.com/?cid=448597052555171497&g_mp=CiVnb29nbGUubWFwcy5wbGFjZXMudjEuUGxhY2VzLkdldFBsYWNlEAIYBCAA,"70 Leonard St, London EC2A 4QX, UK",,Greater London,England,United Kingdom,GB,EC2A 4QX,51.5246047,-0.0832135,mexican_restaurant,"mexican_restaurant, cocktail_bar, bar, restaurant, food, point_of_interest, establishment",OPERATIONAL,4.7,695.0,PRICE_LEVEL_VERY_EXPENSIVE,RESOLVED_FROM_URL
The Alfred Tennyson,,https://www.google.com/maps/place/The+Alfred+Tennyson/data=!4m2!3m1!1s0x4876053b8e4d2837:0x67739209083e63b1,,,Wanna go,wanna_go,ChIJNyhNjjsFdkgRsWM-CAmSc2c,The Alfred Tennyson,https://maps.google.com/?cid=7454462375718970289&g_mp=CiVnb29nbGUubWFwcy5wbGFjZXMudjEuUGxhY2VzLkdldFBsYWNlEAIYBCAA,"10 Motcomb St, London SW1X 8LA, UK",,Greater London,England,United Kingdom,GB,SW1X 8LA,51.4996199,-0.156439,pub,"pub, bar, restaurant, point_of_interest, food, establishment",OPERATIONAL,4.4,1331.0,PRICE_LEVEL_MODERATE,RESOLVED_FROM_URL
Ida,,https://www.google.com/maps/place/Ida/data=!4m2!3m1!1s0x48761015f10487f9:0xce90741afa374eb2,,,Wanna go,wanna_go,ChIJ-YcE8RUQdkgRsk43-hp0kM4,Ida,https://maps.google.com/?cid=14884524427675389618&g_mp=CiVnb29nbGUubWFwcy5wbGFjZXMudjEuUGxhY2VzLkdldFBsYWNlEAIYBCAA,"167 Fifth Ave, London W10 4DT, UK",,Greater London,England,United Kingdom,GB,W10 4DT,51.531833999999996,-0.2110417,italian_restaurant,"italian_restaurant, restaurant, food, point_of_interest, establishment",OPERATIONAL,4.5,602.0,PRICE_LEVEL_MODERATE,RESOLVED_FROM_URL
The Pocket,,https://www.google.com/maps/place/The+Pocket/data=!4m2!3m1!1s0x48761b4922c91247:0xcb10257d5534c779,,,Wanna go,wanna_go,ChIJRxLJIkkbdkgRecc0VX0lEMs,The Pocket,https://maps.google.com/?cid=14632236409557403513&g_mp=CiVnb29nbGUubWFwcy5wbGFjZXMudjEuUGxhY2VzLkdldFBsYWNlEAIYBCAA,"25 Canonbury Ln, London N1 2AS, UK",,Greater London,England,United Kingdom,GB,N1 2AS,51.5431208,-0.1028693,pub,"pub, bar, point_of_interest, establishment",OPERATIONAL,4.8,251.0,PRICE_LEVEL_MODERATE,RESOLVED_FROM_URL
dan's,,https://www.google.com/maps/place/dan's/data=!4m2!3m1!1s0x48761d22f12029a7:0x876f25aa405878a9,,,Wanna go,wanna_go,ChIJpykg8SIddkgRqXhYQKolb4c,dan's,https://maps.google.com/?cid=9759060330689362089&g_mp=CiVnb29nbGUubWFwcy5wbGFjZXMudjEuUGxhY2VzLkdldFBsYWNlEAIYBCAA,"2-4 Tottenham Rd, London N1 4BZ, UK",,Greater London,England,United Kingdom,GB,N1 4BZ,51.5451914,-0.0763589,wine_bar,"wine_bar, liquor_store, bar, store, food, point_of_interest, establishment",OPERATIONAL,4.7,342.0,PRICE_LEVEL_MODERATE,RESOLVED_FROM_URL
Bébé Bob,,https://www.google.com/maps/place/B%C3%A9b%C3%A9+Bob/data=!4m2!3m1!1s0x48760534a2732181:0x39b1b2428a104bfc,,,Wanna go,wanna_go,ChIJgSFzojQFdkgR_EsQikKysTk,Bébé Bob,https://maps.google.com/?cid=4157299929893587964&g_mp=CiVnb29nbGUubWFwcy5wbGFjZXMudjEuUGxhY2VzLkdldFBsYWNlEAIYBCAA,"37 Golden Square, London W1F 9LB, UK",,Greater London,England,United Kingdom,GB,W1F 9LB,51.51203700000001,-0.1373073,chicken_restaurant,"chicken_restaurant, cocktail_bar, french_restaurant, bar, restaurant, food, point_of_interest, establishment",CLOSED_TEMPORARILY,4.7,540.0,,RESOLVED_FROM_URL
Panadera Soho,,https://www.google.com/maps/place/Panadera+Soho/data=!4m2!3m1!1s0x487605cbee60fa0d:0x47be8027869070f3,,,Wanna go,wanna_go,ChIJDfpg7ssFdkgR83CQhieAvkc,Panadera Soho,https://maps.google.com/?cid=5169710329517601011&g_mp=CiVnb29nbGUubWFwcy5wbGFjZXMudjEuUGxhY2VzLkdldFBsYWNlEAIYBCAA,"3 Hopkins St, London W1F 0HS, UK",,Greater London,England,United Kingdom,GB,W1F 0HS,51.5133387,-0.1350283,bakery,"bakery, food_store, store, point_of_interest, food, establishment",OPERATIONAL,4.6,451.0,PRICE_LEVEL_MODERATE,RESOLVED_FROM_URL
Wildflowers Restaurant,,https://www.google.com/maps/place/Wildflowers+Restaurant/data=!4m2!3m1!1s0x487605002c4eaf45:0x3fb5690ccd2e146d,,,Wanna go,wanna_go,ChIJRa9OLAAFdkgRbRQuzQxptT8,Wildflowers Restaurant,https://maps.google.com/?cid=4590690898876961901&g_mp=CiVnb29nbGUubWFwcy5wbGFjZXMudjEuUGxhY2VzLkdldFBsYWNlEAIYBCAA,"Newson's Yard, 57 Pimlico Rd, London SW1W 8NE, UK",,Greater London,England,United Kingdom,GB,SW1W 8NE,51.490446399999996,-0.15299659999999998,mediterranean_restaurant,"mediterranean_restaurant, restaurant, food, point_of_interest, establishment",OPERATIONAL,4.7,245.0,,RESOLVED_FROM_URL
Dumpling,,https://www.google.com/maps/place/Dumpling/data=!4m2!3m1!1s0x48760f002fc3c617:0x8b9344a0da350604,,,Wanna go,wanna_go,ChIJF8bDLwAPdkgRBAY12qBEk4s,Mr Dumpling,https://maps.google.com/?cid=10057457850494813700&g_mp=CiVnb29nbGUubWFwcy5wbGFjZXMudjEuUGxhY2VzLkdldFBsYWNlEAIYBCAA,"10-12 Goldhawk Rd, London W12 8DH, UK",,Greater London,England,United Kingdom,GB,W12 8DH,51.5030814,-0.22428220000000001,chinese_restaurant,"chinese_restaurant, restaurant, point_of_interest, food, establishment",OPERATIONAL,4.2,520.0,PRICE_LEVEL_MODERATE,RESOLVED_FROM_URL
Noodle & Beer Chinatown,,https://www.google.com/maps/place/Noodle+%26+Beer+Chinatown/data=!4m2!3m1!1s0x4876056c606bb24b:0x55d699708c139afa,,,Wanna go,wanna_go,ChIJS7JrYGwFdkgR-poTjHCZ1lU,Noodle & Beer Chinatown,https://maps.google.com/?cid=6185299846905436922&g_mp=CiVnb29nbGUubWFwcy5wbGFjZXMudjEuUGxhY2VzLkdldFBsYWNlEAIYBCAA,"27 Wardour St, London W1D 6PR, UK",,Greater London,England,United Kingdom,GB,W1D 6PR,51.511199999999995,-0.13208809999999999,chinese_noodle_restaurant,"chinese_noodle_restaurant, restaurant, food, point_of_interest, establishment",OPERATIONAL,4.5,1137.0,PRICE_LEVEL_MODERATE,RESOLVED_FROM_URL
Four Seasons (Chinatown - Gerrard Street),,https://www.google.com/maps/place/Four+Seasons+(Chinatown+-+Gerrard+Street)/data=!4m2!3m1!1s0x487605f6220f6143:0xb5a5be70e4962452,,,Wanna go,wanna_go,ChIJQ2EPIvYFdkgRUiSW5HC-pbU,Four Seasons (Chinatown - Gerrard Street),https://maps.google.com/?cid=13089077284102874194&g_mp=CiVnb29nbGUubWFwcy5wbGFjZXMudjEuUGxhY2VzLkdldFBsYWNlEAIYBCAA,"12 Gerrard St, London W1D 5PR, UK",,Greater London,England,United Kingdom,GB,W1D 5PR,51.511938799999996,-0.1309589,chinese_restaurant,"chinese_restaurant, restaurant, food, point_of_interest, establishment",OPERATIONAL,3.8,1714.0,PRICE_LEVEL_MODERATE,RESOLVED_FROM_URL
Lilibet's,,https://www.google.com/maps/place/Lilibet's/data=!4m2!3m1!1s0x487605dd92badb4f:0xb8211e7129cab8e1,,,Wanna go,wanna_go,ChIJT9u6kt0FdkgR4bjKKXEeIbg,Lilibet's,https://maps.google.com/?cid=13267919448591481057&g_mp=CiVnb29nbGUubWFwcy5wbGFjZXMudjEuUGxhY2VzLkdldFBsYWNlEAIYBCAA,"17 Bruton St, London W1J 6QB, UK",,Greater London,England,United Kingdom,GB,W1J 6QB,51.5104785,-0.1445696,seafood_restaurant,"seafood_restaurant, restaurant, point_of_interest, food, establishment",OPERATIONAL,4.6,326.0,PRICE_LEVEL_VERY_EXPENSIVE,RESOLVED_FROM_URL
"The Coach & Horses, Soho",,"https://www.google.com/maps/place/The+Coach+%26+Horses,+Soho/data=!4m2!3m1!1s0x47d89fcf1fb2c173:0xb76daebd5aa1b5ca",,,Wanna go,wanna_go,ChIJc8GyH8-f2EcRyrWhWr2ubbc,"The Coach & Horses, Soho",https://maps.google.com/?cid=13217412609694873034&g_mp=CiVnb29nbGUubWFwcy5wbGFjZXMudjEuUGxhY2VzLkdldFBsYWNlEAIYBCAA,"29 Greek St, London W1D 5DH, UK",,Greater London,England,United Kingdom,GB,W1D 5DH,51.5133273,-0.13013819999999998,pub,"pub, bar, point_of_interest, establishment",OPERATIONAL,4.4,1745.0,PRICE_LEVEL_MODERATE,RESOLVED_FROM_URL
Otto's French Restaurant London,,https://www.google.com/maps/place/Otto's+French+Restaurant+London/data=!4m2!3m1!1s0x48761b48fe116fbb:0xe0b0cf327fa67ca5,,,Wanna go,wanna_go,ChIJu28R_kgbdkgRpXymfzLPsOA,Otto's French Restaurant London,https://maps.google.com/?cid=16190668476193864869&g_mp=CiVnb29nbGUubWFwcy5wbGFjZXMudjEuUGxhY2VzLkdldFBsYWNlEAIYBCAA,"182 Gray's Inn Rd, London WC1X 8EW, UK",,Greater London,England,United Kingdom,GB,WC1X 8EW,51.5229187,-0.114261,french_restaurant,"french_restaurant, fine_dining_restaurant, restaurant, point_of_interest, food, establishment",OPERATIONAL,4.6,457.0,PRICE_LEVEL_VERY_EXPENSIVE,RESOLVED_FROM_URL
Blenheim Palace,,https://www.google.com/maps/place/Blenheim+Palace/data=!4m2!3m1!1s0x4876cfe323947857:0x553e59b8e1ef0e18,,,Wanna go,wanna_go,ChIJV3iUI-PPdkgRGA7v4bhZPlU,Blenheim Palace,https://maps.google.com/?cid=6142445592379330072&g_mp=CiVnb29nbGUubWFwcy5wbGFjZXMudjEuUGxhY2VzLkdldFBsYWNlEAIYBCAA,"Woodstock OX20 1PS, UK",,Oxfordshire,England,United Kingdom,GB,OX20 1PS,51.841364999999996,-1.3609719999999998,castle,"castle, garden, tourist_attraction, wedding_venue, historical_place, park, event_venue, point_of_interest, service, establishment",OPERATIONAL,4.6,18990.0,,RESOLVED_FROM_URL
Chelsea Grill,,https://www.google.com/maps/place/Chelsea+Grill/data=!4m2!3m1!1s0x487605002b59828d:0x7d19f52bf2c104ba,,,Wanna go,wanna_go,ChIJjYJZKwAFdkgRugTB8iv1GX0,Chelsea Grill,https://maps.google.com/?cid=9014505698263893178&g_mp=CiVnb29nbGUubWFwcy5wbGFjZXMudjEuUGxhY2VzLkdldFBsYWNlEAIYBCAA,"300 King's Rd, London SW3 5UH, UK",,Greater London,England,United Kingdom,GB,SW3 5UH,51.4858779,-0.17326429999999998,restaurant,"restaurant, mediterranean_restaurant, steak_house, seafood_restaurant, bar, food, point_of_interest, establishment",OPERATIONAL,4.5,117.0,PRICE_LEVEL_VERY_EXPENSIVE,RESOLVED_FROM_URL
Maset,,https://www.google.com/maps/place/Maset/data=!4m2!3m1!1s0x48761b005ef4fa47:0x4fecd1a49032b6c2,,,Wanna go,wanna_go,ChIJR_r0XgAbdkgRwrYykKTR7E8,Maset,https://maps.google.com/?cid=5759208528224106178&g_mp=CiVnb29nbGUubWFwcy5wbGFjZXMudjEuUGxhY2VzLkdldFBsYWNlEAIYBCAA,"40 Chiltern St, London W1U 7LQ, UK",,Greater London,England,United Kingdom,GB,W1U 7LQ,51.5191947,-0.1548598,spanish_restaurant,"spanish_restaurant, french_restaurant, restaurant, food, point_of_interest, establishment",OPERATIONAL,4.5,74.0,,RESOLVED_FROM_URL
Perilla,,https://www.google.com/maps/place/Perilla/data=!4m2!3m1!1s0x48761c868486846f:0x326b653ea294ce0a,,,Wanna go,wanna_go,ChIJb4SGhIYcdkgRCs6Uoj5lazI,Perilla,https://maps.google.com/?cid=3633108844094475786&g_mp=CiVnb29nbGUubWFwcy5wbGFjZXMudjEuUGxhY2VzLkdldFBsYWNlEAIYBCAA,"1-3 Green Lanes, Newington Green, London N16 9BS, UK",Newington Green,Greater London,England,United Kingdom,GB,N16 9BS,51.5522041,-0.08588259999999999,restaurant,"restaurant, food, point_of_interest, establishment",OPERATIONAL,4.6,1122.0,PRICE_LEVEL_EXPENSIVE,RESOLVED_FROM_URL
Stable Wines,,https://www.google.com/maps/place/Stable+Wines/data=!4m2!3m1!1s0x48761d7a391ef037:0xccea2e1197db93ac,,,Wanna go,wanna_go,ChIJN_AeOXoddkgRrJPblxEu6sw,Stable Wines,https://maps.google.com/?cid=14765664981384663980&g_mp=CiVnb29nbGUubWFwcy5wbGFjZXMudjEuUGxhY2VzLkdldFBsYWNlEAIYBCAA,"344a Essex Rd, London N1 3PD, UK",,Greater London,England,United Kingdom,GB,N1 3PD,51.5440453,-0.0895435,wine_bar,"wine_bar, liquor_store, store, bar, food, point_of_interest, establishment",OPERATIONAL,4.3,44.0,,RESOLVED_FROM_URL
Kolae,,https://www.google.com/maps/place/Kolae/data=!4m2!3m1!1s0x487603353370066b:0xc8030aeb7f27624e,,,Wanna go,wanna_go,ChIJawZwMzUDdkgRTmInf-sKA8g,Kolae,https://maps.google.com/?cid=14412375239082598990&g_mp=CiVnb29nbGUubWFwcy5wbGFjZXMudjEuUGxhY2VzLkdldFBsYWNlEAIYBCAA,"6 Park St, London SE1 9AB, UK",,Greater London,England,United Kingdom,GB,SE1 9AB,51.5054582,-0.0916343,thai_restaurant,"thai_restaurant, restaurant, point_of_interest, food, establishment",OPERATIONAL,4.6,1221.0,PRICE_LEVEL_MODERATE,RESOLVED_FROM_URL
Gloria,,https://www.google.com/maps/place/Gloria/data=!4m2!3m1!1s0x48761d27e14edf8f:0x56a65d5c3cdf7036,,,Wanna go,wanna_go,ChIJj99O4ScddkgRNnDfPFxdplY,Gloria,https://maps.google.com/?cid=6243780584135422006&g_mp=CiVnb29nbGUubWFwcy5wbGFjZXMudjEuUGxhY2VzLkdldFBsYWNlEAIYBCAA,"54-56 Great Eastern St, London EC2A 3QR, UK",,Greater London,England,United Kingdom,GB,EC2A 3QR,51.5251057,-0.08135139999999999,italian_restaurant,"italian_restaurant, pizza_restaurant, mediterranean_restaurant, family_restaurant, european_restaurant, restaurant, food, point_of_interest, establishment",OPERATIONAL,4.8,24415.0,PRICE_LEVEL_MODERATE,RESOLVED_FROM_URL
All My Friends,,https://www.google.com/maps/place/All+My+Friends/data=!4m2!3m1!1s0x48761d88d40d9267:0x5e07bf715646b220,,,Wanna go,wanna_go,ChIJZ5IN1IgddkgRILJGVnG_B14,All My Friends,https://maps.google.com/?cid=6775594657901883936&g_mp=CiVnb29nbGUubWFwcy5wbGFjZXMudjEuUGxhY2VzLkdldFBsYWNlEAIYBCAA,"Unit 1, Hamlet Estate, 96 White Post Ln, London E9 5EN, UK",,Greater London,England,United Kingdom,GB,E9 5EN,51.542575899999996,-0.021853100000000004,cocktail_bar,"cocktail_bar, night_club, bar, restaurant, food, point_of_interest, establishment",OPERATIONAL,4.1,405.0,PRICE_LEVEL_MODERATE,RESOLVED_FROM_URL
Jumbi,,https://www.google.com/maps/place/Jumbi/data=!4m2!3m1!1s0x48760332378a3441:0x5738130246f1218e,,,Wanna go,wanna_go,ChIJQTSKNzIDdkgRjiHxRgITOFc,Jumbi,https://maps.google.com/?cid=6284794180496597390&g_mp=CiVnb29nbGUubWFwcy5wbGFjZXMudjEuUGxhY2VzLkdldFBsYWNlEAIYBCAA,"Unit 4.1, Copeland Park, 133 Copeland Rd, London SE15 3SN, UK",,Greater London,England,United Kingdom,GB,SE15 3SN,51.469883,-0.06558300000000002,caribbean_restaurant,"caribbean_restaurant, restaurant, food, point_of_interest, establishment",OPERATIONAL,4.2,352.0,PRICE_LEVEL_MODERATE,RESOLVED_FROM_URL
Cafe 1001,,https://www.google.com/maps/place/Cafe+1001/data=!4m2!3m1!1s0x48761cb6159e0073:0x1a146b75a5abf194,,,Wanna go,wanna_go,ChIJcwCeFbYcdkgRlPGrpXVrFBo,Cafe 1001,https://maps.google.com/?cid=1879245097555194260&g_mp=CiVnb29nbGUubWFwcy5wbGFjZXMudjEuUGxhY2VzLkdldFBsYWNlEAIYBCAA,"91 Brick Ln, London E1 6QL, UK",,Greater London,England,United Kingdom,GB,E1 6QL,51.5209341,-0.0719882,cafe,"cafe, cocktail_bar, bar, restaurant, food, point_of_interest, establishment",OPERATIONAL,4.2,1325.0,PRICE_LEVEL_MODERATE,RESOLVED_FROM_URL
CILANTRO - PUTNEY(Healthy Indian Restaurant),Butter chicken,https://www.google.com/maps/place/CILANTRO+-+PUTNEY(Healthy+Indian+Restaurant)/data=!4m2!3m1!1s0x48760fd78bf25651:0x6f8c08a727c5286,,,Wanna go,wanna_go,ChIJUVbyi9cPdkgRhlJ8corA-AY,CILANTRO - PUTNEY (Modern Indian Restaurant),https://maps.google.com/?cid=502363059310580358&g_mp=CiVnb29nbGUubWFwcy5wbGFjZXMudjEuUGxhY2VzLkdldFBsYWNlEAIYBCAA,"244 Upper Richmond Rd, London SW15 6TG, UK",,Greater London,England,United Kingdom,GB,SW15 6TG,51.4614769,-0.2193075,indian_restaurant,"indian_restaurant, vegan_restaurant, vegetarian_restaurant, asian_restaurant, meal_takeaway, brunch_restaurant, south_indian_restaurant, restaurant, food, point_of_interest, establishment",OPERATIONAL,4.8,798.0,,RESOLVED_FROM_URL
Napoli on the Road - Chiswick,,https://www.google.com/maps/place/Napoli+on+the+Road+-+Chiswick/data=!4m2!3m1!1s0x48760f950ced1ba5:0x7d822731123fe241,,,Wanna go,wanna_go,ChIJpRvtDJUPdkgRQeI_EjEngn0,Napoli on the Road • Chiswick,https://maps.google.com/?cid=9043834093426434625&g_mp=CiVnb29nbGUubWFwcy5wbGFjZXMudjEuUGxhY2VzLkdldFBsYWNlEAIYBCAA,"9A Devonshire Rd, Chiswick, London W4 2EU, UK",Chiswick,Greater London,England,United Kingdom,GB,W4 2EU,51.4921565,-0.25620729999999997,pizza_restaurant,"pizza_restaurant, restaurant, food, point_of_interest, establishment",OPERATIONAL,4.5,1872.0,PRICE_LEVEL_MODERATE,RESOLVED_FROM_URL
BiBi,,https://www.google.com/maps/place/BiBi/data=!4m2!3m1!1s0x487605dc0c1e6a61:0x3510eca7289483b,,,Wanna go,wanna_go,ChIJYWoeDNwFdkgRO0iJcsoOUQM,BiBi,https://maps.google.com/?cid=238988517895129147&g_mp=CiVnb29nbGUubWFwcy5wbGFjZXMudjEuUGxhY2VzLkdldFBsYWNlEAIYBCAA,"42 N Audley St, London W1K 6ZP, UK",,Greater London,England,United Kingdom,GB,W1K 6ZP,51.512439199999996,-0.1533455,indian_restaurant,"indian_restaurant, restaurant, food, point_of_interest, establishment",OPERATIONAL,4.5,630.0,PRICE_LEVEL_VERY_EXPENSIVE,RESOLVED_FROM_URL
Hunan,,https://www.google.com/maps/place/Hunan/data=!4m2!3m1!1s0x4876051762d93f03:0x673ab6e96cf5cdbe,,,Wanna go,wanna_go,ChIJAz_ZYhcFdkgRvs31bOm2Omc,Hunan,https://maps.google.com/?cid=7438458848227478974&g_mp=CiVnb29nbGUubWFwcy5wbGFjZXMudjEuUGxhY2VzLkdldFBsYWNlEAIYBCAA,"51 Pimlico Rd, London SW1W 8NE, UK",,Greater London,England,United Kingdom,GB,SW1W 8NE,51.4904558,-0.15277649999999998,chinese_restaurant,"chinese_restaurant, restaurant, food, point_of_interest, establishment",OPERATIONAL,4.5,663.0,PRICE_LEVEL_VERY_EXPENSIVE,RESOLVED_FROM_URL
Colonel Saab High Holborn,,https://www.google.com/maps/place/Colonel+Saab+High+Holborn/data=!4m2!3m1!1s0x48761b02dcfc579d:0x16101e9ce7039ed3,,,Wanna go,wanna_go,ChIJnVf83AIbdkgR054D55weEBY,Colonel Saab High Holborn,https://maps.google.com/?cid=1589804327701290707&g_mp=CiVnb29nbGUubWFwcy5wbGFjZXMudjEuUGxhY2VzLkdldFBsYWNlEAIYBCAA,"193-197 High Holborn, London WC1V 7BD, UK",,Greater London,England,United Kingdom,GB,WC1V 7BD,51.516994399999994,-0.12256029999999998,indian_restaurant,"indian_restaurant, vegan_restaurant, cocktail_bar, vegetarian_restaurant, meal_takeaway, dessert_restaurant, bar, restaurant, point_of_interest, food, establishment",OPERATIONAL,4.8,6715.0,PRICE_LEVEL_EXPENSIVE,RESOLVED_FROM_URL
Maggie Jones's Restaurant,,https://www.google.com/maps/place/Maggie+Jones's+Restaurant/data=!4m2!3m1!1s0x48760ff70ae100d1:0xe8ebf13cf880299b,,,Wanna go,wanna_go,ChIJ0QDhCvcPdkgRmymA-Dzx6-g,Maggie Jones's Restaurant,https://maps.google.com/?cid=16783773680495765915&g_mp=CiVnb29nbGUubWFwcy5wbGFjZXMudjEuUGxhY2VzLkdldFBsYWNlEAIYBCAA,"6 Old Ct Pl, London W8 4PL, UK",,Greater London,England,United Kingdom,GB,W8 4PL,51.502833100000004,-0.19100109999999998,restaurant,"bar, european_restaurant, british_restaurant, restaurant, food, point_of_interest, establishment",OPERATIONAL,4.6,1641.0,PRICE_LEVEL_MODERATE,RESOLVED_FROM_URL
LadyBoy อีสาน,,https://www.google.com/maps/place/LadyBoy+%E0%B8%AD%E0%B8%B5%E0%B8%AA%E0%B8%B2%E0%B8%99/data=!4m2!3m1!1s0x85d1ff006975d5bf:0xcdf80d40f147cdfb,,,Wanna go,wanna_go,ChIJv9V1aQD_0YUR-81H8UAN-M0,LadyBoy อีสาน,https://maps.google.com/?cid=14841627144576552443&g_mp=CiVnb29nbGUubWFwcy5wbGFjZXMudjEuUGxhY2VzLkdldFBsYWNlEAIYBCAA,"Durango 140, Roma Nte., Cuauhtémoc, 06700 Ciudad de México, CDMX, Mexico",Roma Norte,Ciudad de México,Ciudad de México,Mexico,MX,06700,19.4204734,-99.1629775,thai_restaurant,"thai_restaurant, fusion_restaurant, restaurant, food, point_of_interest, establishment",OPERATIONAL,4.4,865.0,PRICE_LEVEL_MODERATE,RESOLVED_FROM_URL
reemies cakes,,https://www.google.com/maps/place/reemies+cakes/data=!4m2!3m1!1s0x48760f4b0609ce63:0x9ca8afa1b0289b18,,,Wanna go,wanna_go,ChIJY84JBksPdkgRGJsosKGvqJw,reemies cakes,https://maps.google.com/?cid=11288465574984194840&g_mp=CiVnb29nbGUubWFwcy5wbGFjZXMudjEuUGxhY2VzLkdldFBsYWNlEAIYBCAA,"137 Fulham Rd., London SW3 6SD, UK",,Greater London,England,United Kingdom,GB,SW3 6SD,51.4923468,-0.1705455,cake_shop,"cake_shop, bakery, wholesaler, manufacturer, food_store, store, food, point_of_interest, service, establishment",OPERATIONAL,4.7,105.0,PRICE_LEVEL_INEXPENSIVE,RESOLVED_FROM_URL
Berenjak Soho,,https://www.google.com/maps/place/Berenjak+Soho/data=!4m2!3m1!1s0x48760533134b669b:0xbc560d9169dcb066,,,Wanna go,wanna_go,ChIJm2ZLEzMFdkgRZrDcaZENVrw,Berenjak Soho,https://maps.google.com/?cid=13571049445325058150&g_mp=CiVnb29nbGUubWFwcy5wbGFjZXMudjEuUGxhY2VzLkdldFBsYWNlEAIYBCAA,"27 Romilly St, London W1D 5AL, UK",,Greater London,England,United Kingdom,GB,W1D 5AL,51.5130327,-0.1307591,persian_restaurant,"persian_restaurant, restaurant, point_of_interest, food, establishment",OPERATIONAL,4.7,6539.0,PRICE_LEVEL_MODERATE,RESOLVED_FROM_URL
Berenjak Borough,,https://www.google.com/maps/place/Berenjak+Borough/data=!4m2!3m1!1s0x487603d0d6ba7b55:0x2abd7b6dfca08660,,,Wanna go,wanna_go,ChIJVXu61tADdkgRYIag_G17vSo,Berenjak Borough,https://maps.google.com/?cid=3079753432511317600&g_mp=CiVnb29nbGUubWFwcy5wbGFjZXMudjEuUGxhY2VzLkdldFBsYWNlEAIYBCAA,"1 Bedale St, London SE1 9AL, UK",,Greater London,England,United Kingdom,GB,SE1 9AL,51.5053084,-0.0899024,persian_restaurant,"persian_restaurant, restaurant, food, point_of_interest, establishment",OPERATIONAL,4.8,5201.0,PRICE_LEVEL_MODERATE,RESOLVED_FROM_URL
Sarv's Slice,,https://www.google.com/maps/place/Sarv's+Slice/data=!4m2!3m1!1s0x48760d3d532dc427:0x4305f11c6a261a4d,,,Wanna go,wanna_go,ChIJJ8QtUz0NdkgRTRomahzxBUM,Sarv's Slice,https://maps.google.com/?cid=4829531279766985293&g_mp=CiVnb29nbGUubWFwcy5wbGFjZXMudjEuUGxhY2VzLkdldFBsYWNlEAIYBCAA,"Unit 8, Unit 8 Filmworks Walk, London W5 5FA, UK",,Greater London,England,United Kingdom,GB,W5 5FA,51.5122,-0.3068167,pizza_restaurant,"pizza_restaurant, restaurant, food, point_of_interest, establishment",OPERATIONAL,4.8,894.0,PRICE_LEVEL_MODERATE,RESOLVED_FROM_URL
Archer Street Soho,Fun live singers,https://www.google.com/maps/place/Archer+Street+Soho/data=!4m2!3m1!1s0x487604d39105b39b:0x5e552a143576d59d,,,Wanna go,wanna_go,ChIJm7MFkdMEdkgRndV2NRQqVV4,Archer Street Soho,https://maps.google.com/?cid=6797385478870324637&g_mp=CiVnb29nbGUubWFwcy5wbGFjZXMudjEuUGxhY2VzLkdldFBsYWNlEAIYBCAA,"3-4 Archer St, London W1D 7AP, UK",,Greater London,England,United Kingdom,GB,W1D 7AP,51.5114904,-0.1339616,cocktail_bar,"cocktail_bar, night_club, bar, point_of_interest, establishment",OPERATIONAL,3.4,943.0,PRICE_LEVEL_MODERATE,RESOLVED_FROM_URL
Donia,,https://www.google.com/maps/place/Donia/data=!4m2!3m1!1s0x48760500b1014a4d:0x8540f3fe1666fc35,,,Wanna go,wanna_go,ChIJTUoBsQAFdkgRNfxmFv7zQIU,Donia,https://maps.google.com/?cid=9601942678176988213&g_mp=CiVnb29nbGUubWFwcy5wbGFjZXMudjEuUGxhY2VzLkdldFBsYWNlEAIYBCAA,"2.5, Top Floor, Kingly Ct, Carnaby St, Carnaby, London W1B 5PW, UK",Carnaby,Greater London,England,United Kingdom,GB,W1B 5PW,51.512541,-0.1389043,restaurant,"restaurant, filipino_restaurant, food, point_of_interest, establishment",OPERATIONAL,4.6,642.0,PRICE_LEVEL_MODERATE,RESOLVED_FROM_URL
Decimo,,https://www.google.com/maps/place/Decimo/data=!4m2!3m1!1s0x48761b30e47950fd:0x28b58b3d36401ad3,,,Wanna go,wanna_go,ChIJ_VB55DAbdkgR0xpANj2LtSg,Decimo,https://maps.google.com/?cid=2933403827321182931&g_mp=CiVnb29nbGUubWFwcy5wbGFjZXMudjEuUGxhY2VzLkdldFBsYWNlEAIYBCAA,"10th Floor, 10 Argyle St, London WC1H 8EG, UK",,Greater London,England,United Kingdom,GB,WC1H 8EG,51.529487599999996,-0.12430179999999999,spanish_restaurant,"spanish_restaurant, cocktail_bar, taco_restaurant, mexican_restaurant, bar, restaurant, food, point_of_interest, establishment",OPERATIONAL,4.4,1499.0,PRICE_LEVEL_VERY_EXPENSIVE,RESOLVED_FROM_URL
Mc & Sons Borough,,https://www.google.com/maps/place/Mc+%26+Sons+Borough/data=!4m2!3m1!1s0x487604a5fd52c641:0xd7b4af5823c83b6a,,,Wanna go,wanna_go,ChIJQcZS_aUEdkgRajvII1ivtNc,Mc & Sons Borough,https://maps.google.com/?cid=15543241007054732138&g_mp=CiVnb29nbGUubWFwcy5wbGFjZXMudjEuUGxhY2VzLkdldFBsYWNlEAIYBCAA,"160 Union St, London SE1 0LH, UK",,Greater London,England,United Kingdom,GB,SE1 0LH,51.503798599999996,-0.0998222,irish_pub,"irish_pub, thai_restaurant, pub, bar, restaurant, food, point_of_interest, establishment",OPERATIONAL,4.6,1412.0,PRICE_LEVEL_MODERATE,RESOLVED_FROM_URL
Old Coffee House,,https://www.google.com/maps/place/Old+Coffee+House/data=!4m2!3m1!1s0x487604d4f9d16bb7:0xced800df92f4608,,,Wanna go,wanna_go,ChIJt2vR-dQEdkgRCEYv-Q2A7Qw,Old Coffee House,https://maps.google.com/?cid=931541495439115784&g_mp=CiVnb29nbGUubWFwcy5wbGFjZXMudjEuUGxhY2VzLkdldFBsYWNlEAIYBCAA,"49 Beak St, Carnaby, London W1F 9SF, UK",Carnaby,Greater London,England,United Kingdom,GB,W1F 9SF,51.5125885,-0.1374166,pub,"pub, gastropub, bar, restaurant, food, point_of_interest, establishment",OPERATIONAL,4.3,1266.0,PRICE_LEVEL_INEXPENSIVE,RESOLVED_FROM_URL
The Spurstowe Arms,,https://www.google.com/maps/place/The+Spurstowe+Arms/data=!4m2!3m1!1s0x487606f76b898add:0x23f4eb01ef8cd953,,,Wanna go,wanna_go,ChIJ3YqJa_cGdkgRU9mM7wHr9CM,The Spurstowe Arms,https://maps.google.com/?cid=2590954079191357779&g_mp=CiVnb29nbGUubWFwcy5wbGFjZXMudjEuUGxhY2VzLkdldFBsYWNlEAIYBCAA,"68 Greenwood Rd, London E8 1AB, UK",,Greater London,England,United Kingdom,GB,E8 1AB,51.5453895,-0.0631891,pub,"pub, bar, point_of_interest, establishment",OPERATIONAL,4.2,671.0,PRICE_LEVEL_MODERATE,RESOLVED_FROM_URL
Gerry's Club,,https://www.google.com/maps/place/Gerry's+Club/data=!4m2!3m1!1s0x48761b2cca6645a1:0x64064d2ff950c8d6,,,Wanna go,wanna_go,ChIJoUVmyiwbdkgR1shQ-S9NBmQ,Gerry's Club,https://maps.google.com/?cid=7207533122094680278&g_mp=CiVnb29nbGUubWFwcy5wbGFjZXMudjEuUGxhY2VzLkdldFBsYWNlEAIYBCAA,"52 Dean St, London W1D 5BJ, UK",,Greater London,England,United Kingdom,GB,W1D 5BJ,51.51238120000001,-0.1315037,bar,"live_music_venue, event_venue, bar, point_of_interest, establishment",OPERATIONAL,4.1,185.0,PRICE_LEVEL_MODERATE,RESOLVED_FROM_URL
Carbone London,,https://www.google.com/maps/place/Carbone+London/data=!4m2!3m1!1s0x48760527e0c02ce9:0x8279058ebbeb9fa6,,,Wanna go,wanna_go,ChIJ6SzA4CcFdkgRpp_ru44FeYI,Carbone London,https://maps.google.com/?cid=9401551807708897190&g_mp=CiVnb29nbGUubWFwcy5wbGFjZXMudjEuUGxhY2VzLkdldFBsYWNlEAIYBCAA,"30 Grosvenor Sq, London W1K 2LG, UK",,Greater London,England,United Kingdom,GB,W1K 2LG,51.5115858,-0.15316079999999999,italian_restaurant,"italian_restaurant, restaurant, point_of_interest, food, establishment",OPERATIONAL,4.3,625.0,PRICE_LEVEL_VERY_EXPENSIVE,RESOLVED_FROM_URL
Tacos Charly Oficial,,https://www.google.com/maps/place/Tacos+Charly+Oficial/data=!4m2!3m1!1s0x85ce0060f8514a57:0x64e0d41e0d710432,,,Wanna go,wanna_go,ChIJV0pR-GAAzoURMgRxDR7U4GQ,Tacos Charly Oficial,https://maps.google.com/?cid=7269043024115598386&g_mp=CiVnb29nbGUubWFwcy5wbGFjZXMudjEuUGxhY2VzLkdldFBsYWNlEAIYBCAA,"Av. San Fernando 201, Toriello Guerra, Tlalpan, 14050 Ciudad de México, CDMX, Mexico",Toriello Guerra,Ciudad de México,Ciudad de México,Mexico,MX,14050,19.2933371,-99.1699589,taco_restaurant,"taco_restaurant, restaurant, food, point_of_interest, establishment",OPERATIONAL,4.3,6945.0,PRICE_LEVEL_MODERATE,RESOLVED_FROM_URL
El Califa de León,,https://www.google.com/maps/place/El+Califa+de+Le%C3%B3n/data=!4m2!3m1!1s0x85d1f8cfab01d80d:0x913045c236575e79,,,Wanna go,wanna_go,ChIJDdgBq8_40YUReV5XNsJFMJE,El Califa de León,https://maps.google.com/?cid=10461938634819329657&g_mp=CiVnb29nbGUubWFwcy5wbGFjZXMudjEuUGxhY2VzLkdldFBsYWNlEAIYBCAA,"Av. Ribera de San Cosme 56, San Rafael, Cuauhtémoc, 06470 Ciudad de México, CDMX, Mexico",San Rafael,Ciudad de México,Ciudad de México,Mexico,MX,06470,19.4410673,-99.159267,taco_restaurant,"taco_restaurant, mexican_restaurant, restaurant, food, point_of_interest, establishment",OPERATIONAL,3.9,5713.0,PRICE_LEVEL_MODERATE,RESOLVED_FROM_URL
Tacos Domingo - Pacheco,,https://www.google.com/maps/place/Tacos+Domingo+-+Pacheco/data=!4m2!3m1!1s0x85d1ff0042b5c851:0x4e502bd61ac184c8,,,Wanna go,wanna_go,ChIJUci1QgD_0YURyITBGtYrUE4,Tacos Domingo - Pacheco,https://maps.google.com/?cid=5643058531667117256&g_mp=CiVnb29nbGUubWFwcy5wbGFjZXMudjEuUGxhY2VzLkdldFBsYWNlEAIYBCAA,"Pl. Carlos Pacheco 5, Colonia Centro, Centro, Cuauhtémoc, 06070 Centro, CDMX, Mexico",Colonia Centro,Centro,Ciudad de México,Mexico,MX,06070,19.430475599999998,-99.14714339999999,mexican_restaurant,"mexican_restaurant, taco_restaurant, store, restaurant, food, point_of_interest, establishment",OPERATIONAL,4.4,688.0,PRICE_LEVEL_MODERATE,RESOLVED_FROM_URL
Villa di Geggiano,,https://www.google.com/maps/place/Villa+di+Geggiano/data=!4m2!3m1!1s0x48760e478395ed5b:0x9ba08733c2e3b4be,,,Wanna go,wanna_go,ChIJW-2Vg0cOdkgRvrTjwjOHoJs,Villa di Geggiano,https://maps.google.com/?cid=11214111728535319742&g_mp=CiVnb29nbGUubWFwcy5wbGFjZXMudjEuUGxhY2VzLkdldFBsYWNlEAIYBCAA,"66-68 Chiswick High Rd., Chiswick, London W4 1SY, UK",Chiswick,Greater London,England,United Kingdom,GB,W4 1SY,51.493326499999995,-0.24943539999999997,italian_restaurant,"italian_restaurant, wine_bar, fine_dining_restaurant, event_venue, bar, restaurant, food, point_of_interest, establishment",OPERATIONAL,4.7,1254.0,,RESOLVED_FROM_URL
The Hart - Marylebone,,https://www.google.com/maps/place/The+Hart+-+Marylebone/data=!4m2!3m1!1s0x48761baf91df1a39:0x449337a81bce4228,,,Wanna go,wanna_go,ChIJORrfka8bdkgRKELOG6g3k0Q,The Hart | Marylebone,https://maps.google.com/?cid=4941354411316101672&g_mp=CiVnb29nbGUubWFwcy5wbGFjZXMudjEuUGxhY2VzLkdldFBsYWNlEAIYBCAA,"56 Blandford St, London W1U 7JA, UK",,Greater London,England,United Kingdom,GB,W1U 7JA,51.5184232,-0.1547934,pub,"pub, bar, restaurant, point_of_interest, food, establishment",OPERATIONAL,4.3,317.0,PRICE_LEVEL_MODERATE,RESOLVED_FROM_URL
Café Deco,,https://www.google.com/maps/place/Caf%C3%A9+Deco/data=!4m2!3m1!1s0x48761b2e0a66f15d:0xb1ecb2eaea4d57b1,,,Wanna go,wanna_go,ChIJXfFmCi4bdkgRsVdN6uqy7LE,Café Deco,https://maps.google.com/?cid=12820818961239988145&g_mp=CiVnb29nbGUubWFwcy5wbGFjZXMudjEuUGxhY2VzLkdldFBsYWNlEAIYBCAA,"43 Store St, London WC1E 7DB, UK",,Greater London,England,United Kingdom,GB,WC1E 7DB,51.520183499999995,-0.13052429999999998,european_restaurant,"european_restaurant, wine_bar, liquor_store, bar, store, restaurant, food, point_of_interest, establishment",OPERATIONAL,4.3,339.0,PRICE_LEVEL_MODERATE,RESOLVED_FROM_URL
Frame Notting Hill,,https://www.google.com/maps/place/Frame+Notting+Hill/data=!4m2!3m1!1s0x4876113aef273933:0xc4b7ffd5d3911b6d,,,Wanna go,wanna_go,ChIJMzkn7zoRdkgRbRuR09X_t8Q,Frame Notting Hill,https://maps.google.com/?cid=14175079646014544749&g_mp=CiVnb29nbGUubWFwcy5wbGFjZXMudjEuUGxhY2VzLkdldFBsYWNlEAIYBCAA,"39 Hereford Rd, London W2 4AB, UK",,Greater London,England,United Kingdom,GB,W2 4AB,51.5148606,-0.1939468,tapas_restaurant,"tapas_restaurant, spanish_restaurant, bar, restaurant, food, point_of_interest, establishment",OPERATIONAL,4.8,464.0,PRICE_LEVEL_MODERATE,RESOLVED_FROM_URL
The Broad Walk,Ir esta senana,https://www.google.com/maps/place/The+Broad+Walk/data=!4m2!3m1!1s0x48761ad0abc43d03:0x2b7b95b1eeab9b67,,,Wanna go,wanna_go,ChIJAz3Eq9AadkgRZ5ur7rGVeys,The Broad Walk,https://maps.google.com/?cid=3133262557212285799&g_mp=CiVnb29nbGUubWFwcy5wbGFjZXMudjEuUGxhY2VzLkdldFBsYWNlEAIYBCAA,"The Broad Walk, London NW1 4LL, UK",,Greater London,England,United Kingdom,GB,NW1 4LL,51.525208650031836,-0.14717964966745883,,route,,,,,RESOLVED_FROM_URL
Ad Hoc London,,https://www.google.com/maps/place/Ad+Hoc+London/data=!4m2!3m1!1s0x4876056c629ca52b:0x270d14941f0b8a88,,,Wanna go,wanna_go,ChIJK6WcYmwFdkgRiIoLH5QUDSc,Ad Hoc London,https://maps.google.com/?cid=2813927968584993416&g_mp=CiVnb29nbGUubWFwcy5wbGFjZXMudjEuUGxhY2VzLkdldFBsYWNlEAIYBCAA,"153 King's Rd, London SW3 5TX, UK",,Greater London,England,United Kingdom,GB,SW3 5TX,51.4878916,-0.1673056,store,"home_goods_store, clothing_store, store, point_of_interest, service, establishment",OPERATIONAL,4.2,49.0,,RESOLVED_FROM_URL
Bar Lotus,,https://www.google.com/maps/place/Bar+Lotus/data=!4m2!3m1!1s0x48761d76870c213f:0x80bdab35282ab319,,,Wanna go,wanna_go,ChIJPyEMh3YddkgRGbMqKDWrvYA,Bar Lotus,https://maps.google.com/?cid=9276759052248593177&g_mp=CiVnb29nbGUubWFwcy5wbGFjZXMudjEuUGxhY2VzLkdldFBsYWNlEAIYBCAA,"480 Kingsland Rd, London E8 4AE, UK",,Greater London,England,United Kingdom,GB,E8 4AE,51.5432735,-0.0758204,cocktail_bar,"cocktail_bar, bar, point_of_interest, establishment",OPERATIONAL,4.8,170.0,PRICE_LEVEL_MODERATE,RESOLVED_FROM_URL
Wingnut Wines,,https://www.google.com/maps/place/Wingnut+Wines/data=!4m2!3m1!1s0x48761d577b12d329:0x73cb2f03239a496d,,,Wanna go,wanna_go,ChIJKdMSe1cddkgRbUmaIwMvy3M,Wingnut Wines,https://maps.google.com/?cid=8343814425162697069&g_mp=CiVnb29nbGUubWFwcy5wbGFjZXMudjEuUGxhY2VzLkdldFBsYWNlEAIYBCAA,"Netil Market, 13-23 Westgate St, London E8 3RU, UK",,Greater London,England,United Kingdom,GB,E8 3RU,51.5375965,-0.058666499999999996,wine_bar,"wine_bar, bar, food, point_of_interest, establishment",OPERATIONAL,4.9,30.0,PRICE_LEVEL_MODERATE,RESOLVED_FROM_URL
Cafe St Honorė,,https://www.google.com/maps/place/Cafe+St+Honor%C4%97/data=!4m2!3m1!1s0x4887c796c9e4205f:0xb27c82dbfb040d49,,,Wanna go,wanna_go,ChIJXyDkyZbHh0gRSQ0E-9uCfLI,Cafe St Honorė,https://maps.google.com/?cid=12861298517184089417&g_mp=CiVnb29nbGUubWFwcy5wbGFjZXMudjEuUGxhY2VzLkdldFBsYWNlEAIYBCAA,"34 Thistle St N W Ln, Edinburgh EH2 1EA, UK",,Edinburgh,Scotland,United Kingdom,GB,EH2 1EA,55.954139,-3.2002759999999997,restaurant,"restaurant, french_restaurant, british_restaurant, food, point_of_interest, establishment",OPERATIONAL,4.6,535.0,PRICE_LEVEL_MODERATE,RESOLVED_FROM_URL
tipo,,https://www.google.com/maps/place/tipo/data=!4m2!3m1!1s0x4887c7d27a0576bf:0x8e620ddec5a645ae,,,Wanna go,wanna_go,ChIJv3YFetLHh0gRrkWmxd4NYo4,tipo,https://maps.google.com/?cid=10259778151553320366&g_mp=CiVnb29nbGUubWFwcy5wbGFjZXMudjEuUGxhY2VzLkdldFBsYWNlEAIYBCAA,"110 Hanover St, Edinburgh EH2 1DR, UK",,Edinburgh,Scotland,United Kingdom,GB,EH2 1DR,55.9545302,-3.1980785000000003,italian_restaurant,"italian_restaurant, restaurant, food, point_of_interest, establishment",OPERATIONAL,4.3,400.0,PRICE_LEVEL_MODERATE,RESOLVED_FROM_URL
Little Capo,,https://www.google.com/maps/place/Little+Capo/data=!4m2!3m1!1s0x4887c7b801c5efbd:0xe7c4027d26486a44,,,Wanna go,wanna_go,ChIJve_FAbjHh0gRRGpIJn0CxOc,Little Capo,https://maps.google.com/?cid=16700476054733089348&g_mp=CiVnb29nbGUubWFwcy5wbGFjZXMudjEuUGxhY2VzLkdldFBsYWNlEAIYBCAA,"18 Howe St, Edinburgh EH3 6TG, UK",,Edinburgh,Scotland,United Kingdom,GB,EH3 6TG,55.95617,-3.20255,restaurant,"restaurant, food, point_of_interest, establishment",OPERATIONAL,4.7,495.0,PRICE_LEVEL_MODERATE,RESOLVED_FROM_URL
Kay’s Bar,,https://www.google.com/maps/place/Kay%E2%80%99s+Bar/data=!4m2!3m1!1s0x4887c795defc032f:0x5d3135fc9d1932bc,,,Wanna go,wanna_go,ChIJLwP83pXHh0gRvDIZnfw1MV0,Kay’s Bar,https://maps.google.com/?cid=6715207878469825212&g_mp=CiVnb29nbGUubWFwcy5wbGFjZXMudjEuUGxhY2VzLkdldFBsYWNlEAIYBCAA,"39 Jamaica St, Edinburgh EH3 6HF, UK",,Edinburgh,Scotland,United Kingdom,GB,EH3 6HF,55.9556883,-3.2050164,pub,"pub, gastropub, bar, restaurant, food, point_of_interest, establishment",OPERATIONAL,4.8,871.0,PRICE_LEVEL_MODERATE,RESOLVED_FROM_URL
Smith's of Wapping,,https://www.google.com/maps/place/Smith's+of+Wapping/data=!4m2!3m1!1s0x48760339deb1834b:0x72a0c07229ebd18d,,,Wanna go,wanna_go,ChIJS4Ox3jkDdkgRjdHrKXLAoHI,Smith's of Wapping,https://maps.google.com/?cid=8259813313159614861&g_mp=CiVnb29nbGUubWFwcy5wbGFjZXMudjEuUGxhY2VzLkdldFBsYWNlEAIYBCAA,"22 Wapping High St, London E1W 1NJ, UK",,Greater London,England,United Kingdom,GB,E1W 1NJ,51.504279499999996,-0.06612989999999999,seafood_restaurant,"seafood_restaurant, french_restaurant, restaurant, food, point_of_interest, establishment",OPERATIONAL,4.7,2409.0,,RESOLVED_FROM_URL
Vennel,,https://www.google.com/maps/place/Vennel/data=!4m2!3m1!1s0x4887c79bc748bb61:0x6689df3d4ff077b3,,,Wanna go,wanna_go,ChIJYbtIx5vHh0gRs3fwTz3fiWY,Vennel,https://maps.google.com/?cid=7388682118105167795&g_mp=CiVnb29nbGUubWFwcy5wbGFjZXMudjEuUGxhY2VzLkdldFBsYWNlEAIYBCAA,"Vennel, Edinburgh, UK",,Edinburgh,Scotland,United Kingdom,GB,,55.9463323,-3.1971406,,route,,,,,RESOLVED_FROM_URL
treen,,https://www.google.com/maps/place/treen/data=!4m2!3m1!1s0x4887c800d8300d4b:0x379e4c91445b21a2,,,Wanna go,wanna_go,ChIJSw0w2ADIh0gRoiFbRJFMnjc,treen,https://maps.google.com/?cid=4007724905207112098&g_mp=CiVnb29nbGUubWFwcy5wbGFjZXMudjEuUGxhY2VzLkdldFBsYWNlEAIYBCAA,"2-4 St Stephen Pl, Edinburgh EH3 5AJ, UK",,Edinburgh,Scotland,United Kingdom,GB,EH3 5AJ,55.957967999999994,-3.206901,clothing_store,"clothing_store, womens_clothing_store, home_goods_store, store, service, point_of_interest, establishment",OPERATIONAL,4.9,47.0,,RESOLVED_FROM_URL
Six by Nico Edinburgh - Hanover St,,https://www.google.com/maps/place/Six+by+Nico+Edinburgh+-+Hanover+St/data=!4m2!3m1!1s0x4887c7916b73111d:0x2bd9c0c8b34e08cb,,,Wanna go,wanna_go,ChIJHRFza5HHh0gRywhOs8jA2Ss,Six by Nico Edinburgh - Hanover St,https://maps.google.com/?cid=3159768581811341515&g_mp=CiVnb29nbGUubWFwcy5wbGFjZXMudjEuUGxhY2VzLkdldFBsYWNlEAIYBCAA,"97 Hanover St, Edinburgh EH2 1DJ, UK",,Edinburgh,Scotland,United Kingdom,GB,EH2 1DJ,55.9544863,-3.1974983,restaurant,"restaurant, food, point_of_interest, establishment",OPERATIONAL,4.7,2814.0,PRICE_LEVEL_MODERATE,RESOLVED_FROM_URL
The Last Drop,,https://www.google.com/maps/place/The+Last+Drop/data=!4m2!3m1!1s0x4887c79a5669b663:0x4b5cd27d8ffd1b32,,,Wanna go,wanna_go,ChIJY7ZpVprHh0gRMhv9j33SXEs,The Last Drop,https://maps.google.com/?cid=5430446687430449970&g_mp=CiVnb29nbGUubWFwcy5wbGFjZXMudjEuUGxhY2VzLkdldFBsYWNlEAIYBCAA,"74-78 Grassmarket, Edinburgh EH1 2JR, UK",,Edinburgh,Scotland,United Kingdom,GB,EH1 2JR,55.947857199999994,-3.1952767,pub,"pub, bar, point_of_interest, establishment",OPERATIONAL,4.4,5596.0,PRICE_LEVEL_MODERATE,RESOLVED_FROM_URL
The White Hart Inn,,https://www.google.com/maps/place/The+White+Hart+Inn/data=!4m2!3m1!1s0x4887c79a4b04cf35:0x8d5bb0653f9e479a,,,Wanna go,wanna_go,ChIJNc8ES5rHh0gRmkeeP2WwW40,The White Hart Inn,https://maps.google.com/?cid=10185928931134031770&g_mp=CiVnb29nbGUubWFwcy5wbGFjZXMudjEuUGxhY2VzLkdldFBsYWNlEAIYBCAA,"32-34 Grassmarket, Edinburgh EH1 2JU, UK",,Edinburgh,Scotland,United Kingdom,GB,EH1 2JU,55.9475383,-3.1968332,pub,"pub, bar, restaurant, food, point_of_interest, establishment",OPERATIONAL,4.4,3214.0,,RESOLVED_FROM_URL
Arthur's Seat,,https://www.google.com/maps/place/Arthur's+Seat/data=!4m2!3m1!1s0x4887b884112f22b9:0x218a466c41934cf0,,,Wanna go,wanna_go,ChIJuSIvEYS4h0gR8EyTQWxGiiE,Arthur's Seat,https://maps.google.com/?cid=2416821580808277232&g_mp=CiVnb29nbGUubWFwcy5wbGFjZXMudjEuUGxhY2VzLkdldFBsYWNlEAIYBCAA,"Arthur's Seat, Edinburgh EH15 3PY, UK",,Edinburgh,Scotland,United Kingdom,GB,EH15 3PY,55.94408250000001,-3.1618324,mountain_peak,"mountain_peak, natural_feature, establishment",,4.8,5021.0,,RESOLVED_FROM_URL
Calton Hill,,https://www.google.com/maps/place/Calton+Hill/data=!4m2!3m1!1s0x4887c7896e46c799:0x9181b664f75766dd,,,Wanna go,wanna_go,ChIJmcdGbonHh0gR3WZX92S2gZE,Calton Hill,https://maps.google.com/?cid=10484861952257910493&g_mp=CiVnb29nbGUubWFwcy5wbGFjZXMudjEuUGxhY2VzLkdldFBsYWNlEAIYBCAA,"Calton Hill, Edinburgh EH7 5AA, UK",,Edinburgh,Scotland,United Kingdom,GB,EH7 5AA,55.9550465,-3.1827408999999998,mountain_peak,"mountain_peak, natural_feature, establishment",,4.8,6784.0,,RESOLVED_FROM_URL
The Devil's Advocate,,https://www.google.com/maps/place/The+Devil's+Advocate/data=!4m2!3m1!1s0x4887c78556cfa907:0x12a9bbba5a579885,,,Wanna go,wanna_go,ChIJB6nPVoXHh0gRhZhXWrq7qRI,The Devil's Advocate,https://maps.google.com/?cid=1344812372800804997&g_mp=CiVnb29nbGUubWFwcy5wbGFjZXMudjEuUGxhY2VzLkdldFBsYWNlEAIYBCAA,"9 Advocate's Cl, Edinburgh EH1 1ND, UK",,Edinburgh,Scotland,United Kingdom,GB,EH1 1ND,55.950293599999995,-3.1916712,gastropub,"gastropub, bar_and_grill, bar, restaurant, food, point_of_interest, establishment",OPERATIONAL,4.5,5207.0,PRICE_LEVEL_MODERATE,RESOLVED_FROM_URL
Advocate's Close,,https://www.google.com/maps/place/Advocate's+Close/data=!4m2!3m1!1s0x4887c78551007b15:0x57edd87f2c5aa892,,,Wanna go,wanna_go,ChIJFXsAUYXHh0gRkqhaLH_Y7Vc,Advocate's Close,https://maps.google.com/?cid=6335958291496741010&g_mp=CiVnb29nbGUubWFwcy5wbGFjZXMudjEuUGxhY2VzLkdldFBsYWNlEAIYBCAA,"Edinburgh EH1 1ND, UK",,Edinburgh,Scotland,United Kingdom,GB,EH1 1ND,55.9498137,-3.1912722,tourist_attraction,"tourist_attraction, point_of_interest, establishment",OPERATIONAL,4.6,219.0,,RESOLVED_FROM_URL
Makars Mash Bar,,https://www.google.com/maps/place/Makars+Mash+Bar/data=!4m2!3m1!1s0x4887c79a9f5a91c9:0xb3e26ede3bf354,,,Wanna go,wanna_go,ChIJyZFan5rHh0gRVPM73m7iswA,Makars Mash Bar,https://maps.google.com/?cid=50632986633958228&g_mp=CiVnb29nbGUubWFwcy5wbGFjZXMudjEuUGxhY2VzLkdldFBsYWNlEAIYBCAA,"9-12 Bank St, Edinburgh EH1 2LN, UK",,Edinburgh,Scotland,United Kingdom,GB,EH1 2LN,55.9499436,-3.1930825000000005,british_restaurant,"british_restaurant, bar, restaurant, food, point_of_interest, establishment",OPERATIONAL,4.8,10618.0,PRICE_LEVEL_MODERATE,RESOLVED_FROM_URL
radiCibus,,https://www.google.com/maps/place/radiCibus/data=!4m2!3m1!1s0x4887c7be4a6325cb:0x97303a33cf18ad7d,,,Wanna go,wanna_go,ChIJyyVjSr7Hh0gRfa0YzzM6MJc,radiCibus,https://maps.google.com/?cid=10894271492801473917&g_mp=CiVnb29nbGUubWFwcy5wbGFjZXMudjEuUGxhY2VzLkdldFBsYWNlEAIYBCAA,"2 Deanhaugh St, Edinburgh EH4 1LY, UK",,Edinburgh,Scotland,United Kingdom,GB,EH4 1LY,55.9580303,-3.2092783999999996,italian_restaurant,"italian_restaurant, restaurant, food, point_of_interest, establishment",OPERATIONAL,4.8,271.0,,RESOLVED_FROM_URL
The Palmerston,,https://www.google.com/maps/place/The+Palmerston/data=!4m2!3m1!1s0x4887c7cbb762a3ef:0xb4052f357ef88b4e,,,Wanna go,wanna_go,ChIJ76Nit8vHh0gRTov4fjUvBbQ,The Palmerston,https://maps.google.com/?cid=12971826208520571726&g_mp=CiVnb29nbGUubWFwcy5wbGFjZXMudjEuUGxhY2VzLkdldFBsYWNlEAIYBCAA,"1 Palmerston Pl, Edinburgh EH12 5AF, UK",,Edinburgh,Scotland,United Kingdom,GB,EH12 5AF,55.9473043,-3.2151582999999997,restaurant,"restaurant, food, point_of_interest, establishment",OPERATIONAL,4.5,962.0,PRICE_LEVEL_MODERATE,RESOLVED_FROM_URL
Dune,,https://www.google.com/maps/place/Dune/data=!4m2!3m1!1s0x48865782432f8201:0xc12b78b1d3ed9814,,,Wanna go,wanna_go,ChIJAYIvQ4JXhkgRFJjt07F4K8E,Dune,https://maps.google.com/?cid=13919351778478757908&g_mp=CiVnb29nbGUubWFwcy5wbGFjZXMudjEuUGxhY2VzLkdldFBsYWNlEAIYBCAA,"80 North St, St Andrews KY16 9AH, UK",,Fife,Scotland,United Kingdom,GB,KY16 9AH,56.3411124,-2.7946647,restaurant,"restaurant, food, point_of_interest, establishment",OPERATIONAL,4.3,270.0,PRICE_LEVEL_MODERATE,RESOLVED_FROM_URL
St Andrews Links Clubhouse & Tom Morris Bar & Grill,,https://www.google.com/maps/place/St+Andrews+Links+Clubhouse+%26+Tom+Morris+Bar+%26+Grill/data=!4m2!3m1!1s0x48865781778964b5:0x44520f49274943ba,,,Wanna go,wanna_go,ChIJtWSJd4FXhkgRukNJJ0kPUkQ,St Andrews Links Clubhouse & Tom Morris Bar & Grill,https://maps.google.com/?cid=4923014149535515578&g_mp=CiVnb29nbGUubWFwcy5wbGFjZXMudjEuUGxhY2VzLkdldFBsYWNlEAIYBCAA,"W Sands Rd, St Andrews KY16 9XL, UK",,Fife,Scotland,United Kingdom,GB,KY16 9XL,56.3457752,-2.8084328,restaurant,"restaurant, breakfast_restaurant, golf_course, athletic_field, sports_activity_location, food, point_of_interest, establishment",OPERATIONAL,4.5,642.0,PRICE_LEVEL_MODERATE,RESOLVED_FROM_URL
Crofters,,https://www.google.com/maps/place/Crofters/data=!4m2!3m1!1s0x488f82bac2b7ae93:0x6333c74c353c15a7,,,Wanna go,wanna_go,ChIJk663wrqCj0gRpxU8NUzHM2M,Crofters,https://maps.google.com/?cid=7148276163691681191&g_mp=CiVnb29nbGUubWFwcy5wbGFjZXMudjEuUGxhY2VzLkdldFBsYWNlEAIYBCAA,"11 Marine Terrace, Rosemarkie, Fortrose IV10 8UL, UK",,Rosemarkie,Scotland,United Kingdom,GB,IV10 8UL,57.589796899999996,-4.1130997,cafe,"cafe, seafood_restaurant, food_store, store, restaurant, food, point_of_interest, establishment",OPERATIONAL,4.7,1502.0,PRICE_LEVEL_MODERATE,RESOLVED_FROM_URL
Swanston Farm,,https://www.google.com/maps/place/Swanston+Farm/data=!4m2!3m1!1s0x4887c72d2835ba27:0x7128ca576b9946a0,,,Wanna go,wanna_go,ChIJJ7o1KC3Hh0gRoEaZa1fKKHE,Swanston Farm,https://maps.google.com/?cid=8153989602170455712&g_mp=CiVnb29nbGUubWFwcy5wbGFjZXMudjEuUGxhY2VzLkdldFBsYWNlEAIYBCAA,"111 Swanston Rd, Edinburgh EH10 7DS, UK",,Edinburgh,Scotland,United Kingdom,GB,EH10 7DS,55.893623999999996,-3.2172628999999997,farm,"farm, point_of_interest, service, establishment",OPERATIONAL,4.7,567.0,,RESOLVED_FROM_URL
The Glenmorangie Distillery Co,,https://www.google.com/maps/place/The+Glenmorangie+Distillery+Co/data=!4m2!3m1!1s0x488f8eea3a1027cd:0xf571df9ffe44812c,,,Wanna go,wanna_go,ChIJzScQOuqOj0gRLIFE_p_fcfU,The Glenmorangie Distillery Co,https://maps.google.com/?cid=17686163089919344940&g_mp=CiVnb29nbGUubWFwcy5wbGFjZXMudjEuUGxhY2VzLkdldFBsYWNlEAIYBCAA,"A9, Tain IV19 1PZ, UK",,Highland Council,Scotland,United Kingdom,GB,IV19 1PZ,57.8265293,-4.077928,manufacturer,"tourist_attraction, manufacturer, point_of_interest, establishment",OPERATIONAL,4.4,648.0,,RESOLVED_FROM_URL
Arcade Bar Haggis & Whisky House,,https://www.google.com/maps/place/Arcade+Bar+Haggis+%26+Whisky+House/data=!4m2!3m1!1s0x4887c78f87bdef2b:0x169d0484e12a890d,,,Wanna go,wanna_go,ChIJK--9h4_Hh0gRDYkq4YQEnRY,Arcade Bar Haggis & Whisky House,https://maps.google.com/?cid=1629463608937842957&g_mp=CiVnb29nbGUubWFwcy5wbGFjZXMudjEuUGxhY2VzLkdldFBsYWNlEAIYBCAA,"48 Cockburn St, Jackson's Cl, Edinburgh EH1 1PB, UK",,Edinburgh,Scotland,United Kingdom,GB,EH1 1PB,55.950480799999994,-3.1888549,bar,"bar, restaurant, food, point_of_interest, establishment",OPERATIONAL,4.5,2585.0,PRICE_LEVEL_MODERATE,RESOLVED_FROM_URL
Dunrobin Castle,,https://www.google.com/maps/place/Dunrobin+Castle/data=!4m2!3m1!1s0x488ff56c3e55825f:0x96c224f848c0abbf,,,Wanna go,wanna_go,ChIJX4JVPmz1j0gRv6vASPgkwpY,Dunrobin Castle,https://maps.google.com/?cid=10863285899962133439&g_mp=CiVnb29nbGUubWFwcy5wbGFjZXMudjEuUGxhY2VzLkdldFBsYWNlEAIYBCAA,"Golspie KW10 6SF, UK",,Highland Council,Scotland,United Kingdom,GB,KW10 6SF,57.981842,-3.9454890999999996,castle,"castle, tourist_attraction, historical_place, point_of_interest, establishment",OPERATIONAL,4.7,9750.0,,RESOLVED_FROM_URL
The Cheesy Toast Shack,,https://www.google.com/maps/place/The+Cheesy+Toast+Shack/data=!4m2!3m1!1s0x488657314b53a999:0xc317f97e25dafde1,,,Wanna go,wanna_go,ChIJmalTSzFXhkgR4f3aJX75F8M,The Cheesy Toast Shack,https://maps.google.com/?cid=14057979082056596961&g_mp=CiVnb29nbGUubWFwcy5wbGFjZXMudjEuUGxhY2VzLkdldFBsYWNlEAIYBCAA,"Woodburn Pl, St Andrews KY16 8LA, UK",,Fife,Scotland,United Kingdom,GB,KY16 8LA,56.336253799999994,-2.7823599999999997,meal_takeaway,"meal_takeaway, fast_food_restaurant, restaurant, food, point_of_interest, establishment",OPERATIONAL,4.6,984.0,PRICE_LEVEL_INEXPENSIVE,RESOLVED_FROM_URL
Dook,,https://www.google.com/maps/place/Dook/data=!4m2!3m1!1s0x48865781126b3c35:0x928cd72b399ed4eb,,,Wanna go,wanna_go,ChIJNTxrEoFXhkgR69SeOSvXjJI,Dook,https://maps.google.com/?cid=10560051806927246571&g_mp=CiVnb29nbGUubWFwcy5wbGFjZXMudjEuUGxhY2VzLkdldFBsYWNlEAIYBCAA,"Dook, W Sands Rd, St Andrews KY16 9JD, UK",,Fife,Scotland,United Kingdom,GB,KY16 9JD,56.3467694,-2.8069299,cafe,"cafe, food, point_of_interest, establishment",OPERATIONAL,4.7,141.0,PRICE_LEVEL_INEXPENSIVE,RESOLVED_FROM_URL
Balgove Larder,,https://www.google.com/maps/place/Balgove+Larder/data=!4m2!3m1!1s0x4886577c7dbb257f:0x4870e8dad0921af2,,,Wanna go,wanna_go,ChIJfyW7fXxXhkgR8hqS0NrocEg,Balgove Larder,https://maps.google.com/?cid=5219927994622155506&g_mp=CiVnb29nbGUubWFwcy5wbGFjZXMudjEuUGxhY2VzLkdldFBsYWNlEAIYBCAA,"Strathtyrum Farm, Strathtyrum, St Andrews KY16 9SF, UK",,Fife,Scotland,United Kingdom,GB,KY16 9SF,56.3455553,-2.8235110999999997,food_store,"steak_house, butcher_shop, florist, cafe, food_store, manufacturer, store, restaurant, food, point_of_interest, service, establishment",OPERATIONAL,4.5,1060.0,,RESOLVED_FROM_URL
The Hermitage (National Trust for Scotland),,https://www.google.com/maps/place/The+Hermitage+(National+Trust+for+Scotland)/data=!4m2!3m1!1s0x4886192cf66049cf:0x6896d05d3afc5efa,,,Wanna go,wanna_go,ChIJz0lg9iwZhkgR-l78Ol3Qlmg,The Hermitage (National Trust for Scotland),https://maps.google.com/?cid=7536440125291257594&g_mp=CiVnb29nbGUubWFwcy5wbGFjZXMudjEuUGxhY2VzLkdldFBsYWNlEAIYBCAA,"H94P+X6, Old Military Rd, Dunkeld PH8 0JR, UK",,Perth and Kinross,Scotland,United Kingdom,GB,PH8 0JR,56.557484499999994,-3.6140042,national_park,"hiking_area, tourist_attraction, national_park, sports_activity_location, park, point_of_interest, establishment",OPERATIONAL,4.8,4194.0,,RESOLVED_FROM_URL
Scone Palace,,https://www.google.com/maps/place/Scone+Palace/data=!4m2!3m1!1s0x48863b61b0ea616f:0x340cdd1284dcd3e7,,,Wanna go,wanna_go,ChIJb2HqsGE7hkgR59PchBLdDDQ,Scone Palace,https://maps.google.com/?cid=3750615661300995047&g_mp=CiVnb29nbGUubWFwcy5wbGFjZXMudjEuUGxhY2VzLkdldFBsYWNlEAIYBCAA,"Perth PH2 6BD, UK",,Perth and Kinross,Scotland,United Kingdom,GB,PH2 6BD,56.4229014,-3.4382211,castle,"castle, historical_place, event_venue, point_of_interest, establishment",OPERATIONAL,4.6,5849.0,,RESOLVED_FROM_URL
Kinnoull Hill,,https://www.google.com/maps/place/Kinnoull+Hill/data=!4m2!3m1!1s0x48863bac80dd7fad:0xd0bb8ecf4d8e7c7e,,,Wanna go,wanna_go,ChIJrX_dgKw7hkgRfnyOTc-Ou9A,Kinnoull Hill,https://maps.google.com/?cid=15040772401544461438&g_mp=CiVnb29nbGUubWFwcy5wbGFjZXMudjEuUGxhY2VzLkdldFBsYWNlEAIYBCAA,"Kinnoull Hill, Perth PH2 7XZ, UK",,Perth and Kinross,Scotland,United Kingdom,GB,PH2 7XZ,56.3833333,-3.4,mountain_peak,"mountain_peak, natural_feature, establishment",,4.8,84.0,,RESOLVED_FROM_URL
Linlithgow Palace,,https://www.google.com/maps/place/Linlithgow+Palace/data=!4m2!3m1!1s0x4887d7868437e20b:0x8f4da4a9c4545673,,,Wanna go,wanna_go,ChIJC-I3hIbXh0gRc1ZUxKmkTY8,Linlithgow Palace,https://maps.google.com/?cid=10326090569680705139&g_mp=CiVnb29nbGUubWFwcy5wbGFjZXMudjEuUGxhY2VzLkdldFBsYWNlEAIYBCAA,"Kirkgate, Linlithgow EH49 7AL, UK",,West Lothian,Scotland,United Kingdom,GB,EH49 7AL,55.9789244,-3.6008396,historical_landmark,"historical_landmark, tourist_attraction, historical_place, point_of_interest, establishment",OPERATIONAL,4.7,5649.0,,RESOLVED_FROM_URL
Doune Castle,,https://www.google.com/maps/place/Doune+Castle/data=!4m2!3m1!1s0x48888bd24de4fcbf:0x5599d30a61b7fb39,,,Wanna go,wanna_go,ChIJv_zkTdKLiEgROfu3YQrTmVU,Doune Castle,https://maps.google.com/?cid=6168193206203185977&g_mp=CiVnb29nbGUubWFwcy5wbGFjZXMudjEuUGxhY2VzLkdldFBsYWNlEAIYBCAA,"Castle Hill, Doune FK16 6EA, UK",,Stirling,Scotland,United Kingdom,GB,FK16 6EA,56.185198899999996,-4.0499458,castle,"castle, tourist_attraction, historical_place, point_of_interest, establishment",OPERATIONAL,4.5,7746.0,,RESOLVED_FROM_URL
Midhope Castle,,https://www.google.com/maps/place/Midhope+Castle/data=!4m2!3m1!1s0x4887d08e0e24a40b:0xaba569f7937ebb5,,,Wanna go,wanna_go,ChIJC6QkDo7Qh0gRtes3eZ9Wugo,Midhope Castle,https://maps.google.com/?cid=773025528980958133&g_mp=CiVnb29nbGUubWFwcy5wbGFjZXMudjEuUGxhY2VzLkdldFBsYWNlEAIYBCAA,"Midhope Castle, Abercorn, South Queensferry EH30 9SL, UK",,Abercorn,Scotland,United Kingdom,GB,EH30 9SL,55.9921036,-3.4876587999999997,castle,"castle, tourist_attraction, historical_place, point_of_interest, establishment",OPERATIONAL,4.3,4146.0,,RESOLVED_FROM_URL
House of Bruar Fish and Chip Shop,,https://www.google.com/maps/place/House+of+Bruar+Fish+and+Chip+Shop/data=!4m2!3m1!1s0x4888ac28142bec15:0x90017e2505874b91,,,Wanna go,wanna_go,ChIJFewrFCisiEgRkUuHBSV-AZA,House of Bruar Fish and Chip Shop,https://maps.google.com/?cid=10376713713909975953&g_mp=CiVnb29nbGUubWFwcy5wbGFjZXMudjEuUGxhY2VzLkdldFBsYWNlEAIYBCAA,"By, Blair Atholl, Pitagowan, Pitlochry PH18 5TW, UK",,Pitagowan,Scotland,United Kingdom,GB,PH18 5TW,56.7705814,-3.9295133,meal_takeaway,"meal_takeaway, restaurant, food, point_of_interest, establishment",OPERATIONAL,4.4,783.0,PRICE_LEVEL_INEXPENSIVE,RESOLVED_FROM_URL
Baba,,https://www.google.com/maps/place/Baba/data=!4m2!3m1!1s0x4887c797db0356d9:0x695f7951d136fe1e,,,Wanna go,wanna_go,ChIJ2VYD25fHh0gRHv420VF5X2k,Baba,https://maps.google.com/?cid=7592920889079299614&g_mp=CiVnb29nbGUubWFwcy5wbGFjZXMudjEuUGxhY2VzLkdldFBsYWNlEAIYBCAA,"130 George St, Edinburgh EH2 4JZ, UK",,Edinburgh,Scotland,United Kingdom,GB,EH2 4JZ,55.9518582,-3.2059881999999997,bar,"bar, lebanese_restaurant, mediterranean_restaurant, restaurant, food, point_of_interest, establishment",OPERATIONAL,4.4,2448.0,PRICE_LEVEL_MODERATE,RESOLVED_FROM_URL
The Begging Bowl,,https://www.google.com/maps/place/The+Begging+Bowl/data=!4m2!3m1!1s0x48760398ce09a615:0x67ed1641e500d1b2,,,Wanna go,wanna_go,ChIJFaYJzpgDdkgRstEA5UEW7Wc,The Begging Bowl,https://maps.google.com/?cid=7488666227657724338&g_mp=CiVnb29nbGUubWFwcy5wbGFjZXMudjEuUGxhY2VzLkdldFBsYWNlEAIYBCAA,"168 Bellenden Rd, London SE15 4BW, UK",,Greater London,England,United Kingdom,GB,SE15 4BW,51.4673417,-0.0726222,thai_restaurant,"thai_restaurant, restaurant, food, point_of_interest, establishment",OPERATIONAL,4.4,792.0,PRICE_LEVEL_MODERATE,RESOLVED_FROM_URL
National Monument of Scotland,Vista increible ,https://www.google.com/maps/place/National+Monument+of+Scotland/data=!4m2!3m1!1s0x4887c7d5988e13a7:0xa90f1ac6642f202d,,,Wanna go,wanna_go,ChIJpxOOmNXHh0gRLSAvZMYaD6k,National Monument of Scotland,https://maps.google.com/?cid=12181984956447137837&g_mp=CiVnb29nbGUubWFwcy5wbGFjZXMudjEuUGxhY2VzLkdldFBsYWNlEAIYBCAA,"Calton Hill, Edinburgh EH7 5AA, UK",,Edinburgh,Scotland,United Kingdom,GB,EH7 5AA,55.9547653,-3.1819062,historical_landmark,"historical_landmark, tourist_attraction, historical_place, point_of_interest, establishment",OPERATIONAL,4.7,3038.0,,RESOLVED_FROM_URL
The Ship on The Shore,Baras mariscos,https://www.google.com/maps/place/The+Ship+on+The+Shore/data=!4m2!3m1!1s0x4887b804f7aada77:0x18b42d9ba477293c,,,Wanna go,wanna_go,ChIJd9qq9wS4h0gRPCl3pJsttBg,The Ship on The Shore,https://maps.google.com/?cid=1780097899220642108&g_mp=CiVnb29nbGUubWFwcy5wbGFjZXMudjEuUGxhY2VzLkdldFBsYWNlEAIYBCAA,"24-26 Shore, Leith, Edinburgh EH6 6QN, UK",Leith,Edinburgh,Scotland,United Kingdom,GB,EH6 6QN,55.976619199999995,-3.1693069,restaurant,"breakfast_restaurant, seafood_restaurant, pub, bar, restaurant, food, point_of_interest, establishment",OPERATIONAL,4.5,1958.0,PRICE_LEVEL_MODERATE,RESOLVED_FROM_URL
The Bon Vivant,,https://www.google.com/maps/place/The+Bon+Vivant/data=!4m2!3m1!1s0x4887c796cb6a0a1b:0x6f797ecd505b88dc,,,Wanna go,wanna_go,ChIJGwpqy5bHh0gR3IhbUM1-eW8,The Bon Vivant,https://maps.google.com/?cid=8032590830673561820&g_mp=CiVnb29nbGUubWFwcy5wbGFjZXMudjEuUGxhY2VzLkdldFBsYWNlEAIYBCAA,"55 Thistle St, Edinburgh EH2 1DY, UK",,Edinburgh,Scotland,United Kingdom,GB,EH2 1DY,55.9539999,-3.1997123,bar,"bar, restaurant, food, point_of_interest, establishment",CLOSED_PERMANENTLY,4.7,1010.0,PRICE_LEVEL_MODERATE,RESOLVED_FROM_URL
The Milkman,,https://www.google.com/maps/place/The+Milkman/data=!4m2!3m1!1s0x4887c78ff097b1df:0x2e3b67988666ce3f,,,Wanna go,wanna_go,ChIJ37GX8I_Hh0gRP85mhphnOy4,The Milkman,https://maps.google.com/?cid=3331370254158188095&g_mp=CiVnb29nbGUubWFwcy5wbGFjZXMudjEuUGxhY2VzLkdldFBsYWNlEAIYBCAA,"7 Cockburn St, Edinburgh EH1 1BP, UK",,Edinburgh,Scotland,United Kingdom,GB,EH1 1BP,55.950687699999996,-3.1909208,coffee_shop,"coffee_shop, cafe, food_store, store, food, point_of_interest, establishment",OPERATIONAL,4.4,3446.0,PRICE_LEVEL_INEXPENSIVE,RESOLVED_FROM_URL
The Oxford Bar,,https://www.google.com/maps/place/The+Oxford+Bar/data=!4m2!3m1!1s0x4887c7964bb6afbd:0x5afd7d122c9f44eb,,,Wanna go,wanna_go,ChIJva-2S5bHh0gR60SfLBJ9_Vo,The Oxford Bar,https://maps.google.com/?cid=6556534149532828907&g_mp=CiVnb29nbGUubWFwcy5wbGFjZXMudjEuUGxhY2VzLkdldFBsYWNlEAIYBCAA,"8 Young St, Edinburgh EH2 4JB, UK",,Edinburgh,Scotland,United Kingdom,GB,EH2 4JB,55.9529694,-3.20465,pub,"pub, bar, point_of_interest, establishment",OPERATIONAL,4.5,1150.0,PRICE_LEVEL_MODERATE,RESOLVED_FROM_URL
White Horse Oyster & Seafood Bar,,https://www.google.com/maps/place/White+Horse+Oyster+%26+Seafood+Bar/data=!4m2!3m1!1s0x4887c788a7900c01:0xde5c186c423d0103,,,Wanna go,wanna_go,ChIJAQyQp4jHh0gRAwE9QmwYXN4,White Horse Oyster & Seafood Bar,https://maps.google.com/?cid=16022708427524210947&g_mp=CiVnb29nbGUubWFwcy5wbGFjZXMudjEuUGxhY2VzLkdldFBsYWNlEAIYBCAA,"Royal Mile, 266 Canongate, Edinburgh EH8 8AA, UK",,Edinburgh,Scotland,United Kingdom,GB,EH8 8AA,55.950568399999995,-3.1835397999999997,seafood_restaurant,"seafood_restaurant, cocktail_bar, oyster_bar_restaurant, bar, restaurant, point_of_interest, food, establishment",OPERATIONAL,4.4,1725.0,PRICE_LEVEL_MODERATE,RESOLVED_FROM_URL
Alby's Leith,,https://www.google.com/maps/place/Alby's+Leith/data=!4m2!3m1!1s0x4887b91195e8fb0b:0x6ea6123a1a5a6968,,,Wanna go,wanna_go,ChIJC_volRG5h0gRaGlaGjoSpm4,Alby's Leith,https://maps.google.com/?cid=7973080231065577832&g_mp=CiVnb29nbGUubWFwcy5wbGFjZXMudjEuUGxhY2VzLkdldFBsYWNlEAIYBCAA,"Alby's, 8 Portland Pl, Edinburgh EH6 6LA, UK",,Edinburgh,Scotland,United Kingdom,GB,EH6 6LA,55.9778701,-3.1803917,sandwich_shop,"sandwich_shop, restaurant, food, point_of_interest, establishment",OPERATIONAL,4.8,395.0,PRICE_LEVEL_INEXPENSIVE,RESOLVED_FROM_URL
Alby's Southside,,https://www.google.com/maps/place/Alby's+Southside/data=!4m2!3m1!1s0x4887c75b33742c77:0x92bf9c8899022d3c,,,Wanna go,wanna_go,ChIJdyx0M1vHh0gRPC0CmYicv5I,Alby's Southside,https://maps.google.com/?cid=10574342560585755964&g_mp=CiVnb29nbGUubWFwcy5wbGFjZXMudjEuUGxhY2VzLkdldFBsYWNlEAIYBCAA,"94 Buccleuch St, Edinburgh EH8 9NH, UK",,Edinburgh,Scotland,United Kingdom,GB,EH8 9NH,55.941698499999994,-3.1838699999999998,sandwich_shop,"sandwich_shop, bakery, food_store, store, restaurant, food, point_of_interest, establishment",OPERATIONAL,4.7,206.0,PRICE_LEVEL_INEXPENSIVE,RESOLVED_FROM_URL
Civerinos Stockbridge,,https://www.google.com/maps/place/Civerinos+Stockbridge/data=!4m2!3m1!1s0x4887c75a52056797:0xfd8b0de5eded92f4,,,Wanna go,wanna_go,ChIJl2cFUlrHh0gR9JLt7eUNi_0,Civerinos,https://maps.google.com/?cid=18269711594548990708&g_mp=CiVnb29nbGUubWFwcy5wbGFjZXMudjEuUGxhY2VzLkdldFBsYWNlEAIYBCAA,"48 Raeburn Pl, Edinburgh EH4 1HL, UK",,Edinburgh,Scotland,United Kingdom,GB,EH4 1HL,55.9591992,-3.2122419,restaurant,"restaurant, food, point_of_interest, establishment",OPERATIONAL,4.3,430.0,PRICE_LEVEL_MODERATE,RESOLVED_FROM_URL
Toast,,https://www.google.com/maps/place/Toast/data=!4m2!3m1!1s0x4887b805b0aa4d87:0xd724cc3b85b1c6f9,,,Wanna go,wanna_go,ChIJh02qsAW4h0gR-caxhTvMJNc,Toast,https://maps.google.com/?cid=15502740373334247161&g_mp=CiVnb29nbGUubWFwcy5wbGFjZXMudjEuUGxhY2VzLkdldFBsYWNlEAIYBCAA,"65 Shore, Leith, Edinburgh EH6 6RA, UK",Leith,Edinburgh,Scotland,United Kingdom,GB,EH6 6RA,55.975256099999996,-3.1706949000000004,restaurant,"restaurant, wine_bar, breakfast_restaurant, bar, food, point_of_interest, establishment",OPERATIONAL,4.5,1447.0,PRICE_LEVEL_MODERATE,RESOLVED_FROM_URL
Williams & Johnson Coffee Co.,,https://www.google.com/maps/place/Williams+%26+Johnson+Coffee+Co./data=!4m2!3m1!1s0x4887b80444c2f7f3:0x48cec96ab41b4c5e,,,Wanna go,wanna_go,ChIJ8_fCRAS4h0gRXkwbtGrJzkg,Williams & Johnson Coffee Co.,https://maps.google.com/?cid=5246352076058610782&g_mp=CiVnb29nbGUubWFwcy5wbGFjZXMudjEuUGxhY2VzLkdldFBsYWNlEAIYBCAA,"CUSTOM LANE, 1 Customs Wharf, Leith, Edinburgh EH6 6AL, UK",Leith,Edinburgh,Scotland,United Kingdom,GB,EH6 6AL,55.9768422,-3.1705056,coffee_roastery,"coffee_roastery, food_store, store, food, point_of_interest, establishment",OPERATIONAL,4.6,350.0,,RESOLVED_FROM_URL
The Scotsman's Lounge,,https://www.google.com/maps/place/The+Scotsman's+Lounge/data=!4m2!3m1!1s0x4887c7857ff5944f:0x7b7aed2a914874d4,,,Wanna go,wanna_go,ChIJT5T1f4XHh0gR1HRIkSrtens,The Scotsman's Lounge,https://maps.google.com/?cid=8897684780905690324&g_mp=CiVnb29nbGUubWFwcy5wbGFjZXMudjEuUGxhY2VzLkdldFBsYWNlEAIYBCAA,"73 Cockburn St, Edinburgh EH1 1BU, UK",,Edinburgh,Scotland,United Kingdom,GB,EH1 1BU,55.9503705,-3.1881671999999996,pub,"pub, bar, point_of_interest, establishment",OPERATIONAL,4.5,1704.0,PRICE_LEVEL_MODERATE,RESOLVED_FROM_URL
Lannan Bakery,,https://www.google.com/maps/place/Lannan+Bakery/data=!4m2!3m1!1s0x4887c72a2ce81ef9:0xdb9ed6e148106ff2,,,Wanna go,wanna_go,ChIJ-R7oLCrHh0gR8m8QSOHWnts,Lannan Bakery,https://maps.google.com/?cid=15825322403691524082&g_mp=CiVnb29nbGUubWFwcy5wbGFjZXMudjEuUGxhY2VzLkdldFBsYWNlEAIYBCAA,"29-35 Hamilton Pl, Edinburgh EH3 5BA, UK",,Edinburgh,Scotland,United Kingdom,GB,EH3 5BA,55.959794599999995,-3.2067364,bakery,"bakery, food_store, store, food, point_of_interest, establishment",OPERATIONAL,4.4,1495.0,PRICE_LEVEL_MODERATE,RESOLVED_FROM_URL
The Outsider Restaurant,,https://www.google.com/maps/place/The+Outsider+Restaurant/data=!4m2!3m1!1s0x4887c79ad16bc623:0x1c4161e613b433e0,,,Wanna go,wanna_go,ChIJI8Zr0ZrHh0gR4DO0E-ZhQRw,The Outsider Restaurant,https://maps.google.com/?cid=2036016147349124064&g_mp=CiVnb29nbGUubWFwcy5wbGFjZXMudjEuUGxhY2VzLkdldFBsYWNlEAIYBCAA,"15-16 George IV Bridge, Edinburgh EH1 1EE, UK",,Edinburgh,Scotland,United Kingdom,GB,EH1 1EE,55.947850599999995,-3.1919328,restaurant,"restaurant, european_restaurant, british_restaurant, food, point_of_interest, establishment",OPERATIONAL,4.4,2811.0,PRICE_LEVEL_MODERATE,RESOLVED_FROM_URL
Royal Mile,,https://www.google.com/maps/place/Royal+Mile/data=!4m2!3m1!1s0x4887c785f515e389:0x364ad16cf392cb1e,,,Wanna go,wanna_go,ChIJieMV9YXHh0gRHsuS82zRSjY,Royal Mile,https://maps.google.com/?cid=3912169492197853982&g_mp=CiVnb29nbGUubWFwcy5wbGFjZXMudjEuUGxhY2VzLkdldFBsYWNlEAIYBCAA,"Edinburgh EH1 1QS, UK",,Edinburgh,Scotland,United Kingdom,GB,EH1 1QS,55.9501093,-3.188021,tourist_attraction,"tourist_attraction, point_of_interest, establishment",OPERATIONAL,4.7,24787.0,,RESOLVED_FROM_URL
Victoria St,,https://www.google.com/maps/place/Victoria+St/data=!4m2!3m1!1s0x4887c79ac1b89f3d:0x7d7a2fe9fb8d7273,,,Wanna go,wanna_go,ChIJPZ-4wZrHh0gRc3KN--kven0,Victoria Street,https://maps.google.com/?cid=9041591883893928563&g_mp=CiVnb29nbGUubWFwcy5wbGFjZXMudjEuUGxhY2VzLkdldFBsYWNlEAIYBCAA,"Victoria St, Edinburgh, UK",,Edinburgh,Scotland,United Kingdom,GB,,55.9487342,-3.1931981,,route,,,,,RESOLVED_FROM_URL
The Grange Inn,,https://www.google.com/maps/place/The+Grange+Inn/data=!4m2!3m1!1s0x488657c77927bdc5:0x5778736a65927695,,,Wanna go,wanna_go,ChIJxb0necdXhkgRlXaSZWpzeFc,The Grange Inn,https://maps.google.com/?cid=6302914579312834197&g_mp=CiVnb29nbGUubWFwcy5wbGFjZXMudjEuUGxhY2VzLkdldFBsYWNlEAIYBCAA,"Grange Rd, St Andrews KY16 8LJ, UK",,Fife,Scotland,United Kingdom,GB,KY16 8LJ,56.3205823,-2.7797297,restaurant,"restaurant, food, point_of_interest, establishment",OPERATIONAL,4.9,214.0,PRICE_LEVEL_MODERATE,RESOLVED_FROM_URL
Forgan's St Andrews,,https://www.google.com/maps/place/Forgan's+St+Andrews/data=!4m2!3m1!1s0x4886578557c596d3:0x5cb70c90947722d0,,,Wanna go,wanna_go,ChIJ05bFV4VXhkgR0CJ3lJAMt1w,Forgan's St Andrews,https://maps.google.com/?cid=6680822387333079760&g_mp=CiVnb29nbGUubWFwcy5wbGFjZXMudjEuUGxhY2VzLkdldFBsYWNlEAIYBCAA,"110 Market St, St Andrews KY16 9PB, UK",,Fife,Scotland,United Kingdom,GB,KY16 9PB,56.3403004,-2.7969841,british_restaurant,"family_restaurant, live_music_venue, event_venue, bar, british_restaurant, restaurant, food, point_of_interest, establishment",OPERATIONAL,4.3,2307.0,PRICE_LEVEL_MODERATE,RESOLVED_FROM_URL
The Criterion,,https://www.google.com/maps/place/The+Criterion/data=!4m2!3m1!1s0x4886579004371e4d:0xaef0629d0d275bea,,,Wanna go,wanna_go,ChIJTR43BJBXhkgR6lsnDZ1i8K4,The Criterion,https://maps.google.com/?cid=12605683783680089066&g_mp=CiVnb29nbGUubWFwcy5wbGFjZXMudjEuUGxhY2VzLkdldFBsYWNlEAIYBCAA,"99 South St, St Andrews KY16 9QW, UK",,Fife,Scotland,United Kingdom,GB,KY16 9QW,56.339565199999996,-2.7946389,bar,"bar, restaurant, food, point_of_interest, establishment",OPERATIONAL,4.6,1443.0,PRICE_LEVEL_MODERATE,RESOLVED_FROM_URL
Spry Wines,Recomendado por sammy bryan,https://www.google.com/maps/place/Spry+Wines/data=!4m2!3m1!1s0x4887c7da4f1b2153:0xdf2aa0ea0c0746cf,,,Wanna go,wanna_go,ChIJUyEbT9rHh0gRz0YHDOqgKt8,Spry Wines,https://maps.google.com/?cid=16080842346564372175&g_mp=CiVnb29nbGUubWFwcy5wbGFjZXMudjEuUGxhY2VzLkdldFBsYWNlEAIYBCAA,"1 Haddington Pl, Edinburgh EH7 4AE, UK",,Edinburgh,Scotland,United Kingdom,GB,EH7 4AE,55.9592525,-3.1838871,wine_bar,"wine_bar, liquor_store, bar, restaurant, food, point_of_interest, store, establishment",OPERATIONAL,4.6,300.0,PRICE_LEVEL_MODERATE,RESOLVED_FROM_URL
Acai And The Tribe,,https://www.google.com/maps/place/Acai+And+The+Tribe/data=!4m2!3m1!1s0x4876052b560bedf1:0x8589cc26db7aeb9f,,,Wanna go,wanna_go,ChIJ8e0LVisFdkgRn-t62ybMiYU,Acai And The Tribe,https://maps.google.com/?cid=9622446546116864927&g_mp=CiVnb29nbGUubWFwcy5wbGFjZXMudjEuUGxhY2VzLkdldFBsYWNlEAIYBCAA,"279 Fulham Rd., London SW10 9QA, UK",,Greater London,England,United Kingdom,GB,SW10 9QA,51.487443299999995,-0.1782807,acai_shop,"acai_shop, brazilian_restaurant, restaurant, food, point_of_interest, establishment",OPERATIONAL,4.6,260.0,PRICE_LEVEL_MODERATE,RESOLVED_FROM_URL
The Atlas,,https://www.google.com/maps/place/The+Atlas/data=!4m2!3m1!1s0x48760f8efe9ef66d:0x6963afa1af4e0c2d,,,Wanna go,wanna_go,ChIJbfae_o4PdkgRLQxOr6GvY2k,The Atlas,https://maps.google.com/?cid=7594106505642511405&g_mp=CiVnb29nbGUubWFwcy5wbGFjZXMudjEuUGxhY2VzLkdldFBsYWNlEAIYBCAA,"16 Seagrave Rd, London SW6 1RX, UK",,Greater London,England,United Kingdom,GB,SW6 1RX,51.486185299999995,-0.196257,pub,"pub, gastropub, bar, restaurant, food, point_of_interest, establishment",OPERATIONAL,4.4,987.0,PRICE_LEVEL_MODERATE,RESOLVED_FROM_URL
The Vault,,https://www.google.com/maps/place/The+Vault/data=!4m2!3m1!1s0x487604d2cce259a7:0x58085ffdde363925,,,Wanna go,wanna_go,ChIJp1nizNIEdkgRJTk23v1fCFg,The Vault,https://maps.google.com/?cid=6343425619110803749&g_mp=CiVnb29nbGUubWFwcy5wbGFjZXMudjEuUGxhY2VzLkdldFBsYWNlEAIYBCAA,"3 Greek St, London W1D 4NX, UK",,Greater London,England,United Kingdom,GB,W1D 4NX,51.514810499999996,-0.1312439,cocktail_bar,"cocktail_bar, pub, liquor_store, bar, store, point_of_interest, establishment",OPERATIONAL,4.5,557.0,PRICE_LEVEL_MODERATE,RESOLVED_FROM_URL
Yeni,,https://www.google.com/maps/place/Yeni/data=!4m2!3m1!1s0x48760569c3227db5:0x4d765efd66068dac,,,Wanna go,wanna_go,ChIJtX0iw2kFdkgRrI0GZv1edk0,Yeni,https://maps.google.com/?cid=5581753230603750828&g_mp=CiVnb29nbGUubWFwcy5wbGFjZXMudjEuUGxhY2VzLkdldFBsYWNlEAIYBCAA,"55 Beak St, Carnaby, London W1F 9SH, UK",Carnaby,Greater London,England,United Kingdom,GB,W1F 9SH,51.5126712,-0.1371098,turkish_restaurant,"turkish_restaurant, mediterranean_restaurant, middle_eastern_restaurant, restaurant, food, point_of_interest, establishment",OPERATIONAL,4.8,2700.0,,RESOLVED_FROM_URL
Al Santo,,https://www.google.com/maps/place/Al+Santo/data=!4m2!3m1!1s0x48760f851b116835:0x7e240882121ffc5,,,Wanna go,wanna_go,ChIJNWgRG4UPdkgRxf8hIYhA4gc,Al Santo,https://maps.google.com/?cid=568087456417710021&g_mp=CiVnb29nbGUubWFwcy5wbGFjZXMudjEuUGxhY2VzLkdldFBsYWNlEAIYBCAA,"23 Vanston Pl, London SW6 1AZ, UK",,Greater London,England,United Kingdom,GB,SW6 1AZ,51.4811714,-0.1976759,italian_restaurant,"italian_restaurant, restaurant, food, point_of_interest, establishment",OPERATIONAL,4.6,914.0,PRICE_LEVEL_MODERATE,RESOLVED_FROM_URL
Next Door Records (record shop),,https://www.google.com/maps/place/Next+Door+Records+(record+shop)/data=!4m2!3m1!1s0x48760fd25051cdcf:0x4e76ce95ee425ffb,,,Wanna go,wanna_go,ChIJz81RUNIPdkgR-19C7pXOdk4,Next Door Records,https://maps.google.com/?cid=5653933525553012731&g_mp=CiVnb29nbGUubWFwcy5wbGFjZXMudjEuUGxhY2VzLkdldFBsYWNlEAIYBCAA,"304 Uxbridge Rd, London W12 7LJ, UK",,Greater London,England,United Kingdom,GB,W12 7LJ,51.5064189,-0.2315084,store,"liquor_store, live_music_venue, cafe, event_venue, bar, store, food, point_of_interest, establishment",OPERATIONAL,4.6,276.0,,RESOLVED_FROM_URL
Fatt Pundit,,https://www.google.com/maps/place/Fatt+Pundit/data=!4m2!3m1!1s0x487605bfc7dd70a3:0x8cffae89825e1055,,,Wanna go,wanna_go,ChIJo3Ddx78FdkgRVRBegomu_4w,Fatt Pundit,https://maps.google.com/?cid=10160031189992083541&g_mp=CiVnb29nbGUubWFwcy5wbGFjZXMudjEuUGxhY2VzLkdldFBsYWNlEAIYBCAA,"77 Berwick St, London W1F 8TH, UK",,Greater London,England,United Kingdom,GB,W1F 8TH,51.5143645,-0.1357301,asian_fusion_restaurant,"asian_fusion_restaurant, fusion_restaurant, asian_restaurant, cantonese_restaurant, halal_restaurant, vegan_restaurant, vegetarian_restaurant, chinese_restaurant, restaurant, food, point_of_interest, establishment",OPERATIONAL,4.8,14361.0,PRICE_LEVEL_MODERATE,RESOLVED_FROM_URL
El Inca Plebeyo Restaurant,,https://www.google.com/maps/place/El+Inca+Plebeyo+Restaurant/data=!4m2!3m1!1s0x48761b610ab1897b:0x7ec2cc0f30f6733c,,,Wanna go,wanna_go,ChIJe4mxCmEbdkgRPHP2MA_Mwn4,El Inca Plebeyo Restaurant,https://maps.google.com/?cid=9134087359878820668&g_mp=CiVnb29nbGUubWFwcy5wbGFjZXMudjEuUGxhY2VzLkdldFBsYWNlEAIYBCAA,"162 Essex Rd, London N1 8LY, UK",,Greater London,England,United Kingdom,GB,N1 8LY,51.5398894,-0.0966967,restaurant,"brunch_restaurant, cocktail_bar, latin_american_restaurant, vegan_restaurant, south_american_restaurant, meal_takeaway, vegetarian_restaurant, bar, seafood_restaurant, restaurant, food, point_of_interest, establishment",OPERATIONAL,4.7,1235.0,PRICE_LEVEL_MODERATE,RESOLVED_FROM_URL
Namaiki,,https://www.google.com/maps/place/Namaiki/data=!4m2!3m1!1s0x4876057b4689de29:0x9f5b9ad9a589bf4e,,,Wanna go,wanna_go,ChIJKd6JRnsFdkgRTr-JpdmaW58,Namaiki,https://maps.google.com/?cid=11482941934487060302&g_mp=CiVnb29nbGUubWFwcy5wbGFjZXMudjEuUGxhY2VzLkdldFBsYWNlEAIYBCAA,"14 Broadwick St, London W1F 8HP, UK",,Greater London,England,United Kingdom,GB,W1F 8HP,51.514029400000005,-0.1349968,sushi_restaurant,"sushi_restaurant, japanese_restaurant, restaurant, point_of_interest, food, establishment",OPERATIONAL,4.7,240.0,PRICE_LEVEL_VERY_EXPENSIVE,RESOLVED_FROM_URL
Intermission Coffee,,https://www.google.com/maps/place/Intermission+Coffee/data=!4m2!3m1!1s0x487611a8f88a53c7:0xc84f5d173ae047c5,,,Wanna go,wanna_go,ChIJx1OK-KgRdkgRxUfgOhddT8g,Intermission Coffee,https://maps.google.com/?cid=14433857685099136965&g_mp=CiVnb29nbGUubWFwcy5wbGFjZXMudjEuUGxhY2VzLkdldFBsYWNlEAIYBCAA,"Unit 2 The, Heritage Ln, London NW6 2BR, UK",,Greater London,England,United Kingdom,GB,NW6 2BR,51.5472794,-0.19136899999999998,coffee_shop,"coffee_shop, cafe, food_store, store, food, point_of_interest, establishment",OPERATIONAL,4.7,404.0,PRICE_LEVEL_INEXPENSIVE,RESOLVED_FROM_URL
Paul Rothe & Son,Coronation chicken sandwich,https://www.google.com/maps/place/Paul+Rothe+%26+Son/data=!4m2!3m1!1s0x48761ad2ee16db9f:0xef6fc3d29e5179aa,,,Wanna go,wanna_go,ChIJn9sW7tIadkgRqnlRntLDb-8,Paul Rothe & Son,https://maps.google.com/?cid=17253224006846347690&g_mp=CiVnb29nbGUubWFwcy5wbGFjZXMudjEuUGxhY2VzLkdldFBsYWNlEAIYBCAA,"35 Marylebone Ln, London W1U 2NN, UK",,Greater London,England,United Kingdom,GB,W1U 2NN,51.516828999999994,-0.1508311,deli,"deli, sandwich_shop, coffee_shop, cafe, food_store, store, restaurant, food, point_of_interest, establishment",OPERATIONAL,4.8,656.0,PRICE_LEVEL_INEXPENSIVE,RESOLVED_FROM_URL
Cavita,,https://www.google.com/maps/place/Cavita/data=!4m2!3m1!1s0x48761b393572e0d7:0xf713f041e8992ec2,,,Wanna go,wanna_go,ChIJ1-ByNTkbdkgRwi6Z6EHwE_c,Cavita,https://maps.google.com/?cid=17803837917791596226&g_mp=CiVnb29nbGUubWFwcy5wbGFjZXMudjEuUGxhY2VzLkdldFBsYWNlEAIYBCAA,"56-60 Wigmore St, London W1U 2RZ, UK",,Greater London,England,United Kingdom,GB,W1U 2RZ,51.5163825,-0.1495688,mexican_restaurant,"mexican_restaurant, restaurant, food, point_of_interest, establishment",OPERATIONAL,4.3,921.0,PRICE_LEVEL_VERY_EXPENSIVE,RESOLVED_FROM_URL
Aki London,,https://www.google.com/maps/place/Aki+London/data=!4m2!3m1!1s0x48761b197f8f8385:0xc98bdc7a0935849b,,,Wanna go,wanna_go,ChIJhYOPfxkbdkgRm4Q1CXrci8k,Aki London,https://maps.google.com/?cid=14522943840084919451&g_mp=CiVnb29nbGUubWFwcy5wbGFjZXMudjEuUGxhY2VzLkdldFBsYWNlEAIYBCAA,"1 Cavendish Square, London W1G 0LA, UK",,Greater London,England,United Kingdom,GB,W1G 0LA,51.516330599999996,-0.1435976,japanese_restaurant,"japanese_restaurant, asian_restaurant, sushi_restaurant, steak_house, restaurant, food, point_of_interest, establishment",OPERATIONAL,4.6,266.0,PRICE_LEVEL_VERY_EXPENSIVE,RESOLVED_FROM_URL
Elliot’s - South Hackney,,https://www.google.com/maps/place/Elliot%E2%80%99s+-+South+Hackney/data=!4m2!3m1!1s0x48761d96330c329b:0x37a9eaf0ab4df8e4,,,Wanna go,wanna_go,ChIJmzIMM5YddkgR5PhNq_DqqTc,Elliot’s - Hackney,https://maps.google.com/?cid=4010995262537201892&g_mp=CiVnb29nbGUubWFwcy5wbGFjZXMudjEuUGxhY2VzLkdldFBsYWNlEAIYBCAA,"121-123 Mare St, London E8 4RH, UK",,Greater London,England,United Kingdom,GB,E8 4RH,51.5380652,-0.0575667,restaurant,"restaurant, food, point_of_interest, establishment",OPERATIONAL,4.4,493.0,PRICE_LEVEL_EXPENSIVE,RESOLVED_FROM_URL
Riffs,,https://www.google.com/maps/place/Riffs/data=!4m2!3m1!1s0x48760fe78240fe27:0xf5aa7cba92da7775,,,Wanna go,wanna_go,ChIJJ_5AgucPdkgRdXfakrp8qvU,Riffs,https://maps.google.com/?cid=17702098426102708085&g_mp=CiVnb29nbGUubWFwcy5wbGFjZXMudjEuUGxhY2VzLkdldFBsYWNlEAIYBCAA,"5a Normand Rd, London W14 9PT, UK",,Greater London,England,United Kingdom,GB,W14 9PT,51.4853394,-0.20674199999999998,coffee_shop,"coffee_shop, cafe, food_store, store, food, point_of_interest, establishment",OPERATIONAL,4.9,240.0,PRICE_LEVEL_INEXPENSIVE,RESOLVED_FROM_URL
Champor-Champor,,https://www.google.com/maps/place/Champor-Champor/data=!4m2!3m1!1s0x4876035a57559f59:0xe3cff852f6d1a545,,,Wanna go,wanna_go,ChIJWZ9VV1oDdkgRRaXR9lL4z-M,Champor-Champor,https://maps.google.com/?cid=16415612202000688453&g_mp=CiVnb29nbGUubWFwcy5wbGFjZXMudjEuUGxhY2VzLkdldFBsYWNlEAIYBCAA,"62-64 Weston St, London SE1 3QJ, UK",,Greater London,England,United Kingdom,GB,SE1 3QJ,51.502491199999994,-0.08542229999999999,thai_restaurant,"thai_restaurant, restaurant, food, point_of_interest, establishment",OPERATIONAL,4.5,1344.0,PRICE_LEVEL_MODERATE,RESOLVED_FROM_URL
Beast,,https://www.google.com/maps/place/Beast/data=!4m2!3m1!1s0x48761ad35603f475:0x251affc33e9100cb,,,Wanna go,wanna_go,ChIJdfQDVtMadkgRywCRPsP_GiU,Beast,https://maps.google.com/?cid=2673730542831206603&g_mp=CiVnb29nbGUubWFwcy5wbGFjZXMudjEuUGxhY2VzLkdldFBsYWNlEAIYBCAA,"3 Chapel Pl, London W1G 0BG, UK",,Greater London,England,United Kingdom,GB,W1G 0BG,51.5152845,-0.1469161,steak_house,"steak_house, cocktail_bar, wine_bar, fine_dining_restaurant, bar, seafood_restaurant, restaurant, food, point_of_interest, establishment",OPERATIONAL,4.6,1406.0,PRICE_LEVEL_VERY_EXPENSIVE,RESOLVED_FROM_URL
Pub On The Park,,https://www.google.com/maps/place/Pub+On+The+Park/data=!4m2!3m1!1s0x48761ce5f0fff627:0xe9be1c630f1a9d7b,,,Wanna go,wanna_go,ChIJJ_b_8OUcdkgRe50aD2Mcvuk,Pub On The Park,https://maps.google.com/?cid=16842930868192976251&g_mp=CiVnb29nbGUubWFwcy5wbGFjZXMudjEuUGxhY2VzLkdldFBsYWNlEAIYBCAA,"19 Martello St, London E8 3PE, UK",,Greater London,England,United Kingdom,GB,E8 3PE,51.542092499999995,-0.05827210000000001,pub,"pub, bar, point_of_interest, establishment",OPERATIONAL,4.2,2142.0,PRICE_LEVEL_MODERATE,RESOLVED_FROM_URL
Hootananny Brixton,,https://www.google.com/maps/place/Hootananny+Brixton/data=!4m2!3m1!1s0x4876046bb9cc7ca3:0xdbc93c44031ce2bd,,,Wanna go,wanna_go,ChIJo3zMuWsEdkgRveIcA0Q8yds,Hootananny Brixton,https://maps.google.com/?cid=15837255827432727229&g_mp=CiVnb29nbGUubWFwcy5wbGFjZXMudjEuUGxhY2VzLkdldFBsYWNlEAIYBCAA,"95 Effra Rd, London SW2 1DF, UK",,Greater London,England,United Kingdom,GB,SW2 1DF,51.4553667,-0.11323609999999999,pub,"pub, live_music_venue, event_venue, bar, association_or_organization, point_of_interest, establishment",OPERATIONAL,4.3,2801.0,,RESOLVED_FROM_URL
Railway Tavern,,https://www.google.com/maps/place/Railway+Tavern/data=!4m2!3m1!1s0x4876041acbc5bd33:0xa40d937af9ad62dc,,,Wanna go,wanna_go,ChIJM73FyxoEdkgR3GKt-XqTDaQ,Railway Tavern,https://maps.google.com/?cid=11821266753301603036&g_mp=CiVnb29nbGUubWFwcy5wbGFjZXMudjEuUGxhY2VzLkdldFBsYWNlEAIYBCAA,"The Railway, 7 Station Rise, Norwood, London SE27 9BW, UK",Norwood,Greater London,England,United Kingdom,GB,SE27 9BW,51.440109799999995,-0.1052757,pub,"pub, bar, restaurant, food, point_of_interest, establishment",OPERATIONAL,4.3,1190.0,PRICE_LEVEL_MODERATE,RESOLVED_FROM_URL
Mother Mash - Carnaby,,https://www.google.com/maps/place/Mother+Mash+-+Carnaby/data=!4m2!3m1!1s0x487604d50d5da51d:0x55437a36fa553944,,,Wanna go,wanna_go,ChIJHaVdDdUEdkgRRDlV-jZ6Q1U,Mother Mash Carnaby,https://maps.google.com/?cid=6143888693210200388&g_mp=CiVnb29nbGUubWFwcy5wbGFjZXMudjEuUGxhY2VzLkdldFBsYWNlEAIYBCAA,"26 Ganton St, Carnaby, London W1F 7QZ, UK",Carnaby,Greater London,England,United Kingdom,GB,W1F 7QZ,51.512926799999995,-0.1393433,british_restaurant,"british_restaurant, european_restaurant, bakery, food_store, store, restaurant, food, point_of_interest, establishment",OPERATIONAL,4.6,4157.0,PRICE_LEVEL_MODERATE,RESOLVED_FROM_URL
Duchy,,https://www.google.com/maps/place/Duchy/data=!4m2!3m1!1s0x48761d00032e91e3:0xd5c78ceaed0589da,,,Wanna go,wanna_go,ChIJ45EuAwAddkgR2okF7eqMx9U,Duchy,https://maps.google.com/?cid=15404435991070869978&g_mp=CiVnb29nbGUubWFwcy5wbGFjZXMudjEuUGxhY2VzLkdldFBsYWNlEAIYBCAA,"18 Phipp St, London EC2A 4NU, UK",,Greater London,England,United Kingdom,GB,EC2A 4NU,51.524027399999994,-0.08156709999999999,restaurant,"french_restaurant, italian_restaurant, restaurant, food, point_of_interest, establishment",OPERATIONAL,4.8,167.0,PRICE_LEVEL_EXPENSIVE,RESOLVED_FROM_URL
Angelina,,https://www.google.com/maps/place/Angelina/data=!4m2!3m1!1s0x48761c92a5f45931:0xa9ee78a8f57dff84,,,Wanna go,wanna_go,ChIJMVn0pZIcdkgRhP999ah47qk,Angelina,https://maps.google.com/?cid=12244857103935471492&g_mp=CiVnb29nbGUubWFwcy5wbGFjZXMudjEuUGxhY2VzLkdldFBsYWNlEAIYBCAA,"56 Dalston Ln, London E8 3AH, UK",,Greater London,England,United Kingdom,GB,E8 3AH,51.5461368,-0.0712472,restaurant,"restaurant, fusion_restaurant, food, point_of_interest, establishment",OPERATIONAL,4.8,1977.0,PRICE_LEVEL_VERY_EXPENSIVE,RESOLVED_FROM_URL
Parsons,,https://www.google.com/maps/place/Parsons/data=!4m2!3m1!1s0x487604cccbd3e0fd:0xec8f04459fd0433,,,Wanna go,wanna_go,ChIJ_eDTy8wEdkgRMwT9WUTwyA4,Parsons,https://maps.google.com/?cid=1065365488231318579&g_mp=CiVnb29nbGUubWFwcy5wbGFjZXMudjEuUGxhY2VzLkdldFBsYWNlEAIYBCAA,"39 Endell St, London WC2H 9BA, UK",,Greater London,England,United Kingdom,GB,WC2H 9BA,51.5146665,-0.1249446,seafood_restaurant,"seafood_restaurant, restaurant, food, point_of_interest, establishment",OPERATIONAL,4.7,820.0,PRICE_LEVEL_MODERATE,RESOLVED_FROM_URL
Randall & Aubin,,https://www.google.com/maps/place/Randall+%26+Aubin/data=!4m2!3m1!1s0x487604d39d8e473d:0x3f7322c44937ceba,,,Wanna go,wanna_go,ChIJPUeOndMEdkgRus43ScQicz8,Randall & Aubin,https://maps.google.com/?cid=4572036273148513978&g_mp=CiVnb29nbGUubWFwcy5wbGFjZXMudjEuUGxhY2VzLkdldFBsYWNlEAIYBCAA,"16 Brewer St, London W1F 0SQ, UK",,Greater London,England,United Kingdom,GB,W1F 0SQ,51.512327899999995,-0.1341322,seafood_restaurant,"seafood_restaurant, french_restaurant, restaurant, food, point_of_interest, establishment",OPERATIONAL,4.6,2186.0,PRICE_LEVEL_EXPENSIVE,RESOLVED_FROM_URL
The Noodle Inn,,https://www.google.com/maps/place/The+Noodle+Inn/data=!4m2!3m1!1s0x487605002d20fb81:0x9c08e0f961889767,,,Wanna go,wanna_go,ChIJgfsgLQAFdkgRZ5eIYfngCJw,Noodle Inn Soho,https://maps.google.com/?cid=11243483831418263399&g_mp=CiVnb29nbGUubWFwcy5wbGFjZXMudjEuUGxhY2VzLkdldFBsYWNlEAIYBCAA,"4-6 Old Compton St, London W1D 4TA, UK",,Greater London,England,United Kingdom,GB,W1D 4TA,51.513851499999994,-0.1297458,chinese_restaurant,"chinese_restaurant, restaurant, food, point_of_interest, establishment",OPERATIONAL,4.2,1906.0,PRICE_LEVEL_MODERATE,RESOLVED_FROM_URL
Rock and Sole Plaice,,https://www.google.com/maps/place/Rock+and+Sole+Plaice/data=!4m2!3m1!1s0x48761b332d200beb:0x48d71f34cb08b139,,,Wanna go,wanna_go,ChIJ6wsgLTMbdkgRObEIyzQf10g,Rock and Sole Plaice,https://maps.google.com/?cid=5248698202328707385&g_mp=CiVnb29nbGUubWFwcy5wbGFjZXMudjEuUGxhY2VzLkdldFBsYWNlEAIYBCAA,"47 Endell St, London WC2H 9AJ, UK",,Greater London,England,United Kingdom,GB,WC2H 9AJ,51.5148151,-0.12512869999999998,fish_and_chips_restaurant,"fish_and_chips_restaurant, meal_takeaway, british_restaurant, restaurant, food, point_of_interest, establishment",OPERATIONAL,4.3,5702.0,PRICE_LEVEL_MODERATE,RESOLVED_FROM_URL
The Fat Badger - Notting Hill,,https://www.google.com/maps/place/The+Fat+Badger+-+Notting+Hill/data=!4m2!3m1!1s0x487611002b79164d:0xa27efed255ac52cb,,,Wanna go,wanna_go,ChIJTRZ5KwARdkgRy1KsVdL-fqI,The Fat Badger | Notting Hill,https://maps.google.com/?cid=11709076260543812299&g_mp=CiVnb29nbGUubWFwcy5wbGFjZXMudjEuUGxhY2VzLkdldFBsYWNlEAIYBCAA,"310 Portobello Rd, London W10 5TA, UK",,Greater London,England,United Kingdom,GB,W10 5TA,51.5210022,-0.2093261,pub,"pub, gastropub, bar, restaurant, food, point_of_interest, establishment",OPERATIONAL,4.4,259.0,PRICE_LEVEL_VERY_EXPENSIVE,RESOLVED_FROM_URL
Seed Library,,https://www.google.com/maps/place/Seed+Library/data=!4m2!3m1!1s0x48761d98f1354c2b:0xe67193b548ce8441,,,Wanna go,wanna_go,ChIJK0w18ZgddkgRQYTOSLWTceY,Seed Library,https://maps.google.com/?cid=16605215707911586881&g_mp=CiVnb29nbGUubWFwcy5wbGFjZXMudjEuUGxhY2VzLkdldFBsYWNlEAIYBCAA,"100 Shoreditch High St, London E1 6JQ, UK",,Greater London,England,United Kingdom,GB,E1 6JQ,51.5254273,-0.0772913,cocktail_bar,"cocktail_bar, bar, point_of_interest, establishment",OPERATIONAL,4.6,430.0,PRICE_LEVEL_MODERATE,RESOLVED_FROM_URL
"JOIA Restaurant, Bar & Rooftop",,"https://www.google.com/maps/place/JOIA+Restaurant,+Bar+%26+Rooftop/data=!4m2!3m1!1s0x487605ba4347b147:0x6b981b55720d6870",,,Wanna go,wanna_go,ChIJR7FHQ7oFdkgRcGgNclUbmGs,"JOIA Restaurant, Bar & Rooftop",https://maps.google.com/?cid=7752976812317960304&g_mp=CiVnb29nbGUubWFwcy5wbGFjZXMudjEuUGxhY2VzLkdldFBsYWNlEAIYBCAA,"15th Floor, 1 Electric Blvd, Nine Elms, London SW11 8BJ, UK",Nine Elms,Greater London,England,United Kingdom,GB,SW11 8BJ,51.4806861,-0.1455533,restaurant,"restaurant, food, point_of_interest, establishment",OPERATIONAL,4.4,896.0,,RESOLVED_FROM_URL
Matchado,,https://www.google.com/maps/place/Matchado/data=!4m2!3m1!1s0x48761b2f313514f5:0x493e66956ff3f1d3,,,Wanna go,wanna_go,ChIJ9RQ1MS8bdkgR0_Hzb5VmPkk,Matchado,https://maps.google.com/?cid=5277768605339218387&g_mp=CiVnb29nbGUubWFwcy5wbGFjZXMudjEuUGxhY2VzLkdldFBsYWNlEAIYBCAA,"119, Lower, Stable St, London N1C 4DR, UK",,Greater London,England,United Kingdom,GB,N1C 4DR,51.535288599999994,-0.12621,food_store,"coffee_shop, meal_takeaway, cafe, confectionery, food_store, store, restaurant, food, point_of_interest, establishment",OPERATIONAL,4.3,286.0,,RESOLVED_FROM_URL
Comptoir Bakery Bermondsey,,https://www.google.com/maps/place/Comptoir+Bakery+Bermondsey/data=!4m2!3m1!1s0x48760344cb65ba23:0xe05fc146cea2330c,,,Wanna go,wanna_go,ChIJI7ply0QDdkgRDDOizkbBX-A,Comptoir Bakery Bermondsey,https://maps.google.com/?cid=16167853697141977868&g_mp=CiVnb29nbGUubWFwcy5wbGFjZXMudjEuUGxhY2VzLkdldFBsYWNlEAIYBCAA,"96 Bermondsey St, London SE1 3UB, UK",,Greater London,England,United Kingdom,GB,SE1 3UB,51.500811,-0.0819699,bakery,"bakery, pastry_shop, sandwich_shop, coffee_shop, dessert_shop, cafe, confectionery, food_store, store, restaurant, food, point_of_interest, establishment",OPERATIONAL,4.4,494.0,PRICE_LEVEL_INEXPENSIVE,RESOLVED_FROM_URL
Layla Bakery,,https://www.google.com/maps/place/Layla+Bakery/data=!4m2!3m1!1s0x487611148abd395d:0xe70a99dc5a334985,,,Wanna go,wanna_go,ChIJXTm9ihQRdkgRhUkzWtyZCuc,Layla Bakery,https://maps.google.com/?cid=16648288144213625221&g_mp=CiVnb29nbGUubWFwcy5wbGFjZXMudjEuUGxhY2VzLkdldFBsYWNlEAIYBCAA,"332 Portobello Rd, London W10 5SA, UK",,Greater London,England,United Kingdom,GB,W10 5SA,51.5216871,-0.21048019999999998,bakery,"bakery, food_store, store, food, point_of_interest, establishment",OPERATIONAL,4.2,973.0,PRICE_LEVEL_INEXPENSIVE,RESOLVED_FROM_URL
Frothee,,https://www.google.com/maps/place/Frothee/data=!4m2!3m1!1s0x48761b4ccfc7362b:0x21f5a9abbab7aa03,,,Wanna go,wanna_go,ChIJKzbHz0wbdkgRA6q3uqup9SE,Frothee King's Cross,https://maps.google.com/?cid=2447048527582833155&g_mp=CiVnb29nbGUubWFwcy5wbGFjZXMudjEuUGxhY2VzLkdldFBsYWNlEAIYBCAA,"60 Caledonian Rd, London N1 9DP, UK",,Greater London,England,United Kingdom,GB,N1 9DP,51.5324021,-0.11995430000000001,cafe,"cafe, food, point_of_interest, establishment",OPERATIONAL,4.4,336.0,PRICE_LEVEL_INEXPENSIVE,RESOLVED_FROM_URL
The Chalk Freehouse,,https://www.google.com/maps/place/The+Chalk+Freehouse/data=!4m2!3m1!1s0x48760590eac09123:0xf0d99298b5a9f354,,,Wanna go,wanna_go,ChIJI5HA6pAFdkgRVPOptZiS2fA,The Butcher's Tap and Grill Chelsea,https://maps.google.com/?cid=17355063823629415252&g_mp=CiVnb29nbGUubWFwcy5wbGFjZXMudjEuUGxhY2VzLkdldFBsYWNlEAIYBCAA,"27 Tryon St, London SW3 3LG, UK",,Greater London,England,United Kingdom,GB,SW3 3LG,51.4907957,-0.16306289999999998,pub,"pub, bar, point_of_interest, establishment",CLOSED_PERMANENTLY,4.1,299.0,PRICE_LEVEL_MODERATE,RESOLVED_FROM_URL
Campania,,https://www.google.com/maps/place/Campania/data=!4m2!3m1!1s0x48761cc75c30bbaf:0x8a8dacf09f9ee9ca,,,Wanna go,wanna_go,ChIJr7swXMccdkgRyumen_CsjYo,Campania,https://maps.google.com/?cid=9983826098420378058&g_mp=CiVnb29nbGUubWFwcy5wbGFjZXMudjEuUGxhY2VzLkdldFBsYWNlEAIYBCAA,"23 Ezra St, London E2 7RH, UK",,Greater London,England,United Kingdom,GB,E2 7RH,51.5297263,-0.0696149,italian_restaurant,"italian_restaurant, restaurant, food, point_of_interest, establishment",OPERATIONAL,4.3,1067.0,PRICE_LEVEL_MODERATE,RESOLVED_FROM_URL
Albers,,https://www.google.com/maps/place/Albers/data=!4m2!3m1!1s0x48761d0056dbcb5b:0x3059e6bbb5769687,,,Wanna go,wanna_go,ChIJW8vbVgAddkgRh5Z2tbvmWTA,Albers,https://maps.google.com/?cid=3484069480625510023&g_mp=CiVnb29nbGUubWFwcy5wbGFjZXMudjEuUGxhY2VzLkdldFBsYWNlEAIYBCAA,"23A Englefield Rd, London N1 4JX, UK",,Greater London,England,United Kingdom,GB,N1 4JX,51.542606899999996,-0.080012,restaurant,"restaurant, point_of_interest, food, establishment",OPERATIONAL,4.6,173.0,PRICE_LEVEL_MODERATE,RESOLVED_FROM_URL
Speedboat Bar at The Electric,,https://www.google.com/maps/place/Speedboat+Bar+at+The+Electric/data=!4m2!3m1!1s0x48761130e31de25d:0x4f148f5b63f2f558,,,Wanna go,wanna_go,ChIJXeId4zARdkgRWPXyY1uPFE8,Speedboat Bar at The Electric,https://maps.google.com/?cid=5698337051212182872&g_mp=CiVnb29nbGUubWFwcy5wbGFjZXMudjEuUGxhY2VzLkdldFBsYWNlEAIYBCAA,"191 Portobello Rd, London W11 2ED, UK",,Greater London,England,United Kingdom,GB,W11 2ED,51.51564,-0.2050407,thai_restaurant,"thai_restaurant, restaurant, food, point_of_interest, establishment",OPERATIONAL,4.6,366.0,PRICE_LEVEL_MODERATE,RESOLVED_FROM_URL
Wild Restaurant,,https://www.google.com/maps/place/Wild+Restaurant/data=!4m2!3m1!1s0x48760fd40ac7dd65:0x4d08b205b5bbc2c6,,,Wanna go,wanna_go,ChIJZd3HCtQPdkgRxsK7tQWyCE0,Wild Restaurant,https://maps.google.com/?cid=5550882278327698118&g_mp=CiVnb29nbGUubWFwcy5wbGFjZXMudjEuUGxhY2VzLkdldFBsYWNlEAIYBCAA,"202-204, Westbourne Grove, London W11 2RH, UK",,Greater London,England,United Kingdom,GB,W11 2RH,51.5145829,-0.2002631,mediterranean_restaurant,"mediterranean_restaurant, cocktail_bar, oyster_bar_restaurant, wine_bar, steak_house, breakfast_restaurant, italian_restaurant, vegetarian_restaurant, bar, seafood_restaurant, restaurant, food, point_of_interest, establishment",OPERATIONAL,4.7,667.0,,RESOLVED_FROM_URL
amie wine studio,,https://www.google.com/maps/place/amie+wine+studio/data=!4m2!3m1!1s0x48760516cdd81ce7:0x13685328ee985907,,,Wanna go,wanna_go,ChIJ5xzYzRYFdkgRB1mY7ihTaBM,amie wine studio,https://maps.google.com/?cid=1398459119565297927&g_mp=CiVnb29nbGUubWFwcy5wbGFjZXMudjEuUGxhY2VzLkdldFBsYWNlEAIYBCAA,"13 Eccleston Yards, London SW1W 9AZ, UK",,Greater London,England,United Kingdom,GB,SW1W 9AZ,51.4937403,-0.1489303,wine_bar,"wine_bar, bar, food, point_of_interest, establishment",OPERATIONAL,4.8,347.0,PRICE_LEVEL_MODERATE,RESOLVED_FROM_URL
Elevate,,https://www.google.com/maps/place/Elevate/data=!4m2!3m1!1s0x487603b2a1fb6377:0xeb16ef7ac012181e,,,Wanna go,wanna_go,ChIJd2P7obIDdkgRHhgSwHrvFus,Elevate,https://maps.google.com/?cid=16939990358888159262&g_mp=CiVnb29nbGUubWFwcy5wbGFjZXMudjEuUGxhY2VzLkdldFBsYWNlEAIYBCAA,"29 Royal Exchange, Threadneedle St, London EC3V 3LP, UK",,Greater London,England,United Kingdom,GB,EC3V 3LP,51.5138263,-0.0874089,juice_shop,"juice_shop, food, point_of_interest, establishment",OPERATIONAL,4.3,146.0,PRICE_LEVEL_INEXPENSIVE,RESOLVED_FROM_URL
Hector's,,https://www.google.com/maps/place/Hector's/data=!4m2!3m1!1s0x48761d4b96169589:0xc1a643c98be5b1a7,,,Wanna go,wanna_go,ChIJiZUWlksddkgRp7Hli8lDpsE,Hector's,https://maps.google.com/?cid=13953915028368634279&g_mp=CiVnb29nbGUubWFwcy5wbGFjZXMudjEuUGxhY2VzLkdldFBsYWNlEAIYBCAA,"49a Ardleigh Rd, London N1 4HS, UK",,Greater London,England,United Kingdom,GB,N1 4HS,51.544942500000005,-0.0834404,liquor_store,"wine_bar, liquor_store, store, bar, food, point_of_interest, establishment",OPERATIONAL,4.4,173.0,,RESOLVED_FROM_URL
Gelupo,,https://www.google.com/maps/place/Gelupo/data=!4m2!3m1!1s0x487604d397b8bc6b:0x208f804b1fe29a9f,,,Wanna go,wanna_go,ChIJa7y4l9MEdkgRn5riH0uAjyA,Gelupo,https://maps.google.com/?cid=2346234991029164703&g_mp=CiVnb29nbGUubWFwcy5wbGFjZXMudjEuUGxhY2VzLkdldFBsYWNlEAIYBCAA,"7 Archer St, London W1D 7AU, UK",,Greater London,England,United Kingdom,GB,W1D 7AU,51.5116054,-0.1337348,ice_cream_shop,"ice_cream_shop, cafe, shipping_service, dessert_shop, confectionery, food_store, store, food, point_of_interest, service, establishment",OPERATIONAL,4.5,2157.0,,RESOLVED_FROM_URL
sons,,https://www.google.com/maps/place/sons/data=!4m2!3m1!1s0x48761d8064b342fb:0x4c914b34aeda4e0f,,,Wanna go,wanna_go,ChIJ-0KzZIAddkgRD07arjRLkUw,sons,https://maps.google.com/?cid=5517273708149493263&g_mp=CiVnb29nbGUubWFwcy5wbGFjZXMudjEuUGxhY2VzLkdldFBsYWNlEAIYBCAA,"St John at Hackney Courtyard, Lower Clapton Rd, London E5 0PD, UK",,Greater London,England,United Kingdom,GB,E5 0PD,51.5483335,-0.05351,coffee_shop,"coffee_shop, cafe, food_store, store, food, point_of_interest, establishment",OPERATIONAL,4.9,141.0,PRICE_LEVEL_INEXPENSIVE,RESOLVED_FROM_URL
"Brunswick East, Dalston",,"https://www.google.com/maps/place/Brunswick+East,+Dalston/data=!4m2!3m1!1s0x48761c8e8755b48b:0xdbb77f4fd553160a",,,Wanna go,wanna_go,ChIJi7RVh44cdkgRChZT1U9_t9s,"Brunswick East, Dalston",https://maps.google.com/?cid=15832262995902404106&g_mp=CiVnb29nbGUubWFwcy5wbGFjZXMudjEuUGxhY2VzLkdldFBsYWNlEAIYBCAA,"Ground Floor Cafe, ❒ STAMFORD WORKS, London N16 8JH, UK",,Greater London,England,United Kingdom,GB,N16 8JH,51.549194899999996,-0.0768933,cafe,"cafe, brunch_restaurant, australian_restaurant, breakfast_restaurant, bakery, food_store, store, restaurant, food, point_of_interest, establishment",OPERATIONAL,4.6,784.0,PRICE_LEVEL_MODERATE,RESOLVED_FROM_URL
LOT 103,,https://www.google.com/maps/place/LOT+103/data=!4m2!3m1!1s0x48761d65f701b963:0x91ef13562f3a4171,,,Wanna go,wanna_go,ChIJY7kB92UddkgRcUE6L1YT75E,LOT 103,https://maps.google.com/?cid=10515644915813859697&g_mp=CiVnb29nbGUubWFwcy5wbGFjZXMudjEuUGxhY2VzLkdldFBsYWNlEAIYBCAA,"103 Newington Green Rd, London N1 4QY, UK",,Greater London,England,United Kingdom,GB,N1 4QY,51.5500197,-0.0871564,coffee_shop,"coffee_shop, cafe, food_store, store, food, point_of_interest, establishment",OPERATIONAL,4.2,79.0,PRICE_LEVEL_MODERATE,RESOLVED_FROM_URL
The Compton Arms,,https://www.google.com/maps/place/The+Compton+Arms/data=!4m2!3m1!1s0x48761b6459c2bdb9:0xacf52e26eb4b8c20,,,Wanna go,wanna_go,ChIJub3CWWQbdkgRIIxL6yYu9aw,The Compton Arms,https://maps.google.com/?cid=12462918288508947488&g_mp=CiVnb29nbGUubWFwcy5wbGFjZXMudjEuUGxhY2VzLkdldFBsYWNlEAIYBCAA,"Compton Arms, 4 Compton Ave, London N1 2XD, UK",,Greater London,England,United Kingdom,GB,N1 2XD,51.543657499999995,-0.1020094,pub,"pub, bar, restaurant, food, point_of_interest, establishment",OPERATIONAL,4.4,811.0,PRICE_LEVEL_MODERATE,RESOLVED_FROM_URL
The Drapers Arms,,https://www.google.com/maps/place/The+Drapers+Arms/data=!4m2!3m1!1s0x48761b68da2fea7d:0x15d6bc0dbe82cb96,,,Wanna go,wanna_go,ChIJfeov2mgbdkgRlsuCvg281hU,The Drapers Arms,https://maps.google.com/?cid=1573651887029406614&g_mp=CiVnb29nbGUubWFwcy5wbGFjZXMudjEuUGxhY2VzLkdldFBsYWNlEAIYBCAA,"44 Barnsbury St, London N1 1ER, UK",,Greater London,England,United Kingdom,GB,N1 1ER,51.540523500000006,-0.10847119999999999,gastropub,"gastropub, american_restaurant, pub, bar, restaurant, food, point_of_interest, establishment",OPERATIONAL,4.3,1267.0,PRICE_LEVEL_MODERATE,RESOLVED_FROM_URL
Noisy Oyster seafood bistro,,https://www.google.com/maps/place/Noisy+Oyster+seafood+bistro/data=!4m2!3m1!1s0x48761da338e5bc03:0xe0ed1d5243edf40d,,,Wanna go,wanna_go,ChIJA7zlOKMddkgRDfTtQ1Id7eA,Noisy Oyster seafood bistro,https://maps.google.com/?cid=16207642873140474893&g_mp=CiVnb29nbGUubWFwcy5wbGFjZXMudjEuUGxhY2VzLkdldFBsYWNlEAIYBCAA,"2, Nicholls Clarke Yard, London E1 6SH, UK",,Greater London,England,United Kingdom,GB,E1 6SH,51.5219485,-0.07729180000000001,restaurant,"restaurant, brunch_restaurant, oyster_bar_restaurant, cocktail_bar, seafood_restaurant, bar, event_venue, food, point_of_interest, establishment",OPERATIONAL,4.6,718.0,,RESOLVED_FROM_URL
The Kerfield Arms,,https://www.google.com/maps/place/The+Kerfield+Arms/data=!4m2!3m1!1s0x487603006e9c1713:0xbf11b3114501127e,,,Wanna go,wanna_go,ChIJExecbgADdkgRfhIBRRGzEb8,The Kerfield Arms,https://maps.google.com/?cid=13767982422601831038&g_mp=CiVnb29nbGUubWFwcy5wbGFjZXMudjEuUGxhY2VzLkdldFBsYWNlEAIYBCAA,"16 Grove Ln, London SE5 8SY, UK",,Greater London,England,United Kingdom,GB,SE5 8SY,51.4729489,-0.0898573,pub,"pub, bar, point_of_interest, establishment",OPERATIONAL,4.7,260.0,PRICE_LEVEL_MODERATE,RESOLVED_FROM_URL
Osteria Angelina,,https://www.google.com/maps/place/Osteria+Angelina/data=!4m2!3m1!1s0x48761d69d184d3bb:0x82e04b9f38ea31f7,,,Wanna go,wanna_go,ChIJu9OE0WkddkgR9zHqOJ9L4II,Osteria Angelina,https://maps.google.com/?cid=9430620766940574199&g_mp=CiVnb29nbGUubWFwcy5wbGFjZXMudjEuUGxhY2VzLkdldFBsYWNlEAIYBCAA,"1, Nicholls Clarke Yard, London E1 6SH, UK",,Greater London,England,United Kingdom,GB,E1 6SH,51.521882299999994,-0.077497,italian_restaurant,"italian_restaurant, restaurant, food, point_of_interest, establishment",OPERATIONAL,4.9,4569.0,PRICE_LEVEL_VERY_EXPENSIVE,RESOLVED_FROM_URL
The Lioness of Leith,Brunch,https://www.google.com/maps/place/The+Lioness+of+Leith/data=!4m2!3m1!1s0x4887b80ee221a621:0x8680a49f2aa06c,,,Wanna go,wanna_go,ChIJIaYh4g64h0gRbKAqn6SAhgA,The Lioness of Leith,https://maps.google.com/?cid=37859091412590700&g_mp=CiVnb29nbGUubWFwcy5wbGFjZXMudjEuUGxhY2VzLkdldFBsYWNlEAIYBCAA,"21-25 Duke St, Leith, Edinburgh EH6 8HH, UK",Leith,Edinburgh,Scotland,United Kingdom,GB,EH6 8HH,55.970242999999996,-3.1702421999999997,bar,"bar, gastropub, hamburger_restaurant, american_restaurant, restaurant, food, point_of_interest, establishment",OPERATIONAL,4.5,1154.0,PRICE_LEVEL_MODERATE,RESOLVED_FROM_URL
Whiski Rooms,,https://www.google.com/maps/place/Whiski+Rooms/data=!4m2!3m1!1s0x4887c79a996b04fb:0x7f506a878be99dfd,,,Wanna go,wanna_go,ChIJ-wRrmZrHh0gR_Z3pi4dqUH8,Whiski Rooms,https://maps.google.com/?cid=9173949571354172925&g_mp=CiVnb29nbGUubWFwcy5wbGFjZXMudjEuUGxhY2VzLkdldFBsYWNlEAIYBCAA,"4-7 N Bank St, Edinburgh EH1 2LP, UK",,Edinburgh,Scotland,United Kingdom,GB,EH1 2LP,55.949961099999996,-3.1934826,restaurant,"restaurant, cocktail_bar, liquor_store, bar, store, food, point_of_interest, establishment",OPERATIONAL,4.5,3010.0,PRICE_LEVEL_MODERATE,RESOLVED_FROM_URL
Sheep Heid Inn Edinburgh,,https://www.google.com/maps/place/Sheep+Heid+Inn+Edinburgh/data=!4m2!3m1!1s0x4887b8606c1a85b1:0x44ec0267ad5b692,,,Wanna go,wanna_go,ChIJsYUabGC4h0gRkrbVeibATgQ,Sheep Heid Inn Edinburgh,https://maps.google.com/?cid=310396695837259410&g_mp=CiVnb29nbGUubWFwcy5wbGFjZXMudjEuUGxhY2VzLkdldFBsYWNlEAIYBCAA,"43-45 The Causeway, Edinburgh EH15 3QA, UK",,Edinburgh,Scotland,United Kingdom,GB,EH15 3QA,55.942001399999995,-3.148539,gastropub,"gastropub, british_restaurant, pub, bar, restaurant, food, point_of_interest, establishment",OPERATIONAL,4.4,3622.0,,RESOLVED_FROM_URL
The Scran and Scallie,,https://www.google.com/maps/place/The+Scran+and+Scallie/data=!4m2!3m1!1s0x4887c7b8ea037bf1:0xc5082d6a04eabb13,,,Wanna go,wanna_go,ChIJ8XsD6rjHh0gRE7vqBGotCMU,The Scran and Scallie,https://maps.google.com/?cid=14197647758657764115&g_mp=CiVnb29nbGUubWFwcy5wbGFjZXMudjEuUGxhY2VzLkdldFBsYWNlEAIYBCAA,"1 Comely Bank Rd, Edinburgh EH4 1DR, UK",,Edinburgh,Scotland,United Kingdom,GB,EH4 1DR,55.9591412,-3.2146179999999998,gastropub,"gastropub, bar, restaurant, food, point_of_interest, establishment",OPERATIONAL,4.5,2714.0,PRICE_LEVEL_MODERATE,RESOLVED_FROM_URL
Carmela's Pizzeria,,https://www.google.com/maps/place/Carmela's+Pizzeria/data=!4m2!3m1!1s0x48761bcb0127fd85:0x931d6a26004001db,,,Wanna go,wanna_go,ChIJhf0nAcsbdkgR2wFAACZqHZM,Carmela's Pizzeria,https://maps.google.com/?cid=10600745809345511899&g_mp=CiVnb29nbGUubWFwcy5wbGFjZXMudjEuUGxhY2VzLkdldFBsYWNlEAIYBCAA,"149A Upper St, London N1 1RA, UK",,Greater London,England,United Kingdom,GB,N1 1RA,51.5401429,-0.1027873,pizza_restaurant,"pizza_restaurant, restaurant, food, point_of_interest, establishment",OPERATIONAL,4.8,314.0,PRICE_LEVEL_MODERATE,RESOLVED_FROM_URL
Broken Eggs,,https://www.google.com/maps/place/Broken+Eggs/data=!4m2!3m1!1s0x48761bc0372b0801:0x3030eb639586161a,,,Wanna go,wanna_go,ChIJAQgrN8AbdkgRGhaGlWPrMDA,Broken Eggs,https://maps.google.com/?cid=3472534125645534746&g_mp=CiVnb29nbGUubWFwcy5wbGFjZXMudjEuUGxhY2VzLkdldFBsYWNlEAIYBCAA,"24, 25 Foley St, London W1W 6DX, UK",,Greater London,England,United Kingdom,GB,W1W 6DX,51.519337,-0.140511,spanish_restaurant,"spanish_restaurant, brunch_restaurant, mediterranean_restaurant, bar, tapas_restaurant, restaurant, food, point_of_interest, establishment",OPERATIONAL,4.8,632.0,PRICE_LEVEL_MODERATE,RESOLVED_FROM_URL
Tiny Wine Bar & Shop,,https://www.google.com/maps/place/Tiny+Wine+Bar+%26+Shop/data=!4m2!3m1!1s0x48761bd119746583:0x4b538a29587c1ab,,,Wanna go,wanna_go,ChIJg2V0GdEbdkgRq8GHlaI4tQQ,Tiny Wine Bar & Shop,https://maps.google.com/?cid=339239617880900011&g_mp=CiVnb29nbGUubWFwcy5wbGFjZXMudjEuUGxhY2VzLkdldFBsYWNlEAIYBCAA,"21 Foley St, London W1W 6DR, UK",,Greater London,England,United Kingdom,GB,W1W 6DR,51.5195017,-0.1400798,wine_bar,"wine_bar, latin_american_restaurant, liquor_store, store, bar, restaurant, food, point_of_interest, establishment",OPERATIONAL,4.9,693.0,PRICE_LEVEL_MODERATE,RESOLVED_FROM_URL
Milk London,,https://www.google.com/maps/place/Milk+London/data=!4m2!3m1!1s0x487605cf6d7d0c7d:0xb4ec4f0bf1a3de3,,,Wanna go,wanna_go,ChIJfQx9bc8FdkgR4z0av_DETgs,Milk London,https://maps.google.com/?cid=814805120878001635&g_mp=CiVnb29nbGUubWFwcy5wbGFjZXMudjEuUGxhY2VzLkdldFBsYWNlEAIYBCAA,"18-20 Bedford Hill, London SW12 9RG, UK",,Greater London,England,United Kingdom,GB,SW12 9RG,51.4444691,-0.15082289999999998,cafe,"cafe, brunch_restaurant, coffee_shop, breakfast_restaurant, food_store, store, restaurant, food, point_of_interest, establishment",OPERATIONAL,4.3,1507.0,PRICE_LEVEL_MODERATE,RESOLVED_FROM_URL
The Hound,,https://www.google.com/maps/place/The+Hound/data=!4m2!3m1!1s0x48760f4655a9175b:0x14d7cfe37938e373,,,Wanna go,wanna_go,ChIJWxepVUYPdkgRc-M4eePP1xQ,The Hound,https://maps.google.com/?cid=1501897576649646963&g_mp=CiVnb29nbGUubWFwcy5wbGFjZXMudjEuUGxhY2VzLkdldFBsYWNlEAIYBCAA,"210 Chiswick High Rd., Chiswick, London W4 1PD, UK",Chiswick,Greater London,England,United Kingdom,GB,W4 1PD,51.492822499999996,-0.2568205,pub,"pub, event_venue, bar, restaurant, food, point_of_interest, establishment",OPERATIONAL,4.4,486.0,,RESOLVED_FROM_URL
Dumbo Shoreditch,,https://www.google.com/maps/place/Dumbo+Shoreditch/data=!4m2!3m1!1s0x48761dab812dba1f:0x7b843f11b7548405,,,Wanna go,wanna_go,ChIJH7otgasddkgRBYRUtxE_hHs,Dumbo Shoreditch,https://maps.google.com/?cid=8900308108913705989&g_mp=CiVnb29nbGUubWFwcy5wbGFjZXMudjEuUGxhY2VzLkdldFBsYWNlEAIYBCAA,"119 Bethnal Grn Rd, London E2 7DG, UK",,Greater London,England,United Kingdom,GB,E2 7DG,51.5249011,-0.07195259999999999,hamburger_restaurant,"hamburger_restaurant, american_restaurant, restaurant, food, point_of_interest, establishment",OPERATIONAL,4.4,420.0,PRICE_LEVEL_MODERATE,RESOLVED_FROM_URL
The Lexington,,https://www.google.com/maps/place/The+Lexington/data=!4m2!3m1!1s0x48761b43e3d4a323:0x1f37fe81ad858af8,,,Wanna go,wanna_go,ChIJI6PU40MbdkgR-IqFrYH-Nx8,The Lexington,https://maps.google.com/?cid=2249546371810298616&g_mp=CiVnb29nbGUubWFwcy5wbGFjZXMudjEuUGxhY2VzLkdldFBsYWNlEAIYBCAA,"96-98 Pentonville Rd, London N1 9JB, UK",,Greater London,England,United Kingdom,GB,N1 9JB,51.5317299,-0.1114164,pub,"pub, lounge_bar, night_club, live_music_venue, event_venue, bar, restaurant, food, point_of_interest, establishment",OPERATIONAL,4.3,3149.0,PRICE_LEVEL_MODERATE,RESOLVED_FROM_URL
The Jago,,https://www.google.com/maps/place/The+Jago/data=!4m2!3m1!1s0x48761d62a5f49d47:0x5c6840f7209e7afc,,,Wanna go,wanna_go,ChIJR530pWIddkgR_HqeIPdAaFw,The Jago,https://maps.google.com/?cid=6658643479215635196&g_mp=CiVnb29nbGUubWFwcy5wbGFjZXMudjEuUGxhY2VzLkdldFBsYWNlEAIYBCAA,"440 Kingsland Rd, London E8 4AA, UK",,Greater London,England,United Kingdom,GB,E8 4AA,51.5423141,-0.0755863,live_music_venue,"live_music_venue, event_venue, point_of_interest, establishment",OPERATIONAL,4.5,526.0,,RESOLVED_FROM_URL
Uchi Bake,,https://www.google.com/maps/place/Uchi+Bake/data=!4m2!3m1!1s0x48761d1c3d66267b:0x6dca05219e8f7441,,,Wanna go,wanna_go,ChIJeyZmPRwddkgRQXSPniEFym0,Uchi Bake Hackney,https://maps.google.com/?cid=7911141337381958721&g_mp=CiVnb29nbGUubWFwcy5wbGFjZXMudjEuUGxhY2VzLkdldFBsYWNlEAIYBCAA,"140 Clarence Rd, Lower Clapton, London E5 8DY, UK",Lower Clapton,Greater London,England,United Kingdom,GB,E5 8DY,51.5536097,-0.05598579999999999,cafe,"cafe, food, point_of_interest, establishment",OPERATIONAL,4.3,287.0,PRICE_LEVEL_MODERATE,RESOLVED_FROM_URL
The Whistling Oyster,,https://www.google.com/maps/place/The+Whistling+Oyster/data=!4m2!3m1!1s0x48760f61ee173c27:0xd8c12822f32f958d,,,Wanna go,wanna_go,ChIJJzwX7mEPdkgRjZUv8yIowdg,The Whistling Oyster,https://maps.google.com/?cid=15618809113271571853&g_mp=CiVnb29nbGUubWFwcy5wbGFjZXMudjEuUGxhY2VzLkdldFBsYWNlEAIYBCAA,"46 Devonshire Rd, Chiswick, London W4 2HD, UK",Chiswick,Greater London,England,United Kingdom,GB,W4 2HD,51.491248399999996,-0.25546979999999997,food_store,"seafood_restaurant, food_store, store, restaurant, food, point_of_interest, establishment",OPERATIONAL,4.8,156.0,,RESOLVED_FROM_URL
Nina,,https://www.google.com/maps/place/Nina/data=!4m2!3m1!1s0x48761ad28c695555:0x30c4a34fa82b15de,,,Wanna go,wanna_go,ChIJVVVpjNIadkgR3hUrqE-jxDA,Nina,https://maps.google.com/?cid=3514113171774969310&g_mp=CiVnb29nbGUubWFwcy5wbGFjZXMudjEuUGxhY2VzLkdldFBsYWNlEAIYBCAA,"18 Thayer St, London W1U 3JY, UK",,Greater London,England,United Kingdom,GB,W1U 3JY,51.51714820000001,-0.1515263,italian_restaurant,"italian_restaurant, restaurant, food, point_of_interest, establishment",OPERATIONAL,4.5,859.0,,RESOLVED_FROM_URL
Night Tales,,https://www.google.com/maps/place/Night+Tales/data=!4m2!3m1!1s0x48761ce7dc3c810b:0x97dab4350184c8,,,Wanna go,wanna_go,ChIJC4E83OccdkgRyIQBNbTalwA,Night Tales,https://maps.google.com/?cid=42743189001569480&g_mp=CiVnb29nbGUubWFwcy5wbGFjZXMudjEuUGxhY2VzLkdldFBsYWNlEAIYBCAA,"13 Bohemia Pl, London E8 1DU, UK",,Greater London,England,United Kingdom,GB,E8 1DU,51.5473494,-0.0529715,cocktail_bar,"cocktail_bar, live_music_venue, night_club, bar, event_venue, point_of_interest, establishment",OPERATIONAL,4.2,1432.0,PRICE_LEVEL_MODERATE,RESOLVED_FROM_URL
Netil360 Rooftop Bar - Restaurant,Terraza para verano,https://www.google.com/maps/place/Netil360+Rooftop+Bar+-+Restaurant/data=!4m2!3m1!1s0x48761ce7c43b76ef:0x2d76281b26623eac,,,Wanna go,wanna_go,ChIJ73Y7xOccdkgRrD5iJhsodi0,Netil360 Rooftop Bar - Restaurant,https://maps.google.com/?cid=3275849876031815340&g_mp=CiVnb29nbGUubWFwcy5wbGFjZXMudjEuUGxhY2VzLkdldFBsYWNlEAIYBCAA,"1 Westgate St, London E8 3RL, UK",,Greater London,England,United Kingdom,GB,E8 3RL,51.537759099999995,-0.057858400000000004,bar,"bar, cocktail_bar, pizza_restaurant, meal_takeaway, italian_restaurant, vegetarian_restaurant, event_venue, pizza_delivery, meal_delivery, food_delivery, restaurant, food, point_of_interest, establishment",OPERATIONAL,4.5,1606.0,,RESOLVED_FROM_URL
Hannah,Bar de moda con buens musica y para ver el sunset,https://www.google.com/maps/place/Hannah/data=!4m2!3m1!1s0x48760522cae10d8d:0x6ae8f5c1bd5b8e7b,,,Wanna go,wanna_go,ChIJjQ3hyiIFdkgRe45bvcH16Go,Hannah,https://maps.google.com/?cid=7703677375071620731&g_mp=CiVnb29nbGUubWFwcy5wbGFjZXMudjEuUGxhY2VzLkdldFBsYWNlEAIYBCAA,"281 Lavender Hill, London SW11 1LP, UK",,Greater London,England,United Kingdom,GB,SW11 1LP,51.4638675,-0.1651646,bar_and_grill,"bar_and_grill, brunch_restaurant, sports_bar, cocktail_bar, bar, restaurant, food, point_of_interest, establishment",OPERATIONAL,4.2,550.0,PRICE_LEVEL_MODERATE,RESOLVED_FROM_URL
Willows,Girl brunch,https://www.google.com/maps/place/Willows/data=!4m2!3m1!1s0x487605c5b86902cd:0xf79818c6e6df4f8b,,,Wanna go,wanna_go,ChIJzQJpuMUFdkgRi0_f5sYYmPc,willows,https://maps.google.com/?cid=17841037166384205707&g_mp=CiVnb29nbGUubWFwcy5wbGFjZXMudjEuUGxhY2VzLkdldFBsYWNlEAIYBCAA,"11 The Polygon, London SW4 0JG, UK",,Greater London,England,United Kingdom,GB,SW4 0JG,51.463404499999996,-0.1411175,restaurant,"restaurant, wine_bar, brunch_restaurant, bar, food, point_of_interest, establishment",OPERATIONAL,4.7,680.0,PRICE_LEVEL_MODERATE,RESOLVED_FROM_URL
Bar Valette,,https://www.google.com/maps/place/Bar+Valette/data=!4m2!3m1!1s0x48761d996ccb027d:0xa30a2e973ce7c0c5,,,Wanna go,wanna_go,ChIJfQLLbJkddkgRxcDnPJcuCqM,Bar Valette,https://maps.google.com/?cid=11748253805046120645&g_mp=CiVnb29nbGUubWFwcy5wbGFjZXMudjEuUGxhY2VzLkdldFBsYWNlEAIYBCAA,"28 Kingsland Rd, London E2 8AA, UK",,Greater London,England,United Kingdom,GB,E2 8AA,51.527946199999995,-0.0778441,restaurant,"restaurant, food, point_of_interest, establishment",CLOSED_TEMPORARILY,4.4,63.0,PRICE_LEVEL_VERY_EXPENSIVE,RESOLVED_FROM_URL
Folde,,https://www.google.com/maps/place/Folde/data=!4m2!3m1!1s0x487605a34ef3bcef:0xaef9f0a7efe34412,,,Wanna go,wanna_go,ChIJ77zzTqMFdkgREkTj76fw-a4,Folde,https://maps.google.com/?cid=12608373235875267602&g_mp=CiVnb29nbGUubWFwcy5wbGFjZXMudjEuUGxhY2VzLkdldFBsYWNlEAIYBCAA,"143 St John's Hl, London SW11 1TQ, UK",,Greater London,England,United Kingdom,GB,SW11 1TQ,51.4603402,-0.1761911,vegetarian_restaurant,"vegetarian_restaurant, restaurant, food, point_of_interest, establishment",OPERATIONAL,4.8,213.0,PRICE_LEVEL_MODERATE,RESOLVED_FROM_URL
Spiritland,,https://www.google.com/maps/place/Spiritland/data=!4m2!3m1!1s0x48761b1625019dd9:0x78f5cbe687a00e2e,,,Wanna go,wanna_go,ChIJ2Z0BJRYbdkgRLg6gh-bL9Xg,Spiritland,https://maps.google.com/?cid=8716096844823793198&g_mp=CiVnb29nbGUubWFwcy5wbGFjZXMudjEuUGxhY2VzLkdldFBsYWNlEAIYBCAA,"9 - 10 Stable St, London N1C 4AB, UK",,Greater London,England,United Kingdom,GB,N1C 4AB,51.5365292,-0.12538739999999998,cocktail_bar,"cocktail_bar, wine_bar, bar, store, restaurant, food, point_of_interest, establishment",OPERATIONAL,4.3,1264.0,PRICE_LEVEL_MODERATE,RESOLVED_FROM_URL
Oranj,,https://www.google.com/maps/place/Oranj/data=!4m2!3m1!1s0x48761db5adf25829:0xbf6559abcef7737b,,,Wanna go,wanna_go,ChIJKVjyrbUddkgRe3P3zqtZZb8,"Oranj • Restaurant, Wine Bar & Cafe",https://maps.google.com/?cid=13791528028338615163&g_mp=CiVnb29nbGUubWFwcy5wbGFjZXMudjEuUGxhY2VzLkdldFBsYWNlEAIYBCAA,"15 Dray Walk, London E1 6QR, UK",,Greater London,England,United Kingdom,GB,E1 6QR,51.5211583,-0.0727376,restaurant,"restaurant, wine_bar, cocktail_bar, coffee_shop, cafe, bakery, food_store, store, bar, food, point_of_interest, establishment",OPERATIONAL,4.0,389.0,PRICE_LEVEL_MODERATE,RESOLVED_FROM_URL
"Rye Lane Cornerhouse, Peckham",,"https://www.google.com/maps/place/Rye+Lane+Cornerhouse,+Peckham/data=!4m2!3m1!1s0x48760349bbc9b01d:0x4614e62a2a89b130",,,Wanna go,wanna_go,ChIJHbDJu0kDdkgRMLGJKirmFEY,"Rye Lane Cornerhouse, Peckham",https://maps.google.com/?cid=5049914150965850416&g_mp=CiVnb29nbGUubWFwcy5wbGFjZXMudjEuUGxhY2VzLkdldFBsYWNlEAIYBCAA,"133a Rye Ln, London SE15 4BQ, UK",,Greater London,England,United Kingdom,GB,SE15 4BQ,51.469824599999995,-0.0680959,cafe,"cafe, coworking_space, gym, live_music_venue, event_venue, bar, sports_activity_location, health, restaurant, food, point_of_interest, establishment",OPERATIONAL,4.5,117.0,PRICE_LEVEL_MODERATE,RESOLVED_FROM_URL
Andrew Edmunds Restaurant,,https://www.google.com/maps/place/Andrew+Edmunds+Restaurant/data=!4m2!3m1!1s0x487604d49309e38d:0xe6fbb540143b26ea,,,Wanna go,wanna_go,ChIJjeMJk9QEdkgR6iY7FEC1--Y,Andrew Edmunds,https://maps.google.com/?cid=16644096134699755242&g_mp=CiVnb29nbGUubWFwcy5wbGFjZXMudjEuUGxhY2VzLkdldFBsYWNlEAIYBCAA,"46 Lexington St, London W1F 0LP, UK",,Greater London,England,United Kingdom,GB,W1F 0LP,51.5131254,-0.1362165,restaurant,"restaurant, food, point_of_interest, establishment",OPERATIONAL,4.5,1091.0,PRICE_LEVEL_EXPENSIVE,RESOLVED_FROM_URL
Ham Yard,,https://www.google.com/maps/place/Ham+Yard/data=!4m2!3m1!1s0x487604d38c24429f:0xb93df303435f7c5e,,,Wanna go,wanna_go,ChIJn0IkjNMEdkgRXnxfQwPzPbk,Ham Yard,https://maps.google.com/?cid=13348092065936800862&g_mp=CiVnb29nbGUubWFwcy5wbGFjZXMudjEuUGxhY2VzLkdldFBsYWNlEAIYBCAA,"Ham Yard, London, UK",,Greater London,England,United Kingdom,GB,,51.5113334,-0.1344779,,route,,4.4,44.0,,RESOLVED_FROM_URL
Treetop Walkway,,https://www.google.com/maps/place/Treetop+Walkway/data=!4m2!3m1!1s0x48760dcc52571389:0xd5c545234259f4c6,,,Wanna go,wanna_go,ChIJiRNXUswNdkgRxvRZQiNFxdU,Treetop Walkway,https://maps.google.com/?cid=15403794118230013126&g_mp=CiVnb29nbGUubWFwcy5wbGFjZXMudjEuUGxhY2VzLkdldFBsYWNlEAIYBCAA,"Treetop Walkway, Richmond TW9 2AA, UK",,Greater London,England,United Kingdom,GB,TW9 2AA,51.4756834,-0.29731589999999997,scenic_spot,"scenic_spot, tourist_attraction, point_of_interest, establishment",OPERATIONAL,4.5,2365.0,,RESOLVED_FROM_URL
Yumenoki,,https://www.google.com/maps/place/Yumenoki/data=!4m2!3m1!1s0x4876056486526a61:0x9bf3b278bd3ca23c,,,Wanna go,wanna_go,ChIJYWpShmQFdkgRPKI8vXiy85s,Yumenoki,https://maps.google.com/?cid=11237521726860206652&g_mp=CiVnb29nbGUubWFwcy5wbGFjZXMudjEuUGxhY2VzLkdldFBsYWNlEAIYBCAA,"204 Fulham Rd., London SW10 9PJ, UK",,Greater London,England,United Kingdom,GB,SW10 9PJ,51.48583,-0.181422,japanese_restaurant,"japanese_restaurant, restaurant, food, point_of_interest, establishment",OPERATIONAL,4.4,229.0,PRICE_LEVEL_MODERATE,RESOLVED_FROM_URL
"The Union Tavern, Westbourne Park",,"https://www.google.com/maps/place/The+Union+Tavern,+Westbourne+Park/data=!4m2!3m1!1s0x4876101ad5a7244b:0x39427290b29e6d7a",,,Wanna go,wanna_go,ChIJSySn1RoQdkgRem2espByQjk,"The Union Tavern, Westbourne Park",https://maps.google.com/?cid=4125986174422379898&g_mp=CiVnb29nbGUubWFwcy5wbGFjZXMudjEuUGxhY2VzLkdldFBsYWNlEAIYBCAA,"45 Woodfield Rd, London W9 2BA, UK",,Greater London,England,United Kingdom,GB,W9 2BA,51.52280030000001,-0.20135399999999998,pub,"pub, wine_bar, bar, restaurant, food, point_of_interest, establishment",OPERATIONAL,4.3,1638.0,,RESOLVED_FROM_URL
Half Moon,,https://www.google.com/maps/place/Half+Moon/data=!4m2!3m1!1s0x48760f0f2a22a4d7:0x24715ff688a838c9,,,Wanna go,wanna_go,ChIJ16QiKg8PdkgRyTioiPZfcSQ,Half Moon,https://maps.google.com/?cid=2625985570193029321&g_mp=CiVnb29nbGUubWFwcy5wbGFjZXMudjEuUGxhY2VzLkdldFBsYWNlEAIYBCAA,"93 Lower Richmond Rd., London SW15 1EU, UK",,Greater London,England,United Kingdom,GB,SW15 1EU,51.4673218,-0.22000889999999998,pub,"pub, beer_garden, bar, restaurant, food, point_of_interest, establishment",OPERATIONAL,4.5,2378.0,PRICE_LEVEL_MODERATE,RESOLVED_FROM_URL
Krokodilos,,https://www.google.com/maps/place/Krokodilos/data=!4m2!3m1!1s0x48760fc1ca768563:0xb9a68bc8048454a4,,,Wanna go,wanna_go,ChIJY4V2ysEPdkgRpFSEBMiLprk,Krokodilos,https://maps.google.com/?cid=13377533434336138404&g_mp=CiVnb29nbGUubWFwcy5wbGFjZXMudjEuUGxhY2VzLkdldFBsYWNlEAIYBCAA,"28a Kensington Church St, Lancer Sq, London W8 4EP, UK",,Greater London,England,United Kingdom,GB,W8 4EP,51.503186899999996,-0.19135539999999998,restaurant,"restaurant, vegetarian_restaurant, steak_house, mediterranean_restaurant, greek_restaurant, food, point_of_interest, establishment",CLOSED_TEMPORARILY,4.5,241.0,,RESOLVED_FROM_URL
Birley Bakery,Pastel de cumpleaños con frambuesas,https://www.google.com/maps/place/Birley+Bakery/data=!4m2!3m1!1s0x4876056768abc477:0x2d630b53e08667d4,,,Wanna go,wanna_go,ChIJd8SraGcFdkgR1GeG4FMLYy0,Birley Bakery,https://maps.google.com/?cid=3270470209278207956&g_mp=CiVnb29nbGUubWFwcy5wbGFjZXMudjEuUGxhY2VzLkdldFBsYWNlEAIYBCAA,"28-30 Cale St, London SW3 3QU, UK",,Greater London,England,United Kingdom,GB,SW3 3QU,51.4906378,-0.16717669999999998,bakery,"bakery, food_store, store, food, point_of_interest, establishment",OPERATIONAL,4.5,537.0,PRICE_LEVEL_MODERATE,RESOLVED_FROM_URL
Ishbilia Restaurant,,https://www.google.com/maps/place/Ishbilia+Restaurant/data=!4m2!3m1!1s0x4876053bd4df5dbd:0xd9a1ab6c8dc61eda,,,Wanna go,wanna_go,ChIJvV3f1DsFdkgR2h7GjWyrodk,Ishbilia Restaurant,https://maps.google.com/?cid=15682003860204166874&g_mp=CiVnb29nbGUubWFwcy5wbGFjZXMudjEuUGxhY2VzLkdldFBsYWNlEAIYBCAA,"8-9 William St, London SW1X 9HL, UK",,Greater London,England,United Kingdom,GB,SW1X 9HL,51.5016913,-0.1582594,lebanese_restaurant,"lebanese_restaurant, mediterranean_restaurant, meal_delivery, food_delivery, bar, middle_eastern_restaurant, supplier, restaurant, food, point_of_interest, manufacturer, store, establishment",OPERATIONAL,4.5,1526.0,PRICE_LEVEL_EXPENSIVE,RESOLVED_FROM_URL
Pentolina,,https://www.google.com/maps/place/Pentolina/data=!4m2!3m1!1s0x48760fc6cae7e39d:0x8d8a78f038925b80,,,Wanna go,wanna_go,ChIJnePnysYPdkgRgFuSOPB4io0,Pentolina,https://maps.google.com/?cid=10199097279270509440&g_mp=CiVnb29nbGUubWFwcy5wbGFjZXMudjEuUGxhY2VzLkdldFBsYWNlEAIYBCAA,"71 Blythe Rd, London W14 0HP, UK",,Greater London,England,United Kingdom,GB,W14 0HP,51.497559599999995,-0.21742329999999999,italian_restaurant,"italian_restaurant, restaurant, food, point_of_interest, establishment",OPERATIONAL,4.7,460.0,PRICE_LEVEL_MODERATE,RESOLVED_FROM_URL
Noble Rot Soho,,https://www.google.com/maps/place/Noble+Rot+Soho/data=!4m2!3m1!1s0x4876050d0590fbdb:0x6b72a689f9c6b31f,,,Wanna go,wanna_go,ChIJ2_uQBQ0FdkgRH7PG-Ymmcms,Noble Rot Soho,https://maps.google.com/?cid=7742433820934583071&g_mp=CiVnb29nbGUubWFwcy5wbGFjZXMudjEuUGxhY2VzLkdldFBsYWNlEAIYBCAA,"2 Greek St, London W1D 4NB, UK",,Greater London,England,United Kingdom,GB,W1D 4NB,51.51488,-0.1311741,restaurant,"restaurant, food, point_of_interest, establishment",OPERATIONAL,4.6,756.0,,RESOLVED_FROM_URL
Heard. Smash Burgers,,https://www.google.com/maps/place/Heard.+Smash+Burgers/data=!4m2!3m1!1s0x487605b7b4a4e8f9:0xc297ec850cc44cc4,,,Wanna go,wanna_go,ChIJ-eiktLcFdkgRxEzEDIXsl8I,Heard. Burger Borough,https://maps.google.com/?cid=14021936021030325444&g_mp=CiVnb29nbGUubWFwcy5wbGFjZXMudjEuUGxhY2VzLkdldFBsYWNlEAIYBCAA,"1 Flat Iron Square, London SE1 0AB, UK",,Greater London,England,United Kingdom,GB,SE1 0AB,51.5039953,-0.0954779,hamburger_restaurant,"hamburger_restaurant, american_restaurant, restaurant, food, point_of_interest, establishment",OPERATIONAL,4.6,768.0,PRICE_LEVEL_MODERATE,RESOLVED_FROM_URL
Anya Hindmarch,,https://www.google.com/maps/place/Anya+Hindmarch/data=!4m2!3m1!1s0x4876053df77f185d:0x21d1795a39fa0,,,Wanna go,wanna_go,ChIJXRh_9z0FdkgRoJ-jlRcdAgA,Anya Hindmarch,https://maps.google.com/?cid=594937085403040&g_mp=CiVnb29nbGUubWFwcy5wbGFjZXMudjEuUGxhY2VzLkdldFBsYWNlEAIYBCAA,"157-158 Sloane St, London SW1X 9BT, UK",,Greater London,England,United Kingdom,GB,SW1X 9BT,51.494001,-0.15775,store,"store, point_of_interest, establishment",OPERATIONAL,4.5,22.0,,RESOLVED_FROM_URL
Cobalto,,https://www.google.com/maps/place/Cobalto/data=!4m2!3m1!1s0x48760f7fd02dfa73:0x407b97caaf5fd8fd,,,Wanna go,wanna_go,ChIJc_ot0H8PdkgR_dhfr8qXe0A,Cobalto,https://maps.google.com/?cid=4646474337344280829&g_mp=CiVnb29nbGUubWFwcy5wbGFjZXMudjEuUGxhY2VzLkdldFBsYWNlEAIYBCAA,"226 North End Rd, London W14 9NU, UK",,Greater London,England,United Kingdom,GB,W14 9NU,51.4859526,-0.2029164,wine_bar,"wine_bar, bar, food, point_of_interest, establishment",OPERATIONAL,4.8,102.0,PRICE_LEVEL_MODERATE,RESOLVED_FROM_URL
The Room Where It Happens,,https://www.google.com/maps/place/The+Room+Where+It+Happens/data=!4m2!3m1!1s0x4876053532789de9:0xf2484f4f015d60ad,,,Wanna go,wanna_go,ChIJ6Z14MjUFdkgRrWBdAU9PSPI,The Room Where It Happens,https://maps.google.com/?cid=17458291156245635245&g_mp=CiVnb29nbGUubWFwcy5wbGFjZXMudjEuUGxhY2VzLkdldFBsYWNlEAIYBCAA,"5 Greek St, London W1D 4DD, UK",,Greater London,England,United Kingdom,GB,W1D 4DD,51.514724099999995,-0.1311919,bar,"live_music_venue, bar, event_venue, point_of_interest, establishment",CLOSED_PERMANENTLY,4.8,523.0,PRICE_LEVEL_MODERATE,RESOLVED_FROM_URL
French Society,,https://www.google.com/maps/place/French+Society/data=!4m2!3m1!1s0x4876112e2565cf33:0xa8885c4be2df748d,,,Wanna go,wanna_go,ChIJM89lJS4RdkgRjXTf4ktciKg,French Society,https://maps.google.com/?cid=12144057876203140237&g_mp=CiVnb29nbGUubWFwcy5wbGFjZXMudjEuUGxhY2VzLkdldFBsYWNlEAIYBCAA,"77 Mill Ln, London NW6 1NB, UK",,Greater London,England,United Kingdom,GB,NW6 1NB,51.5521417,-0.1960421,french_restaurant,"french_restaurant, restaurant, food, point_of_interest, establishment",OPERATIONAL,4.8,158.0,PRICE_LEVEL_MODERATE,RESOLVED_FROM_URL
DUKES London,,https://www.google.com/maps/place/DUKES+London/data=!4m2!3m1!1s0x487604d7ebb19be1:0x1b54577050db2c78,,,Wanna go,wanna_go,ChIJ4Zux69cEdkgReCzbUHBXVBs,Dukes London,https://maps.google.com/?cid=1969295076972244088&g_mp=CiVnb29nbGUubWFwcy5wbGFjZXMudjEuUGxhY2VzLkdldFBsYWNlEAIYBCAA,"35 St James's Pl, London SW1A 1NY, UK",,Greater London,England,United Kingdom,GB,SW1A 1NY,51.5054941,-0.1395483,hotel,"hotel, lodging, point_of_interest, establishment",CLOSED_TEMPORARILY,4.4,1115.0,,RESOLVED_FROM_URL
Ffiona's,,https://www.google.com/maps/place/Ffiona's/data=!4m2!3m1!1s0x48760ff75687df15:0x7d65d36807afed50,,,Wanna go,wanna_go,ChIJFd-HVvcPdkgRUO2vB2jTZX0,Ffiona's,https://maps.google.com/?cid=9035860671147797840&g_mp=CiVnb29nbGUubWFwcy5wbGFjZXMudjEuUGxhY2VzLkdldFBsYWNlEAIYBCAA,"51 Kensington Church St, London W8 4BA, UK",,Greater London,England,United Kingdom,GB,W8 4BA,51.5040798,-0.19277529999999998,british_restaurant,"british_restaurant, brunch_restaurant, bistro, family_restaurant, breakfast_restaurant, restaurant, food, point_of_interest, establishment",OPERATIONAL,4.4,917.0,PRICE_LEVEL_MODERATE,RESOLVED_FROM_URL
LIFT COFFEE,,https://www.google.com/maps/place/LIFT+COFFEE/data=!4m2!3m1!1s0x48760fa1a09e7e2f:0xb64346740ef99602,,,Wanna go,wanna_go,ChIJL36eoKEPdkgRApb5DnRGQ7Y,LIFT COFFEE,https://maps.google.com/?cid=13133418402623886850&g_mp=CiVnb29nbGUubWFwcy5wbGFjZXMudjEuUGxhY2VzLkdldFBsYWNlEAIYBCAA,"133 Kensington Church St, London W8 7LP, UK",,Greater London,England,United Kingdom,GB,W8 7LP,51.5074745,-0.1949041,cafe,"cafe, coffee_shop, food_store, food, store, point_of_interest, establishment",OPERATIONAL,4.7,710.0,PRICE_LEVEL_INEXPENSIVE,RESOLVED_FROM_URL
Mina's,,https://www.google.com/maps/place/Mina's/data=!4m2!3m1!1s0x487605e1fe223247:0xd22ffffb2880767f,,,Wanna go,wanna_go,ChIJRzIi_uEFdkgRf3aAKPv_L9I,Mina's,https://maps.google.com/?cid=15145605526051649151&g_mp=CiVnb29nbGUubWFwcy5wbGFjZXMudjEuUGxhY2VzLkdldFBsYWNlEAIYBCAA,"20 Motcomb St, London SW1X 8LB, UK",,Greater London,England,United Kingdom,GB,SW1X 8LB,51.499051099999996,-0.157308,mediterranean_restaurant,"mediterranean_restaurant, restaurant, food, point_of_interest, establishment",OPERATIONAL,4.8,770.0,PRICE_LEVEL_MODERATE,RESOLVED_FROM_URL
Guibine,,https://www.google.com/maps/place/Guibine/data=!4m2!3m1!1s0x47e66e3ac4f37b19:0x406c2e1233028fb6,,,Wanna go,wanna_go,ChIJGXvzxDpu5kcRto8CMxIubEA,Guibine,https://maps.google.com/?cid=4642135971612233654&g_mp=CiVnb29nbGUubWFwcy5wbGFjZXMudjEuUGxhY2VzLkdldFBsYWNlEAIYBCAA,"44 Rue Sainte-Anne, 75002 Paris, France",,Paris,Île-de-France,France,FR,75002,48.8672944,2.3361332999999997,korean_restaurant,"korean_restaurant, barbecue_area, asian_restaurant, restaurant, point_of_interest, food, establishment",OPERATIONAL,4.5,3113.0,PRICE_LEVEL_MODERATE,RESOLVED_FROM_URL
Amélie Restaurant,,https://www.google.com/maps/place/Am%C3%A9lie+Restaurant/data=!4m2!3m1!1s0x4876050043956e79:0x5484a65208458f6,,,Wanna go,wanna_go,ChIJeW6VQwAFdkgR9liEIGVKSAU,Amélie Restaurant,https://maps.google.com/?cid=380635966710503670&g_mp=CiVnb29nbGUubWFwcy5wbGFjZXMudjEuUGxhY2VzLkdldFBsYWNlEAIYBCAA,"Pantechnicon, Ground Floor & First Floor, 19 Motcomb St, London SW1X 8LB, UK",,Greater London,England,United Kingdom,GB,SW1X 8LB,51.4991723,-0.1572172,french_restaurant,"french_restaurant, mediterranean_restaurant, restaurant, point_of_interest, food, establishment",CLOSED_TEMPORARILY,4.4,229.0,,RESOLVED_FROM_URL
Brigadiers,,https://www.google.com/maps/place/Brigadiers/data=!4m2!3m1!1s0x4876035509b75753:0x46bf83485446686d,,,Wanna go,wanna_go,ChIJU1e3CVUDdkgRbWhGVEiDv0Y,Brigadiers,https://maps.google.com/?cid=5097937649881475181&g_mp=CiVnb29nbGUubWFwcy5wbGFjZXMudjEuUGxhY2VzLkdldFBsYWNlEAIYBCAA,"1-5 Bloomberg Arcade, London EC4N 8AR, UK",,Greater London,England,United Kingdom,GB,EC4N 8AR,51.5126036,-0.09167149999999999,indian_restaurant,"indian_restaurant, restaurant, food, point_of_interest, establishment",OPERATIONAL,4.5,3208.0,PRICE_LEVEL_VERY_EXPENSIVE,RESOLVED_FROM_URL
The Bricklayers Arms,,https://www.google.com/maps/place/The+Bricklayers+Arms/data=!4m2!3m1!1s0x48761cbabbfdbfbf:0xdb0ba74531c573c8,,,Wanna go,wanna_go,ChIJv7_9u7ocdkgRyHPFMUWnC9s,The Bricklayers Arms,https://maps.google.com/?cid=15783893234679641032&g_mp=CiVnb29nbGUubWFwcy5wbGFjZXMudjEuUGxhY2VzLkdldFBsYWNlEAIYBCAA,"63 Charlotte Rd, London EC2A 3PE, UK",,Greater London,England,United Kingdom,GB,EC2A 3PE,51.526161200000004,-0.0810999,pub,"pub, bar, restaurant, food, point_of_interest, establishment",OPERATIONAL,4.1,818.0,PRICE_LEVEL_INEXPENSIVE,RESOLVED_FROM_URL
The Ninth,,https://www.google.com/maps/place/The+Ninth/data=!4m2!3m1!1s0x48761b2c74cddf97:0x651a18620421a1a4,,,Wanna go,wanna_go,ChIJl9_NdCwbdkgRpKEhBGIYGmU,The Ninth,https://maps.google.com/?cid=7285162156480373156&g_mp=CiVnb29nbGUubWFwcy5wbGFjZXMudjEuUGxhY2VzLkdldFBsYWNlEAIYBCAA,"22 Charlotte St., London W1T 2NB, UK",,Greater London,England,United Kingdom,GB,W1T 2NB,51.518734599999995,-0.1348487,mediterranean_restaurant,"mediterranean_restaurant, restaurant, food, point_of_interest, establishment",OPERATIONAL,4.5,1504.0,,RESOLVED_FROM_URL
Jolene Colebrooke Row,,https://www.google.com/maps/place/Jolene+Colebrooke+Row/data=!4m2!3m1!1s0x48761b0dc2af6995:0x72770e29fdaf3ef,,,Wanna go,wanna_go,ChIJlWmvwg0bdkgR7_Pan-JwJwc,Jolene Colebrooke Row,https://maps.google.com/?cid=515504801004057583&g_mp=CiVnb29nbGUubWFwcy5wbGFjZXMudjEuUGxhY2VzLkdldFBsYWNlEAIYBCAA,"16 Essex Rd, London N1 8AA, UK",,Greater London,England,United Kingdom,GB,N1 8AA,51.5365247,-0.101368,bakery,"bakery, food_store, food, store, point_of_interest, establishment",OPERATIONAL,4.1,219.0,PRICE_LEVEL_INEXPENSIVE,RESOLVED_FROM_URL
Fink’s Pump House,,https://www.google.com/maps/place/Fink%E2%80%99s+Pump+House/data=!4m2!3m1!1s0x48761d0aa630075d:0x31274ed4263ef901,,,Wanna go,wanna_go,ChIJXQcwpgoddkgRAfk-JtROJzE,Fink’s Pump House,https://maps.google.com/?cid=3541886305031878913&g_mp=CiVnb29nbGUubWFwcy5wbGFjZXMudjEuUGxhY2VzLkdldFBsYWNlEAIYBCAA,"The Pump House, London N 16, 9DJ N16 9DJ, UK",,London,England,United Kingdom,GB,N16 9DJ,51.5601701,-0.0914812,coffee_stand,"coffee_stand, point_of_interest, establishment",OPERATIONAL,4.3,78.0,PRICE_LEVEL_INEXPENSIVE,RESOLVED_FROM_URL
Farang London,,https://www.google.com/maps/place/Farang+London/data=!4m2!3m1!1s0x48761b81d8020e45:0xa2166c8cf20b1eee,,,Wanna go,wanna_go,ChIJRQ4C2IEbdkgR7h4L8oxsFqI,Farang London,https://maps.google.com/?cid=11679642036243996398&g_mp=CiVnb29nbGUubWFwcy5wbGFjZXMudjEuUGxhY2VzLkdldFBsYWNlEAIYBCAA,"72 Highbury Park, London N5 2XE, UK",,Greater London,England,United Kingdom,GB,N5 2XE,51.557023099999995,-0.09774809999999999,thai_restaurant,"thai_restaurant, restaurant, food, point_of_interest, establishment",OPERATIONAL,4.6,915.0,PRICE_LEVEL_MODERATE,RESOLVED_FROM_URL
Dusty Knuckle - Highbury Van,,https://www.google.com/maps/place/Dusty+Knuckle+-+Highbury+Van/data=!4m2!3m1!1s0x48761b007c2f114d:0x5120f5e301ce3aae,,,Wanna go,wanna_go,,,,,,,,,,,,,,,,,,,URL_RESOLUTION_FAILED
Loulou,,https://www.google.com/maps/place/Loulou/data=!4m2!3m1!1s0x47e66e2f64250cfd:0x3139484128ca8233,,,Wanna go,wanna_go,ChIJ_QwlZC9u5kcRM4LKKEFIOTE,Loulou,https://maps.google.com/?cid=3546945626225410611&g_mp=CiVnb29nbGUubWFwcy5wbGFjZXMudjEuUGxhY2VzLkdldFBsYWNlEAIYBCAA,"107 Rue de Rivoli, 75001 Paris, France",,Paris,Île-de-France,France,FR,75001,48.8628651,2.333541,italian_restaurant,"italian_restaurant, mediterranean_restaurant, bar, restaurant, point_of_interest, food, establishment",OPERATIONAL,4.0,4319.0,,RESOLVED_FROM_URL
The Thomas Cubitt Pub Belgravia,,https://www.google.com/maps/place/The+Thomas+Cubitt+Pub+Belgravia/data=!4m2!3m1!1s0x4876051875d10727:0x35d4bc85fec5b0f6,,,Wanna go,wanna_go,ChIJJwfRdRgFdkgR9rDF_oW81DU,The Thomas Cubitt Pub Belgravia,https://maps.google.com/?cid=3878932462763880694&g_mp=CiVnb29nbGUubWFwcy5wbGFjZXMudjEuUGxhY2VzLkdldFBsYWNlEAIYBCAA,"44 Elizabeth St, London SW1W 9PA, UK",,Greater London,England,United Kingdom,GB,SW1W 9PA,51.4937659,-0.1507481,gastropub,"gastropub, pub, bar, restaurant, food, point_of_interest, establishment",OPERATIONAL,4.2,1767.0,PRICE_LEVEL_MODERATE,RESOLVED_FROM_URL
COYA Mayfair,,https://www.google.com/maps/place/COYA+Mayfair/data=!4m2!3m1!1s0x4876052f58ab2d75:0x42f194dcc617ecd0,,,Wanna go,wanna_go,ChIJdS2rWC8FdkgR0OwXxtyU8UI,COYA Mayfair,https://maps.google.com/?cid=4823800351827684560&g_mp=CiVnb29nbGUubWFwcy5wbGFjZXMudjEuUGxhY2VzLkdldFBsYWNlEAIYBCAA,"118 Piccadilly, London W1J 7NW, UK",,Greater London,England,United Kingdom,GB,W1J 7NW,51.5044657,-0.1479279,peruvian_restaurant,"peruvian_restaurant, cocktail_bar, latin_american_restaurant, lounge_bar, night_club, event_venue, bar, restaurant, food, point_of_interest, establishment",OPERATIONAL,4.3,3164.0,PRICE_LEVEL_VERY_EXPENSIVE,RESOLVED_FROM_URL
Gordon's Wine Bar,,https://www.google.com/maps/place/Gordon's+Wine+Bar/data=!4m2!3m1!1s0x487604ceccc06b49:0x44935b1432029769,,,Wanna go,wanna_go,ChIJSWvAzM4EdkgRaZcCMhRbk0Q,Gordon's Wine Bar,https://maps.google.com/?cid=4941393358452070249&g_mp=CiVnb29nbGUubWFwcy5wbGFjZXMudjEuUGxhY2VzLkdldFBsYWNlEAIYBCAA,"47 Villiers St, London WC2N 6NE, UK",,Greater London,England,United Kingdom,GB,WC2N 6NE,51.507943999999995,-0.123314,wine_bar,"wine_bar, bar, food, point_of_interest, establishment",OPERATIONAL,4.6,6246.0,PRICE_LEVEL_MODERATE,RESOLVED_FROM_URL
The Fuji Grill at Beaverbrook Town House,,https://www.google.com/maps/place/The+Fuji+Grill+at+Beaverbrook+Town+House/data=!4m2!3m1!1s0x487605bf2e3675d7:0xef9b31399270ca1c,,,Wanna go,wanna_go,ChIJ13U2Lr8FdkgRHMpwkjkxm-8,The Fuji Grill,https://maps.google.com/?cid=17265447719794690588&g_mp=CiVnb29nbGUubWFwcy5wbGFjZXMudjEuUGxhY2VzLkdldFBsYWNlEAIYBCAA,"Beaverbrook Town House, Sloane St, London SW1X 9PJ, UK",,Greater London,England,United Kingdom,GB,SW1X 9PJ,51.4947656,-0.1585123,japanese_restaurant,"japanese_restaurant, sushi_restaurant, restaurant, food, point_of_interest, establishment",OPERATIONAL,4.5,80.0,PRICE_LEVEL_VERY_EXPENSIVE,RESOLVED_FROM_URL
Tendido Cero,,https://www.google.com/maps/place/Tendido+Cero/data=!4m2!3m1!1s0x487605611c6df591:0x645d2d8f932463e3,,,Wanna go,wanna_go,ChIJkfVtHGEFdkgR42Mkk48tXWQ,Tendido Cero,https://maps.google.com/?cid=7231986671299093475&g_mp=CiVnb29nbGUubWFwcy5wbGFjZXMudjEuUGxhY2VzLkdldFBsYWNlEAIYBCAA,"174 Old Brompton Rd, London SW5 0BA, UK",,Greater London,England,United Kingdom,GB,SW5 0BA,51.4909714,-0.1839186,tapas_restaurant,"tapas_restaurant, restaurant, food, point_of_interest, establishment",OPERATIONAL,4.3,426.0,PRICE_LEVEL_MODERATE,RESOLVED_FROM_URL
Mowgli Street Food Charlotte Street,,https://www.google.com/maps/place/Mowgli+Street+Food+Charlotte+Street/data=!4m2!3m1!1s0x48761bb97dcc4227:0xfdb8dd7aa1b5e3ef,,,Wanna go,wanna_go,ChIJJ0LMfbkbdkgR7-O1oXrduP0,Mowgli Street Food Charlotte Street,https://maps.google.com/?cid=18282606206079329263&g_mp=CiVnb29nbGUubWFwcy5wbGFjZXMudjEuUGxhY2VzLkdldFBsYWNlEAIYBCAA,"5 Charlotte St., London W1T 1RE, UK",,Greater London,England,United Kingdom,GB,W1T 1RE,51.5181134,-0.1346175,indian_restaurant,"indian_restaurant, restaurant, food, point_of_interest, establishment",OPERATIONAL,4.4,3519.0,PRICE_LEVEL_MODERATE,RESOLVED_FROM_URL
Yasmin Soho,,https://www.google.com/maps/place/Yasmin+Soho/data=!4m2!3m1!1s0x487605dd4363c4a5:0x2a4f625c68dfaa8a,,,Wanna go,wanna_go,ChIJpcRjQ90FdkgRiqrfaFxiTyo,Yasmin,https://maps.google.com/?cid=3048763621789117066&g_mp=CiVnb29nbGUubWFwcy5wbGFjZXMudjEuUGxhY2VzLkdldFBsYWNlEAIYBCAA,"1 Warwick St, London W1B 5LR, UK",,Greater London,England,United Kingdom,GB,W1B 5LR,51.5107132,-0.13740149999999998,middle_eastern_restaurant,"middle_eastern_restaurant, turkish_restaurant, restaurant, food, point_of_interest, establishment",OPERATIONAL,4.2,291.0,PRICE_LEVEL_MODERATE,RESOLVED_FROM_URL
Little Sourdough Kitchen,,https://www.google.com/maps/place/Little+Sourdough+Kitchen/data=!4m2!3m1!1s0x48760fa261a8ffff:0x6246a38903b7c6d0,,,Wanna go,wanna_go,ChIJ__-oYaIPdkgR0Ma3A4mjRmI,Little Sourdough Kitchen,https://maps.google.com/?cid=7081527272954906320&g_mp=CiVnb29nbGUubWFwcy5wbGFjZXMudjEuUGxhY2VzLkdldFBsYWNlEAIYBCAA,"237 Munster Rd, London SW6 6BT, UK",,Greater London,England,United Kingdom,GB,SW6 6BT,51.4805036,-0.2125964,bakery,"bakery, food_store, store, food, point_of_interest, establishment",OPERATIONAL,4.8,388.0,PRICE_LEVEL_INEXPENSIVE,RESOLVED_FROM_URL
Urchin,,https://www.google.com/maps/place/Urchin/data=!4m2!3m1!1s0x48760fcc441a9f73:0x9e59b5776d42132e,,,Wanna go,wanna_go,ChIJc58aRMwPdkgRLhNCbXe1WZ4,Urchin,https://maps.google.com/?cid=11410350655458644782&g_mp=CiVnb29nbGUubWFwcy5wbGFjZXMudjEuUGxhY2VzLkdldFBsYWNlEAIYBCAA,"Urchin, 126 Holland Park Ave, London W11 4UE, UK",,Greater London,England,United Kingdom,GB,W11 4UE,51.506630799999996,-0.20848229999999998,japanese_restaurant,"japanese_restaurant, restaurant, food, point_of_interest, establishment",CLOSED_TEMPORARILY,4.5,71.0,PRICE_LEVEL_VERY_EXPENSIVE,RESOLVED_FROM_URL
Loop Generation Consignment Store in London's Chelsea,,https://www.google.com/maps/place/Loop+Generation+Consignment+Store+in+London's+Chelsea/data=!4m2!3m1!1s0x4876055d670cdef3:0x24ffba2faea33e4,,,Wanna go,wanna_go,ChIJ894MZ10FdkgR5DPq-qL7TwI,Loop Generation Consignment Store in London's Chelsea,https://maps.google.com/?cid=166628388648924132&g_mp=CiVnb29nbGUubWFwcy5wbGFjZXMudjEuUGxhY2VzLkdldFBsYWNlEAIYBCAA,"171-175 Draycott Ave, London SW3 3AJ, UK",,Greater London,England,United Kingdom,GB,SW3 3AJ,51.4934861,-0.1681306,clothing_store,"clothing_store, store, point_of_interest, establishment",OPERATIONAL,4.5,35.0,,RESOLVED_FROM_URL
Prospect of Whitby,,https://www.google.com/maps/place/Prospect+of+Whitby/data=!4m2!3m1!1s0x48760328e1d1930d:0xe394aca1c963f7db,,,Wanna go,wanna_go,ChIJDZPR4SgDdkgR2_djyaGslOM,Prospect of Whitby,https://maps.google.com/?cid=16398921954031302619&g_mp=CiVnb29nbGUubWFwcy5wbGFjZXMudjEuUGxhY2VzLkdldFBsYWNlEAIYBCAA,"57 Wapping Wall, London E1W 3SH, UK",,Greater London,England,United Kingdom,GB,E1W 3SH,51.507065999999995,-0.051110499999999996,pub,"pub, bar, restaurant, food, point_of_interest, establishment",OPERATIONAL,4.5,6447.0,,RESOLVED_FROM_URL
The Counter - Soho,,https://www.google.com/maps/place/The+Counter+-+Soho/data=!4m2!3m1!1s0x48760580a2e73653:0x3fc09e1ee1eb3b6,,,Wanna go,wanna_go,ChIJUzbnooAFdkgRtrMe7uEJ_AM,The Counter,https://maps.google.com/?cid=287115342212150198&g_mp=CiVnb29nbGUubWFwcy5wbGFjZXMudjEuUGxhY2VzLkdldFBsYWNlEAIYBCAA,"15 Kingly St, Carnaby, London W1B 5PS, UK",Carnaby,Greater London,England,United Kingdom,GB,W1B 5PS,51.5127229,-0.1392512,turkish_restaurant,"turkish_restaurant, tapas_restaurant, greek_restaurant, mediterranean_restaurant, restaurant, food, point_of_interest, establishment",OPERATIONAL,4.5,374.0,PRICE_LEVEL_MODERATE,RESOLVED_FROM_URL
Kinkally,,https://www.google.com/maps/place/Kinkally/data=!4m2!3m1!1s0x48761b93e00708bb:0x266de852f60f9445,,,Wanna go,wanna_go,ChIJuwgH4JMbdkgRRZQP9lLobSY,Kinkally,https://maps.google.com/?cid=2769124788915901509&g_mp=CiVnb29nbGUubWFwcy5wbGFjZXMudjEuUGxhY2VzLkdldFBsYWNlEAIYBCAA,"43 Charlotte St., London W1T 1RS, UK",,Greater London,England,United Kingdom,GB,W1T 1RS,51.5191902,-0.1356577,eastern_european_restaurant,"eastern_european_restaurant, restaurant, point_of_interest, food, establishment",OPERATIONAL,4.7,988.0,PRICE_LEVEL_EXPENSIVE,RESOLVED_FROM_URL
Perruche,,https://www.google.com/maps/place/Perruche/data=!4m2!3m1!1s0x47e66f29152587c1:0x5965e9595d75d0c2,,,Wanna go,wanna_go,ChIJwYclFSlv5kcRwtB1XVnpZVk,Perruche,https://maps.google.com/?cid=6441811412052725954&g_mp=CiVnb29nbGUubWFwcy5wbGFjZXMudjEuUGxhY2VzLkdldFBsYWNlEAIYBCAA,"Printemps De L'Homme, 2 Rue du Havre 9ème étage, 75009 Paris, France",,Paris,Île-de-France,France,FR,75009,48.8738678,2.3274052999999997,mediterranean_restaurant,"mediterranean_restaurant, lounge_bar, french_restaurant, night_club, bar, restaurant, food, point_of_interest, establishment",OPERATIONAL,4.2,4836.0,,RESOLVED_FROM_URL
Marcel,,https://www.google.com/maps/place/Marcel/data=!4m2!3m1!1s0x47e671d361e26f1b:0xbe9ec574cb82245e,,,Wanna go,wanna_go,ChIJG2_iYdNx5kcRXiSCy3TFnr4,Marcel,https://maps.google.com/?cid=13735633018947773534&g_mp=CiVnb29nbGUubWFwcy5wbGFjZXMudjEuUGxhY2VzLkdldFBsYWNlEAIYBCAA,"15 Rue de Babylone, 75007 Paris, France",,Paris,Île-de-France,France,FR,75007,48.8516165,2.3230966,breakfast_restaurant,"breakfast_restaurant, restaurant, food, point_of_interest, establishment",OPERATIONAL,4.0,552.0,PRICE_LEVEL_MODERATE,RESOLVED_FROM_URL
Bambini Paris,,https://www.google.com/maps/place/Bambini+Paris/data=!4m2!3m1!1s0x47e66f645c5ed5b7:0x4dbba311fb10b903,,,Wanna go,wanna_go,ChIJt9VeXGRv5kcRA7kQ-xGju00,Bambini,https://maps.google.com/?cid=5601249859187292419&g_mp=CiVnb29nbGUubWFwcy5wbGFjZXMudjEuUGxhY2VzLkdldFBsYWNlEAIYBCAA,"Palais De Tokyo, 13 Av. du Président Wilson, 75116 Paris, France",,Paris,Île-de-France,France,FR,75116,48.864586599999996,2.2966748000000003,italian_restaurant,"italian_restaurant, pizza_restaurant, lounge_bar, night_club, bar, restaurant, food, point_of_interest, establishment",OPERATIONAL,3.8,4579.0,PRICE_LEVEL_EXPENSIVE,RESOLVED_FROM_URL
Paperboy Paris,,https://www.google.com/maps/place/Paperboy+Paris/data=!4m2!3m1!1s0x47e66e07eb9f2c8f:0x1ab3d7a0b1e3c76a,,,Wanna go,wanna_go,ChIJjyyf6wdu5kcRasfjsaDXsxo,Paperboy Paris,https://maps.google.com/?cid=1924118550996567914&g_mp=CiVnb29nbGUubWFwcy5wbGFjZXMudjEuUGxhY2VzLkdldFBsYWNlEAIYBCAA,"137 Rue Amelot, 75011 Paris, France",,Paris,Île-de-France,France,FR,75011,48.8646671,2.3665304,brunch_restaurant,"brunch_restaurant, restaurant, point_of_interest, food, establishment",OPERATIONAL,4.4,1103.0,PRICE_LEVEL_MODERATE,RESOLVED_FROM_URL
Ralph's Restaurant,,https://www.google.com/maps/place/Ralph's+Restaurant/data=!4m2!3m1!1s0x47e671d7a9118953:0x8498dd294471e7b4,,,Wanna go,wanna_go,ChIJU4kRqddx5kcRtOdxRCndmIQ,Ralph's Restaurant,https://maps.google.com/?cid=9554629778778220468&g_mp=CiVnb29nbGUubWFwcy5wbGFjZXMudjEuUGxhY2VzLkdldFBsYWNlEAIYBCAA,"173 Bd Saint-Germain, 75006 Paris, France",,Paris,Île-de-France,France,FR,75006,48.854200299999995,2.330697,restaurant,"restaurant, food, point_of_interest, establishment",OPERATIONAL,3.9,1982.0,,RESOLVED_FROM_URL
SASA,,https://www.google.com/maps/place/SASA/data=!4m2!3m1!1s0x48761b434d13014f:0x36b05bcc623fcfa,,,Wanna go,wanna_go,ChIJTwETTUMbdkgR-vwjxrwFawM,SASA,https://maps.google.com/?cid=246296912958061818&g_mp=CiVnb29nbGUubWFwcy5wbGFjZXMudjEuUGxhY2VzLkdldFBsYWNlEAIYBCAA,"370 St John St, London EC1V 4NN, UK",,Greater London,England,United Kingdom,GB,EC1V 4NN,51.530136299999995,-0.1051694,sushi_restaurant,"sushi_restaurant, japanese_restaurant, bar, restaurant, food, point_of_interest, establishment",OPERATIONAL,4.6,765.0,PRICE_LEVEL_MODERATE,RESOLVED_FROM_URL
Forty Dean Street,,https://www.google.com/maps/place/Forty+Dean+Street/data=!4m2!3m1!1s0x487604d31ddf6267:0x464ecbe5b0357639,,,Wanna go,wanna_go,ChIJZ2LfHdMEdkgROXY1sOXLTkY,Forty Dean Street,https://maps.google.com/?cid=5066210818202629689&g_mp=CiVnb29nbGUubWFwcy5wbGFjZXMudjEuUGxhY2VzLkdldFBsYWNlEAIYBCAA,"40 Dean St, London W1D 4PX, UK",,Greater London,England,United Kingdom,GB,W1D 4PX,51.513372,-0.1321231,italian_restaurant,"italian_restaurant, wine_bar, pizza_restaurant, cocktail_bar, fine_dining_restaurant, family_restaurant, steak_house, bar, restaurant, food, point_of_interest, establishment",OPERATIONAL,4.3,1016.0,PRICE_LEVEL_MODERATE,RESOLVED_FROM_URL
La Petite Maison,,https://www.google.com/maps/place/La+Petite+Maison/data=!4m2!3m1!1s0x4876052b7983e181:0xb255204ab4c56a76,,,Wanna go,wanna_go,ChIJgeGDeSsFdkgRdmrFtEogVbI,La Petite Maison (LPM) London,https://maps.google.com/?cid=12850212617004083830&g_mp=CiVnb29nbGUubWFwcy5wbGFjZXMudjEuUGxhY2VzLkdldFBsYWNlEAIYBCAA,"53-54 Brook's Mews, London W1K 4EG, UK",,Greater London,England,United Kingdom,GB,W1K 4EG,51.512629,-0.146231,french_restaurant,"french_restaurant, mediterranean_restaurant, cocktail_bar, bar, restaurant, food, point_of_interest, establishment",OPERATIONAL,4.4,1509.0,PRICE_LEVEL_VERY_EXPENSIVE,RESOLVED_FROM_URL
OPSO,,https://www.google.com/maps/place/OPSO/data=!4m2!3m1!1s0x48761ace02b582ed:0xd1c01fdc997a7410,,,Wanna go,wanna_go,ChIJ7YK1As4adkgREHR6mdwfwNE,OPSO,https://maps.google.com/?cid=15114115381783589904&g_mp=CiVnb29nbGUubWFwcy5wbGFjZXMudjEuUGxhY2VzLkdldFBsYWNlEAIYBCAA,"10 Paddington St, London W1U 5QL, UK",,Greater London,England,United Kingdom,GB,W1U 5QL,51.5208115,-0.1528541,greek_restaurant,"greek_restaurant, restaurant, food, point_of_interest, establishment",OPERATIONAL,4.3,2402.0,PRICE_LEVEL_VERY_EXPENSIVE,RESOLVED_FROM_URL
Monmouth Coffee Company,Cafeteria muy recomendada,https://www.google.com/maps/place/Monmouth+Coffee+Company/data=!4m2!3m1!1s0x487604cd2fa45b6b:0x88cf5801f76b8d84,,,Wanna go,wanna_go,ChIJa1ukL80EdkgRhI1r9wFYz4g,Monmouth Coffee Company,https://maps.google.com/?cid=9858194874806537604&g_mp=CiVnb29nbGUubWFwcy5wbGFjZXMudjEuUGxhY2VzLkdldFBsYWNlEAIYBCAA,"27 Monmouth St, London WC2H 9EU, UK",,Greater London,England,United Kingdom,GB,WC2H 9EU,51.514389099999995,-0.1268041,coffee_shop,"coffee_shop, cafe, food_store, store, point_of_interest, food, establishment",OPERATIONAL,4.5,3768.0,PRICE_LEVEL_INEXPENSIVE,RESOLVED_FROM_URL
Bellillo,,https://www.google.com/maps/place/Bellillo/data=!4m2!3m1!1s0x48760fa2f317070d:0xefbc86b2411b9ec5,,,Wanna go,wanna_go,ChIJDQcX86IPdkgRxZ4bQbKGvO8,Bellillo,https://maps.google.com/?cid=17274830370841009861&g_mp=CiVnb29nbGUubWFwcy5wbGFjZXMudjEuUGxhY2VzLkdldFBsYWNlEAIYBCAA,"255 Munster Rd, London SW6 6BW, UK",,Greater London,England,United Kingdom,GB,SW6 6BW,51.4810814,-0.2130599,pizza_restaurant,"pizza_restaurant, fast_food_restaurant, pizza_delivery, meal_delivery, meal_takeaway, italian_restaurant, food_delivery, shipping_service, restaurant, food, service, point_of_interest, establishment",OPERATIONAL,4.7,1043.0,PRICE_LEVEL_MODERATE,RESOLVED_FROM_URL
The Clifton NW8,,https://www.google.com/maps/place/The+Clifton+NW8/data=!4m2!3m1!1s0x48761aa1d57b361f:0x1fee43b381daa829,,,Wanna go,wanna_go,ChIJHzZ71aEadkgRKajagbND7h8,The Clifton NW8,https://maps.google.com/?cid=2300850897889699881&g_mp=CiVnb29nbGUubWFwcy5wbGFjZXMudjEuUGxhY2VzLkdldFBsYWNlEAIYBCAA,"96 Clifton Hill, London NW8 0JT, UK",,Greater London,England,United Kingdom,GB,NW8 0JT,51.535917299999994,-0.18518179999999998,pub,"pub, bar, restaurant, food, point_of_interest, establishment",OPERATIONAL,4.5,785.0,PRICE_LEVEL_MODERATE,RESOLVED_FROM_URL
The Audley Public House,,https://www.google.com/maps/place/The+Audley+Public+House/data=!4m2!3m1!1s0x487604b8a52a1bb7:0x7c607019638b2bfb,,,Wanna go,wanna_go,ChIJtxsqpbgEdkgR-yuLYxlwYHw,The Audley Public House,https://maps.google.com/?cid=8962286512813845499&g_mp=CiVnb29nbGUubWFwcy5wbGFjZXMudjEuUGxhY2VzLkdldFBsYWNlEAIYBCAA,"41-43 Mount St, London W1K 2RX, UK",,Greater London,England,United Kingdom,GB,W1K 2RX,51.5097208,-0.1516283,pub,"pub, bar, point_of_interest, establishment",OPERATIONAL,4.3,1553.0,PRICE_LEVEL_MODERATE,RESOLVED_FROM_URL
The Newman Arms,,https://www.google.com/maps/place/The+Newman+Arms/data=!4m2!3m1!1s0x48761b2b87d65a89:0xc6633f365e887b19,,,Wanna go,wanna_go,ChIJiVrWhysbdkgRGXuIXjY_Y8Y,The Newman Arms,https://maps.google.com/?cid=14295339144950872857&g_mp=CiVnb29nbGUubWFwcy5wbGFjZXMudjEuUGxhY2VzLkdldFBsYWNlEAIYBCAA,"23 Rathbone St, London W1T 1NG, UK",,Greater London,England,United Kingdom,GB,W1T 1NG,51.518161199999994,-0.13521619999999998,pub,"pub, bar, point_of_interest, establishment",OPERATIONAL,4.4,449.0,PRICE_LEVEL_MODERATE,RESOLVED_FROM_URL
The Grazing Goat Pub & Boutique Hotel Marylebone,,https://www.google.com/maps/place/The+Grazing+Goat+Pub+%26+Boutique+Hotel+Marylebone/data=!4m2!3m1!1s0x48761accaea17269:0x1dcbab94c57bc11a,,,Wanna go,wanna_go,ChIJaXKhrswadkgRGsF7xZSryx0,The Grazing Goat Pub & Boutique Hotel Marylebone,https://maps.google.com/?cid=2146998302828904730&g_mp=CiVnb29nbGUubWFwcy5wbGFjZXMudjEuUGxhY2VzLkdldFBsYWNlEAIYBCAA,"6 New Quebec St, London W1H 7RQ, UK",,Greater London,England,United Kingdom,GB,W1H 7RQ,51.5152794,-0.1581324,gastropub,"gastropub, pub, bar, hotel, lodging, restaurant, food, point_of_interest, establishment",OPERATIONAL,4.4,2376.0,,RESOLVED_FROM_URL
KOL,,https://www.google.com/maps/place/KOL/data=!4m2!3m1!1s0x48761b050acef9bd:0xccd952188bdb5bdc,,,Wanna go,wanna_go,ChIJvfnOCgUbdkgR3FvbixhS2cw,KOL,https://maps.google.com/?cid=14760919519062612956&g_mp=CiVnb29nbGUubWFwcy5wbGFjZXMudjEuUGxhY2VzLkdldFBsYWNlEAIYBCAA,"9 Seymour St, London W1H 7BA, UK",,Greater London,England,United Kingdom,GB,W1H 7BA,51.5147644,-0.15752239999999998,mexican_restaurant,"mexican_restaurant, fine_dining_restaurant, restaurant, point_of_interest, food, establishment",OPERATIONAL,4.5,1000.0,PRICE_LEVEL_VERY_EXPENSIVE,RESOLVED_FROM_URL
Ukiyo Handroll Bar,,https://www.google.com/maps/place/Ukiyo+Handroll+Bar/data=!4m2!3m1!1s0x487604ccfdf640b5:0xbe2187819f006402,,,Wanna go,wanna_go,ChIJtUD2_cwEdkgRAmQAn4GHIb4,Ukiyo Handroll Bar,https://maps.google.com/?cid=13700380532225893378&g_mp=CiVnb29nbGUubWFwcy5wbGFjZXMudjEuUGxhY2VzLkdldFBsYWNlEAIYBCAA,"8 Slingsby Pl, London WC2E 9AB, UK",,Greater London,England,United Kingdom,GB,WC2E 9AB,51.512696999999996,-0.1262473,sushi_restaurant,"sushi_restaurant, japanese_restaurant, restaurant, food, point_of_interest, establishment",OPERATIONAL,4.8,461.0,PRICE_LEVEL_VERY_EXPENSIVE,RESOLVED_FROM_URL
Tacos Padre,,https://www.google.com/maps/place/Tacos+Padre/data=!4m2!3m1!1s0x487603d2e1cadaf9:0x20be58cf3001d622,,,Wanna go,wanna_go,ChIJ-drK4dIDdkgRItYBMM9YviA,Tacos Padre,https://maps.google.com/?cid=2359420901675619874&g_mp=CiVnb29nbGUubWFwcy5wbGFjZXMudjEuUGxhY2VzLkdldFBsYWNlEAIYBCAA,"The Borough Market Kitchen Padre, Winchester Walk, Jubilee, London SE1 9AG, UK",,Greater London,England,United Kingdom,GB,SE1 9AG,51.5061414,-0.09076229999999999,taco_restaurant,"taco_restaurant, restaurant, food, point_of_interest, establishment",OPERATIONAL,4.2,507.0,PRICE_LEVEL_MODERATE,RESOLVED_FROM_URL
Megan's on the High Street Restaurant (Kensington),,https://www.google.com/maps/place/Megan's+on+the+High+Street+Restaurant+(Kensington)/data=!4m2!3m1!1s0x48760fb89159ff71:0x1697858f37ec64c,,,Wanna go,wanna_go,ChIJcf9ZkbgPdkgRTMZ-81h4aQE,Megan's on the High Street Restaurant (Kensington),https://maps.google.com/?cid=101744790030173772&g_mp=CiVnb29nbGUubWFwcy5wbGFjZXMudjEuUGxhY2VzLkdldFBsYWNlEAIYBCAA,"204 Kensington High St, London W8 7RG, UK",,Greater London,England,United Kingdom,GB,W8 7RG,51.499651899999996,-0.1974341,mediterranean_restaurant,"mediterranean_restaurant, brunch_restaurant, cafe, restaurant, food, point_of_interest, establishment",OPERATIONAL,4.5,5448.0,PRICE_LEVEL_MODERATE,RESOLVED_FROM_URL
Foxhills Country Club – Golf Club & Resort,,https://www.google.com/maps/place/Foxhills+Country+Club+%E2%80%93+Golf+Club+%26+Resort/data=!4m2!3m1!1s0x48767792862da549:0xd98cf33200ef3db1,,,Wanna go,wanna_go,ChIJSaUthpJ3dkgRsT3vADLzjNk,Foxhills Country Club – Golf Club & Resort,https://maps.google.com/?cid=15676171799059447217&g_mp=CiVnb29nbGUubWFwcy5wbGFjZXMudjEuUGxhY2VzLkdldFBsYWNlEAIYBCAA,"Stonehill Rd, Ottershaw, Lyne, Chertsey KT16 0EL, UK",,Ottershaw,England,United Kingdom,GB,KT16 0EL,51.3737469,-0.5534346,hotel,"hotel, resort_hotel, sports_club, lodging, association_or_organization, point_of_interest, establishment",OPERATIONAL,4.5,1725.0,,RESOLVED_FROM_URL
Hausu,,https://www.google.com/maps/place/Hausu/data=!4m2!3m1!1s0x487603a1cbf6a283:0xf0f99b4b0bbf2bae,,,Wanna go,wanna_go,ChIJg6L2y6EDdkgRriu_C0ub-fA,Hausu,https://maps.google.com/?cid=17364080584925588398&g_mp=CiVnb29nbGUubWFwcy5wbGFjZXMudjEuUGxhY2VzLkdldFBsYWNlEAIYBCAA,"11a Station Wy, London SE15 4RX, UK",,Greater London,England,United Kingdom,GB,SE15 4RX,51.4700651,-0.0694246,restaurant,"coffee_shop, cafe, bar, food_store, store, restaurant, point_of_interest, food, establishment",OPERATIONAL,4.6,238.0,PRICE_LEVEL_EXPENSIVE,RESOLVED_FROM_URL
Brawn,,https://www.google.com/maps/place/Brawn/data=!4m2!3m1!1s0x48761cc7623842af:0x4bb9017c4ea386c4,,,Wanna go,wanna_go,ChIJr0I4YsccdkgRxIajTnwBuUs,Brawn,https://maps.google.com/?cid=5456394056942978756&g_mp=CiVnb29nbGUubWFwcy5wbGFjZXMudjEuUGxhY2VzLkdldFBsYWNlEAIYBCAA,"49 Columbia Rd, London E2 7RG, UK",,Greater London,England,United Kingdom,GB,E2 7RG,51.528968,-0.070239,mediterranean_restaurant,"mediterranean_restaurant, european_restaurant, british_restaurant, bar, french_restaurant, restaurant, point_of_interest, food, establishment",OPERATIONAL,4.6,1165.0,PRICE_LEVEL_EXPENSIVE,RESOLVED_FROM_URL
Levan Restaurant Peckham,,https://www.google.com/maps/place/Levan+Restaurant+Peckham/data=!4m2!3m1!1s0x487603a611c0fe2d:0x33d5a85c3928cb6,,,Wanna go,wanna_go,ChIJLf7AEaYDdkgRtoySw4VaPQM,Levan Restaurant Peckham,https://maps.google.com/?cid=233442286251445430&g_mp=CiVnb29nbGUubWFwcy5wbGFjZXMudjEuUGxhY2VzLkdldFBsYWNlEAIYBCAA,"12-16 Blenheim Grove, London SE15 4QL, UK",,Greater London,England,United Kingdom,GB,SE15 4QL,51.469708,-0.0691507,restaurant,"restaurant, point_of_interest, food, establishment",OPERATIONAL,4.5,623.0,PRICE_LEVEL_EXPENSIVE,RESOLVED_FROM_URL
Sophie's Soho,,https://www.google.com/maps/place/Sophie's+Soho/data=!4m2!3m1!1s0x487604d392da3bfd:0xaca261868610045b,,,Wanna go,wanna_go,ChIJ_TvaktMEdkgRWwQQhoZhoqw,Sophie's Soho,https://maps.google.com/?cid=12439612351153439835&g_mp=CiVnb29nbGUubWFwcy5wbGFjZXMudjEuUGxhY2VzLkdldFBsYWNlEAIYBCAA,"42-44 Great Windmill St, London W1D 7NB, UK",,Greater London,England,United Kingdom,GB,W1D 7NB,51.5110101,-0.13416039999999999,steak_house,"steak_house, bar, restaurant, food, point_of_interest, establishment",OPERATIONAL,4.4,3043.0,PRICE_LEVEL_MODERATE,RESOLVED_FROM_URL
Grato,,https://www.google.com/maps/place/Grato/data=!4m2!3m1!1s0x48760f41efd52113:0x69db9c3811665be2,,,Wanna go,wanna_go,ChIJEyHV70EPdkgR4ltmETic22k,Grato,https://maps.google.com/?cid=7627862158506089442&g_mp=CiVnb29nbGUubWFwcy5wbGFjZXMudjEuUGxhY2VzLkdldFBsYWNlEAIYBCAA,"9 Kensington Square, London W8 5EP, UK",,Greater London,England,United Kingdom,GB,W8 5EP,51.500571699999995,-0.189248,italian_restaurant,"italian_restaurant, restaurant, food, point_of_interest, establishment",OPERATIONAL,4.8,816.0,PRICE_LEVEL_MODERATE,RESOLVED_FROM_URL
The Duck and Rice,,https://www.google.com/maps/place/The+Duck+and+Rice/data=!4m2!3m1!1s0x487604d360292553:0xe5d1787f9487cc43,,,Wanna go,wanna_go,ChIJUyUpYNMEdkgRQ8yHlH940eU,The Duck and Rice,https://maps.google.com/?cid=16560149794166131779&g_mp=CiVnb29nbGUubWFwcy5wbGFjZXMudjEuUGxhY2VzLkdldFBsYWNlEAIYBCAA,"90 Berwick St, London W1F 0QB, UK",,Greater London,England,United Kingdom,GB,W1F 0QB,51.513510600000004,-0.13492179999999998,chinese_restaurant,"chinese_restaurant, asian_restaurant, pub, bar, restaurant, food, point_of_interest, establishment",OPERATIONAL,4.4,5273.0,PRICE_LEVEL_MODERATE,RESOLVED_FROM_URL
Donostia Restaurant,,https://www.google.com/maps/place/Donostia+Restaurant/data=!4m2!3m1!1s0x48761aca5818e9ef:0x94522f08363d2f6,,,Wanna go,wanna_go,ChIJ7-kYWMoadkgR9tJjg_AiRQk,Donostia Restaurant,https://maps.google.com/?cid=667978536126239478&g_mp=CiVnb29nbGUubWFwcy5wbGFjZXMudjEuUGxhY2VzLkdldFBsYWNlEAIYBCAA,"10 Seymour Pl, London W1H 7ND, UK",,Greater London,England,United Kingdom,GB,W1H 7ND,51.5147134,-0.1610036,basque_restaurant,"basque_restaurant, wine_bar, tapas_restaurant, european_restaurant, spanish_restaurant, bar, restaurant, point_of_interest, food, establishment",OPERATIONAL,4.5,787.0,PRICE_LEVEL_EXPENSIVE,RESOLVED_FROM_URL
Cloth,,https://www.google.com/maps/place/Cloth/data=!4m2!3m1!1s0x48761bc8112bb439:0xb3ea42de148b5c68,,,Wanna go,wanna_go,ChIJObQrEcgbdkgRaFyLFN5C6rM,Cloth,https://maps.google.com/?cid=12964247998934244456&g_mp=CiVnb29nbGUubWFwcy5wbGFjZXMudjEuUGxhY2VzLkdldFBsYWNlEAIYBCAA,"44 Cloth Fair, London EC1A 7JQ, UK",,Greater London,England,United Kingdom,GB,EC1A 7JQ,51.518869099999996,-0.10008639999999999,restaurant,"restaurant, food, point_of_interest, establishment",OPERATIONAL,4.6,240.0,PRICE_LEVEL_EXPENSIVE,RESOLVED_FROM_URL
Clifton Nurseries,,https://www.google.com/maps/place/Clifton+Nurseries/data=!4m2!3m1!1s0x48761aa9011132e9:0xc98e3cb0290dbab9,,,Wanna go,wanna_go,ChIJ6TIRAakadkgRuboNKbA8jsk,Clifton Nurseries,https://maps.google.com/?cid=14523612575617104569&g_mp=CiVnb29nbGUubWFwcy5wbGFjZXMudjEuUGxhY2VzLkdldFBsYWNlEAIYBCAA,"5A Clifton Villas, London W9 2PH, UK",,Greater London,England,United Kingdom,GB,W9 2PH,51.52223670000001,-0.1845952,garden_center,"garden_center, cafe, general_contractor, store, service, food, point_of_interest, establishment",OPERATIONAL,4.6,1437.0,,RESOLVED_FROM_URL
Putney Pies,,https://www.google.com/maps/place/Putney+Pies/data=!4m2!3m1!1s0x48760f12de09afe5:0xdde9051e433eaac4,,,Wanna go,wanna_go,ChIJ5a8J3hIPdkgRxKo-Qx4F6d0,Putney Pies,https://maps.google.com/?cid=15990317579490994884&g_mp=CiVnb29nbGUubWFwcy5wbGFjZXMudjEuUGxhY2VzLkdldFBsYWNlEAIYBCAA,"2 Putney High St, London SW15 1SL, UK",,Greater London,England,United Kingdom,GB,SW15 1SL,51.466025699999996,-0.2145572,bakery,"bakery, food_store, store, restaurant, food, point_of_interest, establishment",OPERATIONAL,4.3,731.0,PRICE_LEVEL_MODERATE,RESOLVED_FROM_URL
Maido Sushi,,https://www.google.com/maps/place/Maido+Sushi/data=!4m2!3m1!1s0x48761b7e87b59cb1:0x73098bb2c62d459a,,,Wanna go,wanna_go,ChIJsZy1h34bdkgRmkUtxrKLCXM,Maido Sushi,https://maps.google.com/?cid=8289310189097403802&g_mp=CiVnb29nbGUubWFwcy5wbGFjZXMudjEuUGxhY2VzLkdldFBsYWNlEAIYBCAA,"Unit 1, 28 Circus Rd, London NW8 6PD, UK",,Greater London,England,United Kingdom,GB,NW8 6PD,51.53352640000001,-0.17271,sushi_restaurant,"sushi_restaurant, meal_takeaway, japanese_restaurant, restaurant, food, point_of_interest, establishment",OPERATIONAL,4.8,1616.0,PRICE_LEVEL_MODERATE,RESOLVED_FROM_URL
Cafe Cecilia,,https://www.google.com/maps/place/Cafe+Cecilia/data=!4m2!3m1!1s0x48761de996317e09:0x8664a6364419dbf2,,,Wanna go,wanna_go,ChIJCX4xlukddkgR8tsZRDamZIY,Cafe Cecilia,https://maps.google.com/?cid=9684047850754399218&g_mp=CiVnb29nbGUubWFwcy5wbGFjZXMudjEuUGxhY2VzLkdldFBsYWNlEAIYBCAA,"32 Andrews Rd, London E8 4FX, UK",,Greater London,England,United Kingdom,GB,E8 4FX,51.534555999999995,-0.060122999999999996,restaurant,"restaurant, food, point_of_interest, establishment",OPERATIONAL,4.5,544.0,PRICE_LEVEL_MODERATE,RESOLVED_FROM_URL
The Coral Room,,https://www.google.com/maps/place/The+Coral+Room/data=!4m2!3m1!1s0x48761b2d7e266f11:0xa4be390e9198b8a7,,,Wanna go,wanna_go,ChIJEW8mfi0bdkgRp7iYkQ45vqQ,The Coral Room,https://maps.google.com/?cid=11870988402530236583&g_mp=CiVnb29nbGUubWFwcy5wbGFjZXMudjEuUGxhY2VzLkdldFBsYWNlEAIYBCAA,"16-22 Great Russell St, London WC1B 3NN, UK",,Greater London,England,United Kingdom,GB,WC1B 3NN,51.5172171,-0.1289725,cocktail_bar,"cocktail_bar, wine_bar, bar, restaurant, food, point_of_interest, establishment",OPERATIONAL,4.6,886.0,PRICE_LEVEL_MODERATE,RESOLVED_FROM_URL
Café Kitsuné London,,https://www.google.com/maps/place/Caf%C3%A9+Kitsun%C3%A9+London/data=!4m2!3m1!1s0x48760539f57de50f:0x3543f0babf1e5926,,,Wanna go,wanna_go,ChIJD-V99TkFdkgRJlkev7rwQzU,Café Kitsuné - Belgravia,https://maps.google.com/?cid=3838175992310815014&g_mp=CiVnb29nbGUubWFwcy5wbGFjZXMudjEuUGxhY2VzLkdldFBsYWNlEAIYBCAA,"19 Motcomb St, London SW1X 8LB, UK",,Greater London,England,United Kingdom,GB,SW1X 8LB,51.499226799999995,-0.157074,cafe,"cafe, bakery, food_store, store, food, point_of_interest, establishment",CLOSED_PERMANENTLY,3.8,1122.0,PRICE_LEVEL_MODERATE,RESOLVED_FROM_URL
Daphne's,,https://www.google.com/maps/place/Daphne's/data=!4m2!3m1!1s0x4876056a79b054e7:0xd27361c16b863323,,,Wanna go,wanna_go,ChIJ51SweWoFdkgRIzOGa8Fhc9I,Daphne's,https://maps.google.com/?cid=15164571853647131427&g_mp=CiVnb29nbGUubWFwcy5wbGFjZXMudjEuUGxhY2VzLkdldFBsYWNlEAIYBCAA,"112 Draycott Ave, London SW3 3AE, UK",,Greater London,England,United Kingdom,GB,SW3 3AE,51.493686499999995,-0.1677929,italian_restaurant,"italian_restaurant, cocktail_bar, wine_bar, bar, restaurant, food, point_of_interest, establishment",OPERATIONAL,4.3,1614.0,,RESOLVED_FROM_URL
The Queens,,https://www.google.com/maps/place/The+Queens/data=!4m2!3m1!1s0x48761ae94f458067:0x3b34a93849267095,,,Wanna go,wanna_go,ChIJZ4BFT-kadkgRlXAmSTipNDs,The Queens,https://maps.google.com/?cid=4266220806237221013&g_mp=CiVnb29nbGUubWFwcy5wbGFjZXMudjEuUGxhY2VzLkdldFBsYWNlEAIYBCAA,"49 Regent's Park Rd, London NW1 8XD, UK",,Greater London,England,United Kingdom,GB,NW1 8XD,51.5405728,-0.15768990000000002,pub,"pub, bar, point_of_interest, establishment",OPERATIONAL,4.4,1533.0,PRICE_LEVEL_MODERATE,RESOLVED_FROM_URL
The French House,,https://www.google.com/maps/place/The+French+House/data=!4m2!3m1!1s0x487604d2fbf64805:0x5b6a668d1c712399,,,Wanna go,wanna_go,ChIJBUj2-9IEdkgRmSNxHI1mals,The French House,https://maps.google.com/?cid=6587190161236370329&g_mp=CiVnb29nbGUubWFwcy5wbGFjZXMudjEuUGxhY2VzLkdldFBsYWNlEAIYBCAA,"49 Dean St, London W1D 5BG, UK",,Greater London,England,United Kingdom,GB,W1D 5BG,51.5127471,-0.13173179999999998,pub,"pub, bar, restaurant, food, point_of_interest, establishment",OPERATIONAL,4.5,2046.0,,RESOLVED_FROM_URL
Llewelyn's,,https://www.google.com/maps/place/Llewelyn's/data=!4m2!3m1!1s0x48760472e08d94df:0xca443a6284079dd8,,,Wanna go,wanna_go,ChIJ35SN4HIEdkgR2J0HhGI6RMo,Llewelyn's,https://maps.google.com/?cid=14574838488874065368&g_mp=CiVnb29nbGUubWFwcy5wbGFjZXMudjEuUGxhY2VzLkdldFBsYWNlEAIYBCAA,"293-295 Railton Rd, London SE24 0JP, UK",,Greater London,England,United Kingdom,GB,SE24 0JP,51.453288199999996,-0.10274119999999999,restaurant,"restaurant, food, point_of_interest, establishment",OPERATIONAL,4.6,634.0,PRICE_LEVEL_EXPENSIVE,RESOLVED_FROM_URL
Lemonia,,https://www.google.com/maps/place/Lemonia/data=!4m2!3m1!1s0x48761aeec9397edd:0x32fb76b833720cb4,,,Wanna go,wanna_go,ChIJ3X45ye4adkgRtAxyM7h2-zI,Lemonia,https://maps.google.com/?cid=3673660454559943860&g_mp=CiVnb29nbGUubWFwcy5wbGFjZXMudjEuUGxhY2VzLkdldFBsYWNlEAIYBCAA,"89 Regent's Park Rd, London NW1 8UY, UK",,Greater London,England,United Kingdom,GB,NW1 8UY,51.5416511,-0.15701099999999998,greek_restaurant,"greek_restaurant, mediterranean_restaurant, restaurant, food, point_of_interest, establishment",OPERATIONAL,4.3,2255.0,PRICE_LEVEL_MODERATE,RESOLVED_FROM_URL
Pizza East - Shoreditch,,https://www.google.com/maps/place/Pizza+East+-+Shoreditch/data=!4m2!3m1!1s0x48761cb0cf498cfb:0x4500c38e2cd948b7,,,Wanna go,wanna_go,ChIJ-4xJz7AcdkgRt0jZLI7DAEU,Pizza East - Shoreditch,https://maps.google.com/?cid=4972189004022237367&g_mp=CiVnb29nbGUubWFwcy5wbGFjZXMudjEuUGxhY2VzLkdldFBsYWNlEAIYBCAA,"56 Shoreditch High St, London E1 6JJ, UK",,Greater London,England,United Kingdom,GB,E1 6JJ,51.5238052,-0.0769164,pizza_restaurant,"pizza_restaurant, italian_restaurant, restaurant, food, point_of_interest, establishment",OPERATIONAL,4.4,5275.0,PRICE_LEVEL_MODERATE,RESOLVED_FROM_URL
SAVOY GRILL,,https://www.google.com/maps/place/SAVOY+GRILL/data=!4m2!3m1!1s0x487604c926ff263f:0x17967b823b5eb47e,,,Wanna go,wanna_go,ChIJPyb_JskEdkgRfrReO4J7lhc,Savoy Grill,https://maps.google.com/?cid=1699681708650968190&g_mp=CiVnb29nbGUubWFwcy5wbGFjZXMudjEuUGxhY2VzLkdldFBsYWNlEAIYBCAA,"100 Strand, London WC2R 0EZ, UK",,Greater London,England,United Kingdom,GB,WC2R 0EZ,51.5106095,-0.12058020000000001,restaurant,"restaurant, food, point_of_interest, establishment",OPERATIONAL,4.4,3093.0,PRICE_LEVEL_VERY_EXPENSIVE,RESOLVED_FROM_URL
The Toast Rack Bake House,,https://www.google.com/maps/place/The+Toast+Rack+Bake+House/data=!4m2!3m1!1s0x487605ed0f9a1d1f:0xd6117aec0111398c,,,Wanna go,wanna_go,ChIJHx2aD-0FdkgRjDkRAex6EdY,The Toast Rack Bake House,https://maps.google.com/?cid=15425245352769436044&g_mp=CiVnb29nbGUubWFwcy5wbGFjZXMudjEuUGxhY2VzLkdldFBsYWNlEAIYBCAA,"314 Trinity Rd, London SW18 3RG, UK",,Greater London,England,United Kingdom,GB,SW18 3RG,51.450061999999996,-0.173645,cafe,"cafe, bakery, food_store, store, restaurant, food, point_of_interest, establishment",OPERATIONAL,4.5,401.0,PRICE_LEVEL_MODERATE,RESOLVED_FROM_URL
Mountain Beak Street,,https://www.google.com/maps/place/Mountain+Beak+Street/data=!4m2!3m1!1s0x487605c1628f7119:0xdfeb1321491f8200,,,Wanna go,wanna_go,ChIJGXGPYsEFdkgRAIIfSSET698,Mountain Beak Street,https://maps.google.com/?cid=16135011123666584064&g_mp=CiVnb29nbGUubWFwcy5wbGFjZXMudjEuUGxhY2VzLkdldFBsYWNlEAIYBCAA,"16-18 Beak St, London W1F 9RD, UK",,Greater London,England,United Kingdom,GB,W1F 9RD,51.5120181,-0.1382302,spanish_restaurant,"spanish_restaurant, restaurant, food, point_of_interest, establishment",OPERATIONAL,4.4,1436.0,PRICE_LEVEL_VERY_EXPENSIVE,RESOLVED_FROM_URL
Maison François,,https://www.google.com/maps/place/Maison+Fran%C3%A7ois/data=!4m2!3m1!1s0x487604d65714a58f:0x9660b520db449d57,,,Wanna go,wanna_go,ChIJj6UUV9YEdkgRV51E2yC1YJY,Maison François,https://maps.google.com/?cid=10835859856175701335&g_mp=CiVnb29nbGUubWFwcy5wbGFjZXMudjEuUGxhY2VzLkdldFBsYWNlEAIYBCAA,"34 Duke Street St James's, London SW1Y 6DF, UK",,Greater London,England,United Kingdom,GB,SW1Y 6DF,51.5076051,-0.1381801,restaurant,"cocktail_bar, wine_bar, tea_house, breakfast_restaurant, bar, restaurant, food, point_of_interest, establishment",OPERATIONAL,4.6,1315.0,,RESOLVED_FROM_URL
Horse & Groom,,https://www.google.com/maps/place/Horse+%26+Groom/data=!4m2!3m1!1s0x487605249faf5de7:0xcb33467e83c886ee,,,Wanna go,wanna_go,ChIJ512vnyQFdkgR7obIg35GM8s,Horse & Groom,https://maps.google.com/?cid=14642124322702395118&g_mp=CiVnb29nbGUubWFwcy5wbGFjZXMudjEuUGxhY2VzLkdldFBsYWNlEAIYBCAA,"7 Groom Pl, London SW1X 7BA, UK",,Greater London,England,United Kingdom,GB,SW1X 7BA,51.4993171,-0.15106799999999998,pub,"pub, bar, point_of_interest, establishment",OPERATIONAL,4.5,817.0,PRICE_LEVEL_MODERATE,RESOLVED_FROM_URL
Half Cup,,https://www.google.com/maps/place/Half+Cup/data=!4m2!3m1!1s0x48761ba5445f82ef:0xb175bfb1d3995ffa,,,Wanna go,wanna_go,ChIJ74JfRKUbdkgR-l-Z07G_dbE,HALFCUP BARTS SQUARE,https://maps.google.com/?cid=12787337487468552186&g_mp=CiVnb29nbGUubWFwcy5wbGFjZXMudjEuUGxhY2VzLkdldFBsYWNlEAIYBCAA,"22-23 Bartholomew Cl, Barbican, London EC1A 7BB, UK",Barbican,Greater London,England,United Kingdom,GB,EC1A 7BB,51.5181288,-0.09860759999999999,cafe,"cafe, point_of_interest, food, establishment",OPERATIONAL,4.5,384.0,PRICE_LEVEL_MODERATE,RESOLVED_FROM_URL
Half Cup,,https://www.google.com/maps/place/Half+Cup/data=!4m2!3m1!1s0x48761b3a3583b445:0x4e94e3bd81b8856e,,,Wanna go,wanna_go,ChIJRbSDNTobdkgRboW4gb3jlE4,HALFCUP KINGS CROSS,https://maps.google.com/?cid=5662401034576233838&g_mp=CiVnb29nbGUubWFwcy5wbGFjZXMudjEuUGxhY2VzLkdldFBsYWNlEAIYBCAA,"100-102 Judd St, London WC1H 9NT, UK",,Greater London,England,United Kingdom,GB,WC1H 9NT,51.5278724,-0.12475789999999999,brunch_restaurant,"brunch_restaurant, breakfast_restaurant, food_store, store, restaurant, food, point_of_interest, establishment",OPERATIONAL,4.5,2837.0,PRICE_LEVEL_MODERATE,RESOLVED_FROM_URL
Mari Deli & Dining,,https://www.google.com/maps/place/Mari+Deli+%26+Dining/data=!4m2!3m1!1s0x48760e48d8bea0fd:0xbbd68d7349368e51,,,Wanna go,wanna_go,ChIJ_aC-2EgOdkgRUY42SXON1rs,Mari Deli & Dining,https://maps.google.com/?cid=13535161256397672017&g_mp=CiVnb29nbGUubWFwcy5wbGFjZXMudjEuUGxhY2VzLkdldFBsYWNlEAIYBCAA,"1a Eyot Gardens, London W6 9TN, UK",,Greater London,England,United Kingdom,GB,W6 9TN,51.4893158,-0.24396299999999999,italian_restaurant,"italian_restaurant, cake_shop, meal_delivery, food_delivery, grocery_store, deli, bakery, shipping_service, wholesaler, food_store, store, manufacturer, service, restaurant, food, point_of_interest, establishment",OPERATIONAL,4.3,572.0,PRICE_LEVEL_MODERATE,RESOLVED_FROM_URL
Cafe OTO,,https://www.google.com/maps/place/Cafe+OTO/data=!4m2!3m1!1s0x48761c8d8cf69e4f:0xc8cae5601942a67b,,,Wanna go,wanna_go,ChIJT572jI0cdkgRe6ZCGWDlysg,Cafe OTO,https://maps.google.com/?cid=14468628953784559227&g_mp=CiVnb29nbGUubWFwcy5wbGFjZXMudjEuUGxhY2VzLkdldFBsYWNlEAIYBCAA,"18-22 Ashwin St, London E8 3DL, UK",,Greater London,England,United Kingdom,GB,E8 3DL,51.546941999999994,-0.0747723,cafe,"cafe, food, point_of_interest, establishment",OPERATIONAL,4.6,751.0,PRICE_LEVEL_INEXPENSIVE,RESOLVED_FROM_URL
Cinquecento,,https://www.google.com/maps/place/Cinquecento/data=!4m2!3m1!1s0x487605f2c2f43143:0x7e08f8f0787529c7,,,Wanna go,wanna_go,ChIJQzH0wvIFdkgRxyl1ePD4CH4,Cinquecento Neapolitan Pizzeria (Chelsea),https://maps.google.com/?cid=9081782360289388999&g_mp=CiVnb29nbGUubWFwcy5wbGFjZXMudjEuUGxhY2VzLkdldFBsYWNlEAIYBCAA,"1 Cale St, London SW3 3QT, UK",,Greater London,England,United Kingdom,GB,SW3 3QT,51.490513299999996,-0.16598700000000002,italian_restaurant,"pizza_restaurant, italian_restaurant, restaurant, food, point_of_interest, establishment",OPERATIONAL,4.3,1644.0,PRICE_LEVEL_MODERATE,RESOLVED_FROM_URL
Ixchel,,https://www.google.com/maps/place/Ixchel/data=!4m2!3m1!1s0x4876052e0aaf3eb5:0xcfb3574d9be9ceec,,,Wanna go,wanna_go,ChIJtT6vCi4FdkgR7M7pm01Xs88,Ixchel,https://maps.google.com/?cid=14966401977522179820&g_mp=CiVnb29nbGUubWFwcy5wbGFjZXMudjEuUGxhY2VzLkdldFBsYWNlEAIYBCAA,"33H King's Rd, London SW3 4LX, UK",,Greater London,England,United Kingdom,GB,SW3 4LX,51.490422099999996,-0.16177039999999998,mexican_restaurant,"mexican_restaurant, restaurant, food, point_of_interest, establishment",OPERATIONAL,4.6,1237.0,,RESOLVED_FROM_URL
The Harwood Arms,,https://www.google.com/maps/place/The+Harwood+Arms/data=!4m2!3m1!1s0x48760f85825db661:0x179020c361401bac,,,Wanna go,wanna_go,ChIJYbZdgoUPdkgRrBtAYcMgkBc,The Harwood Arms,https://maps.google.com/?cid=1697893083040979884&g_mp=CiVnb29nbGUubWFwcy5wbGFjZXMudjEuUGxhY2VzLkdldFBsYWNlEAIYBCAA,"Walham Grove, London SW6 1QJ, UK",,Greater London,England,United Kingdom,GB,SW6 1QJ,51.4829152,-0.19648839999999998,gastropub,"gastropub, british_restaurant, pub, bar, restaurant, food, point_of_interest, establishment",OPERATIONAL,4.6,1691.0,,RESOLVED_FROM_URL
ZhangLiang Malatang,,https://www.google.com/maps/place/ZhangLiang+Malatang/data=!4m2!3m1!1s0x487605f8b6afa777:0xd98de00edac94bf8,,,Wanna go,wanna_go,ChIJd6evtvgFdkgR-EvJ2g7gjdk,ZhangLiang Malatang,https://maps.google.com/?cid=15676432232351353848&g_mp=CiVnb29nbGUubWFwcy5wbGFjZXMudjEuUGxhY2VzLkdldFBsYWNlEAIYBCAA,"Nassau House, 112A Shaftesbury Ave, London W1D 5EJ, UK",,Greater London,England,United Kingdom,GB,W1D 5EJ,51.512377799999996,-0.1307475,restaurant,"restaurant, food, point_of_interest, establishment",OPERATIONAL,3.9,476.0,PRICE_LEVEL_MODERATE,RESOLVED_FROM_URL
"The Bell & Crown, Chiswick",,"https://www.google.com/maps/place/The+Bell+%26+Crown,+Chiswick/data=!4m2!3m1!1s0x48760e7647d6aa8b:0x6121253488cd5c4",,,Wanna go,wanna_go,ChIJi6rWR3YOdkgRxNWMSFMSEgY,"The Bell & Crown, Chiswick",https://maps.google.com/?cid=437432262717134276&g_mp=CiVnb29nbGUubWFwcy5wbGFjZXMudjEuUGxhY2VzLkdldFBsYWNlEAIYBCAA,"11-13 Thames Rd, Strand-on-the-Green, London W4 3PL, UK",Strand-on-the-Green,Greater London,England,United Kingdom,GB,W4 3PL,51.486995400000005,-0.2831294,pub,"pub, bar, point_of_interest, establishment",OPERATIONAL,4.6,1986.0,,RESOLVED_FROM_URL
The Hunter's Moon,Lo recomendo jay por su sunday roast,https://www.google.com/maps/place/The+Hunter's+Moon/data=!4m2!3m1!1s0x487605689503f609:0x6f3844367fb0a77b,,,Wanna go,wanna_go,ChIJCfYDlWgFdkgRe6ewfzZEOG8,The Hunter's Moon,https://maps.google.com/?cid=8014230537767004027&g_mp=CiVnb29nbGUubWFwcy5wbGFjZXMudjEuUGxhY2VzLkdldFBsYWNlEAIYBCAA,"86 Fulham Rd., South Kensington, London SW3 6HR, UK",South Kensington,Greater London,England,United Kingdom,GB,SW3 6HR,51.4900579,-0.1748981,restaurant,"restaurant, fine_dining_restaurant, pub, bar, food, point_of_interest, establishment",OPERATIONAL,4.6,663.0,PRICE_LEVEL_MODERATE,RESOLVED_FROM_URL
Skehans,,https://www.google.com/maps/place/Skehans/data=!4m2!3m1!1s0x487603ac83c1a3d9:0xa04649589bdfd07d,,,Wanna go,wanna_go,ChIJ2aPBg6wDdkgRfdDfm1hJRqA,Skehans,https://maps.google.com/?cid=11548998939359301757&g_mp=CiVnb29nbGUubWFwcy5wbGFjZXMudjEuUGxhY2VzLkdldFBsYWNlEAIYBCAA,"1 Kitto Rd, London SE14 5TW, UK",,Greater London,England,United Kingdom,GB,SE14 5TW,51.4675,-0.0494444,irish_pub,"irish_pub, pub, gastropub, bar, restaurant, food, point_of_interest, establishment",OPERATIONAL,4.6,1320.0,PRICE_LEVEL_MODERATE,RESOLVED_FROM_URL
LALÏ,,https://www.google.com/maps/place/LAL%C3%8F/data=!4m2!3m1!1s0x487605e02d25e1ef:0x65475ac1385231bf,,,Wanna go,wanna_go,ChIJ7-ElLeAFdkgRvzFSOMFaR2U,LALÏ,https://maps.google.com/?cid=7297901507097276863&g_mp=CiVnb29nbGUubWFwcy5wbGFjZXMudjEuUGxhY2VzLkdldFBsYWNlEAIYBCAA,"33A Bruton Pl, London W1J 6NP, UK",,Greater London,England,United Kingdom,GB,W1J 6NP,51.5106891,-0.1455272,cafe,"cafe, brunch_restaurant, restaurant, food, point_of_interest, establishment",OPERATIONAL,4.4,930.0,PRICE_LEVEL_MODERATE,RESOLVED_FROM_URL
The Quality Chop House,"Topjaw, se ve bueno para carnes y para ir con Ayeyo",https://www.google.com/maps/place/The+Quality+Chop+House/data=!4m2!3m1!1s0x48761b4f6872b949:0xab49a63dc3a37e23,,,Wanna go,wanna_go,ChIJSblyaE8bdkgRI36jwz2mSas,The Quality Chop House,https://maps.google.com/?cid=12342579037991042595&g_mp=CiVnb29nbGUubWFwcy5wbGFjZXMudjEuUGxhY2VzLkdldFBsYWNlEAIYBCAA,"92-94 Farringdon Rd, London EC1R 3EA, UK",,Greater London,England,United Kingdom,GB,EC1R 3EA,51.524771799999996,-0.11001169999999999,restaurant,"steak_house, european_restaurant, british_restaurant, restaurant, food, point_of_interest, establishment",OPERATIONAL,4.6,1751.0,,RESOLVED_FROM_URL
Tregenna Castle Resort,,https://www.google.com/maps/place/Tregenna+Castle+Resort/data=!4m2!3m1!1s0x486add410fd831f9:0xd443d4b1c546da82,,,Wanna go,wanna_go,ChIJ-THYD0HdakgRgtpGxbHUQ9Q,Tregenna Castle Resort,https://maps.google.com/?cid=15295302619464391298&g_mp=CiVnb29nbGUubWFwcy5wbGFjZXMudjEuUGxhY2VzLkdldFBsYWNlEAIYBCAA,"Trelyon Ave, Carbis Bay, Saint Ives TR26 2DE, UK",,Carbis Bay,England,United Kingdom,GB,TR26 2DE,50.2045008,-5.4780479,hotel,"hotel, resort_hotel, golf_course, wedding_venue, event_venue, lodging, bar, athletic_field, sports_activity_location, restaurant, food, point_of_interest, service, establishment",OPERATIONAL,4.4,1915.0,,RESOLVED_FROM_URL
Well & Bucket,,https://www.google.com/maps/place/Well+%26+Bucket/data=!4m2!3m1!1s0x48761cb7f0da1355:0xb0f0da2641965c56,,,Wanna go,wanna_go,ChIJVRPa8LccdkgRVlyWQSba8LA,Well & Bucket,https://maps.google.com/?cid=12749930402929859670&g_mp=CiVnb29nbGUubWFwcy5wbGFjZXMudjEuUGxhY2VzLkdldFBsYWNlEAIYBCAA,"143 Bethnal Grn Rd, London E2 7DG, UK",,Greater London,England,United Kingdom,GB,E2 7DG,51.5253753,-0.0710489,pub,"pub, gastropub, bar, restaurant, food, point_of_interest, establishment",OPERATIONAL,4.4,1905.0,PRICE_LEVEL_MODERATE,RESOLVED_FROM_URL
Pophams Home & Pantry,,https://www.google.com/maps/place/Pophams+Home+%26+Pantry/data=!4m2!3m1!1s0x48761b71451e7a91:0xf421a5915d112b13,,,Wanna go,wanna_go,ChIJkXoeRXEbdkgREysRXZGlIfQ,Pophams Home & Pantry,https://maps.google.com/?cid=17591523663236115219&g_mp=CiVnb29nbGUubWFwcy5wbGFjZXMudjEuUGxhY2VzLkdldFBsYWNlEAIYBCAA,"21 Prebend St, London N1 8PF, UK",,Greater London,England,United Kingdom,GB,N1 8PF,51.536884199999996,-0.0963792,gift_shop,"gift_shop, store, point_of_interest, establishment",OPERATIONAL,4.4,19.0,,RESOLVED_FROM_URL
Pophams,,https://www.google.com/maps/place/Pophams/data=!4m2!3m1!1s0x48761b606577a8e9:0x23af144d10218a9c,,,Wanna go,wanna_go,ChIJ6ah3ZWAbdkgRnIohEE0UryM,Pophams,https://maps.google.com/?cid=2571296233467513500&g_mp=CiVnb29nbGUubWFwcy5wbGFjZXMudjEuUGxhY2VzLkdldFBsYWNlEAIYBCAA,"19 Prebend St, London N1 8PF, UK",,Greater London,England,United Kingdom,GB,N1 8PF,51.53685,-0.09644459999999999,bakery,"bakery, cafe, food_store, store, food, point_of_interest, establishment",OPERATIONAL,4.6,1604.0,PRICE_LEVEL_MODERATE,RESOLVED_FROM_URL
Dal Fiorentino Hoxton,,https://www.google.com/maps/place/Dal+Fiorentino+Hoxton/data=!4m2!3m1!1s0x48761ddeaef125d5:0x6edc22f98306485b,,,Wanna go,wanna_go,ChIJ1SXxrt4ddkgRW0gGg_ki3G4,Dal Fiorentino Hoxton,https://maps.google.com/?cid=7988298294088845403&g_mp=CiVnb29nbGUubWFwcy5wbGFjZXMudjEuUGxhY2VzLkdldFBsYWNlEAIYBCAA,"74 Hoxton St, London N1 6LP, UK",,Greater London,England,United Kingdom,GB,N1 6LP,51.530268,-0.0801139,sandwich_shop,"sandwich_shop, restaurant, food, point_of_interest, establishment",OPERATIONAL,4.8,821.0,PRICE_LEVEL_INEXPENSIVE,RESOLVED_FROM_URL
Tollingtons,,https://www.google.com/maps/place/Tollingtons/data=!4m2!3m1!1s0x48761b90bae37c2f:0x8619a8a900bf20ed,,,Wanna go,wanna_go,ChIJL3zjupAbdkgR7SC_AKmoGYY,Tollingtons,https://maps.google.com/?cid=9662939919315575021&g_mp=CiVnb29nbGUubWFwcy5wbGFjZXMudjEuUGxhY2VzLkdldFBsYWNlEAIYBCAA,"172 Tollington Park, Finsbury Park, London N4 3AJ, UK",Finsbury Park,Greater London,England,United Kingdom,GB,N4 3AJ,51.5682827,-0.1109213,seafood_restaurant,"seafood_restaurant, bar, restaurant, food, point_of_interest, establishment",OPERATIONAL,4.2,361.0,PRICE_LEVEL_MODERATE,RESOLVED_FROM_URL
The Albion,,https://www.google.com/maps/place/The+Albion/data=!4m2!3m1!1s0x48761b6911b4c509:0xab9ed93d1f561344,,,Wanna go,wanna_go,ChIJCcW0EWkbdkgRRBNWHz3Znqs,The Albion,https://maps.google.com/?cid=12366560483347927876&g_mp=CiVnb29nbGUubWFwcy5wbGFjZXMudjEuUGxhY2VzLkdldFBsYWNlEAIYBCAA,"10 Thornhill Rd, London N1 1HW, UK",,Greater London,England,United Kingdom,GB,N1 1HW,51.539368499999995,-0.1095114,gastropub,"gastropub, bar, restaurant, point_of_interest, food, establishment",OPERATIONAL,4.0,1931.0,PRICE_LEVEL_MODERATE,RESOLVED_FROM_URL
Lita Marylebone,,https://www.google.com/maps/place/Lita+Marylebone/data=!4m2!3m1!1s0x48761b002c6228a7:0xb74471ec009e4619,,,Wanna go,wanna_go,ChIJpyhiLAAbdkgRGUaeAOxxRLc,Lita Marylebone,https://maps.google.com/?cid=13205805265793730073&g_mp=CiVnb29nbGUubWFwcy5wbGFjZXMudjEuUGxhY2VzLkdldFBsYWNlEAIYBCAA,"7-9 Paddington St, London W1U 5QH, UK",,Greater London,England,United Kingdom,GB,W1U 5QH,51.52080850000001,-0.15269249999999998,mediterranean_restaurant,"mediterranean_restaurant, fine_dining_restaurant, restaurant, food, point_of_interest, establishment",OPERATIONAL,4.3,573.0,PRICE_LEVEL_VERY_EXPENSIVE,RESOLVED_FROM_URL
BRAT Restaurant,,https://www.google.com/maps/place/BRAT+Restaurant/data=!4m2!3m1!1s0x48761cb0b66575ed:0xbc95fbb590ac2921,,,Wanna go,wanna_go,ChIJ7XVltrAcdkgRISmskLX7lbw,BRAT Restaurant,https://maps.google.com/?cid=13589044207895193889&g_mp=CiVnb29nbGUubWFwcy5wbGFjZXMudjEuUGxhY2VzLkdldFBsYWNlEAIYBCAA,"4 Redchurch St, London E1 6JL, UK",,Greater London,England,United Kingdom,GB,E1 6JL,51.5242042,-0.0767031,basque_restaurant,"basque_restaurant, bar_and_grill, british_restaurant, spanish_restaurant, bar, restaurant, food, point_of_interest, establishment",OPERATIONAL,4.5,2457.0,,RESOLVED_FROM_URL
The Baring,,https://www.google.com/maps/place/The+Baring/data=!4m2!3m1!1s0x48761d33016922b3:0x60b93db165c75937,,,Wanna go,wanna_go,ChIJsyJpATMddkgRN1nHZbE9uWA,The Baring,https://maps.google.com/?cid=6969669730458622263&g_mp=CiVnb29nbGUubWFwcy5wbGFjZXMudjEuUGxhY2VzLkdldFBsYWNlEAIYBCAA,"55 Baring St, London N1 3DS, UK",,Greater London,England,United Kingdom,GB,N1 3DS,51.537102399999995,-0.08850469999999999,gastropub,"gastropub, bar, restaurant, food, point_of_interest, establishment",OPERATIONAL,4.8,571.0,PRICE_LEVEL_MODERATE,RESOLVED_FROM_URL
The Red Lion & Sun,,https://www.google.com/maps/place/The+Red+Lion+%26+Sun/data=!4m2!3m1!1s0x48761a4f2a8226db:0xbb683e113bd03d4d,,,Wanna go,wanna_go,ChIJ2yaCKk8adkgRTT3QOxE-aLs,The Red Lion & Sun,https://maps.google.com/?cid=13504111726409301325&g_mp=CiVnb29nbGUubWFwcy5wbGFjZXMudjEuUGxhY2VzLkdldFBsYWNlEAIYBCAA,"25 North Rd, London N6 4BE, UK",,Greater London,England,United Kingdom,GB,N6 4BE,51.572627399999995,-0.1501335,gastropub,"gastropub, beer_garden, pub, bar, restaurant, point_of_interest, food, establishment",OPERATIONAL,4.5,1036.0,PRICE_LEVEL_MODERATE,RESOLVED_FROM_URL
The Parakeet Pub,,https://www.google.com/maps/place/The+Parakeet+Pub/data=!4m2!3m1!1s0x48761bbbf1ad979d:0xcb0e60e2783a037,,,Wanna go,wanna_go,ChIJnZet8bsbdkgRN6CDJw7msAw,The Parakeet,https://maps.google.com/?cid=914483672823078967&g_mp=CiVnb29nbGUubWFwcy5wbGFjZXMudjEuUGxhY2VzLkdldFBsYWNlEAIYBCAA,"256 Kentish Town Rd, London NW5 2AA, UK",,Greater London,England,United Kingdom,GB,NW5 2AA,51.549781599999996,-0.1404891,pub,"pub, fine_dining_restaurant, event_venue, bar, restaurant, food, point_of_interest, service, establishment",OPERATIONAL,4.6,1150.0,PRICE_LEVEL_MODERATE,RESOLVED_FROM_URL
CAFÉ MONDO,,https://www.google.com/maps/place/CAF%C3%89+MONDO/data=!4m2!3m1!1s0x487603291c6dc12f:0xbe0f0e61125c27db,,,Wanna go,wanna_go,ChIJL8FtHCkDdkgR2ydcEmEOD74,CAFÉ MONDO,https://maps.google.com/?cid=13695180801939613659&g_mp=CiVnb29nbGUubWFwcy5wbGFjZXMudjEuUGxhY2VzLkdldFBsYWNlEAIYBCAA,"42 Peckham Rd, London SE5 8PX, UK",,Greater London,England,United Kingdom,GB,SE5 8PX,51.4734765,-0.0811846,sandwich_shop,"sandwich_shop, restaurant, food, point_of_interest, establishment",OPERATIONAL,4.5,262.0,PRICE_LEVEL_INEXPENSIVE,RESOLVED_FROM_URL
The Bagel Guys,,https://www.google.com/maps/place/The+Bagel+Guys/data=!4m2!3m1!1s0x48761d4892690a03:0xa410550243bb4034,,,Wanna go,wanna_go,ChIJAwppkkgddkgRNEC7QwJVEKQ,The Bagel Guys,https://maps.google.com/?cid=11822042490062192692&g_mp=CiVnb29nbGUubWFwcy5wbGFjZXMudjEuUGxhY2VzLkdldFBsYWNlEAIYBCAA,"Netil Market, 13-23 Westgate St, London E8 3RL, UK",,Greater London,England,United Kingdom,GB,E8 3RL,51.5375965,-0.058666499999999996,bagel_shop,"bagel_shop, cafe, bakery, food_store, store, food, point_of_interest, establishment",OPERATIONAL,4.4,187.0,PRICE_LEVEL_INEXPENSIVE,RESOLVED_FROM_URL
Norman's Cafe,,https://www.google.com/maps/place/Norman's+Cafe/data=!4m2!3m1!1s0x48761b1f9ae0359f:0xa774452c291a3a37,,,Wanna go,wanna_go,ChIJnzXgmh8bdkgRNzoaKSxFdKc,Norman's Cafe,https://maps.google.com/?cid=12066345357602863671&g_mp=CiVnb29nbGUubWFwcy5wbGFjZXMudjEuUGxhY2VzLkdldFBsYWNlEAIYBCAA,"167 Junction Rd, Archway, London N19 5PZ, UK",Archway,Greater London,England,United Kingdom,GB,N19 5PZ,51.5606529,-0.13692759999999998,restaurant,"restaurant, food, point_of_interest, establishment",CLOSED_PERMANENTLY,4.3,305.0,PRICE_LEVEL_MODERATE,RESOLVED_FROM_URL
The Fox & Hounds,,https://www.google.com/maps/place/The+Fox+%26+Hounds/data=!4m2!3m1!1s0x4876051707dbdfb9:0xbc22e77072eeee4a,,,Wanna go,wanna_go,ChIJud_bBxcFdkgRSu7ucnDnIrw,The Fox & Hounds,https://maps.google.com/?cid=13556652298489228874&g_mp=CiVnb29nbGUubWFwcy5wbGFjZXMudjEuUGxhY2VzLkdldFBsYWNlEAIYBCAA,"Fox & Hounds, 29 Passmore St, London SW1W 8HR, UK",,Greater London,England,United Kingdom,GB,SW1W 8HR,51.4910959,-0.1549175,pub,"pub, bar, point_of_interest, establishment",OPERATIONAL,4.4,606.0,PRICE_LEVEL_MODERATE,RESOLVED_FROM_URL
Little Duck The Picklery,,https://www.google.com/maps/place/Little+Duck+The+Picklery/data=!4m2!3m1!1s0x48761cf2a504f6ed:0x8352c18957549191,,,Wanna go,wanna_go,ChIJ7fYEpfIcdkgRkZFUV4nBUoM,Little Duck The Picklery,https://maps.google.com/?cid=9462838562678673809&g_mp=CiVnb29nbGUubWFwcy5wbGFjZXMudjEuUGxhY2VzLkdldFBsYWNlEAIYBCAA,"68 Dalston Ln, London E8 3AH, UK",,Greater London,England,United Kingdom,GB,E8 3AH,51.54613200000001,-0.07074989999999999,restaurant,"wine_bar, bar, restaurant, food, point_of_interest, establishment",OPERATIONAL,4.4,698.0,PRICE_LEVEL_EXPENSIVE,RESOLVED_FROM_URL
Nostos Coffee,,https://www.google.com/maps/place/Nostos+Coffee/data=!4m2!3m1!1s0x487605159d49efa1:0x9218e23ad25a8c97,,,Wanna go,wanna_go,ChIJoe9JnRUFdkgRl4xa0jriGJI,Nostos Coffee,https://maps.google.com/?cid=10527412871243664535&g_mp=CiVnb29nbGUubWFwcy5wbGFjZXMudjEuUGxhY2VzLkdldFBsYWNlEAIYBCAA,"Next to, Battersea Park Railway Station, 10a Battersea Park Rd, Nine Elms, London SW8 4FF, UK",Nine Elms,Greater London,England,United Kingdom,GB,SW8 4FF,51.477041299999996,-0.146927,coffee_shop,"coffee_shop, cafe, food_store, store, point_of_interest, food, establishment",OPERATIONAL,4.7,589.0,PRICE_LEVEL_INEXPENSIVE,RESOLVED_FROM_URL
Brockley's Rock,,https://www.google.com/maps/place/Brockley's+Rock/data=!4m2!3m1!1s0x48760245a1e334b3:0xb6f759af3ca36fb8,,,Wanna go,wanna_go,ChIJszTjoUUCdkgRuG-jPK9Z97Y,Brockley's Rock,https://maps.google.com/?cid=13184105043321909176&g_mp=CiVnb29nbGUubWFwcy5wbGFjZXMudjEuUGxhY2VzLkdldFBsYWNlEAIYBCAA,"317 Brockley Rd, London SE4 2QZ, UK",,Greater London,England,United Kingdom,GB,SE4 2QZ,51.4594435,-0.0336,meal_takeaway,"meal_takeaway, restaurant, food, point_of_interest, establishment",OPERATIONAL,4.5,1215.0,PRICE_LEVEL_INEXPENSIVE,RESOLVED_FROM_URL
Rita's,,https://www.google.com/maps/place/Rita's/data=!4m2!3m1!1s0x48760571d64cd7a1:0x1022e66da080d3b0,,,Wanna go,wanna_go,ChIJoddM1nEFdkgRsNOAoG3mIhA,Rita's,https://maps.google.com/?cid=1162745012333630384&g_mp=CiVnb29nbGUubWFwcy5wbGFjZXMudjEuUGxhY2VzLkdldFBsYWNlEAIYBCAA,"49 Lexington St, Carnaby, London W1F 9AP, UK",Carnaby,Greater London,England,United Kingdom,GB,W1F 9AP,51.5131313,-0.1364559,bistro,"bistro, restaurant, food, point_of_interest, establishment",OPERATIONAL,4.4,414.0,PRICE_LEVEL_VERY_EXPENSIVE,RESOLVED_FROM_URL
The Ship,,https://www.google.com/maps/place/The+Ship/data=!4m2!3m1!1s0x48760f7d679e1593:0xca0b4567e3622266,,,Wanna go,wanna_go,ChIJkxWeZ30PdkgRZiJi42dFC8o,The Ship,https://maps.google.com/?cid=14558806532904067686&g_mp=CiVnb29nbGUubWFwcy5wbGFjZXMudjEuUGxhY2VzLkdldFBsYWNlEAIYBCAA,"41 Jews Row, London SW18 1TB, UK",,Greater London,England,United Kingdom,GB,SW18 1TB,51.4635107,-0.18809889999999999,pub,"pub, beer_garden, sports_bar, bar, restaurant, point_of_interest, food, establishment",OPERATIONAL,4.3,3027.0,PRICE_LEVEL_MODERATE,RESOLVED_FROM_URL
Jolene Bakery & Restaurant,,https://www.google.com/maps/place/Jolene+Bakery+%26+Restaurant/data=!4m2!3m1!1s0x48761d1b4e662873:0x2b2748b5dcf20b57,,,Wanna go,wanna_go,ChIJcyhmThsddkgRVwvy3LVIJys,Jolene Bakery & Restaurant,https://maps.google.com/?cid=3109534013655747415&g_mp=CiVnb29nbGUubWFwcy5wbGFjZXMudjEuUGxhY2VzLkdldFBsYWNlEAIYBCAA,"21 Newington Grn, Mayville Estate, London N16 9PU, UK",Mayville Estate,Greater London,England,United Kingdom,GB,N16 9PU,51.5513088,-0.0844365,bakery,"bakery, food_store, store, restaurant, food, point_of_interest, establishment",OPERATIONAL,4.3,1209.0,PRICE_LEVEL_MODERATE,RESOLVED_FROM_URL
Canteen | Notting Hill,,https://www.google.com/maps/place/Canteen+%7C+Notting+Hill/data=!4m2!3m1!1s0x487611090a0464d3:0xb2bfc47799e89ff,,,Wanna go,wanna_go,ChIJ02QECgkRdkgR_4meeUf8Kws,Canteen | Notting Hill,https://maps.google.com/?cid=805014342329076223&g_mp=CiVnb29nbGUubWFwcy5wbGFjZXMudjEuUGxhY2VzLkdldFBsYWNlEAIYBCAA,"310 Portobello Rd, London W10 5TA, UK",,Greater London,England,United Kingdom,GB,W10 5TA,51.5210022,-0.2093261,italian_restaurant,"italian_restaurant, restaurant, food, point_of_interest, establishment",OPERATIONAL,4.1,515.0,PRICE_LEVEL_MODERATE,RESOLVED_FROM_URL
1910 Parsons Green,,https://www.google.com/maps/place/1910+Parsons+Green/data=!4m2!3m1!1s0x48760f3e3a1401e1:0x569fc4aeb4efb09,,,Wanna go,wanna_go,ChIJ4QEUOj4PdkgRCftO60r8aQU,1910 Parsons Green,https://maps.google.com/?cid=390120241449859849&g_mp=CiVnb29nbGUubWFwcy5wbGFjZXMudjEuUGxhY2VzLkdldFBsYWNlEAIYBCAA,"277 New Kings Rd, London SW6 4RD, UK",,Greater London,England,United Kingdom,GB,SW6 4RD,51.4722498,-0.2020302,mexican_restaurant,"mexican_restaurant, restaurant, food, point_of_interest, establishment",OPERATIONAL,4.7,256.0,PRICE_LEVEL_MODERATE,RESOLVED_FROM_URL
Trafalgar Tavern,,https://www.google.com/maps/place/Trafalgar+Tavern/data=!4m2!3m1!1s0x48760282e79d80b9:0x5430eeab9f7f1199,,,Wanna go,wanna_go,ChIJuYCd54ICdkgRmRF_n6vuMFQ,Trafalgar Tavern,https://maps.google.com/?cid=6066611118950781337&g_mp=CiVnb29nbGUubWFwcy5wbGFjZXMudjEuUGxhY2VzLkdldFBsYWNlEAIYBCAA,"Park Row, London SE10 9NW, UK",,Greater London,England,United Kingdom,GB,SE10 9NW,51.4846176,-0.0041613,pub,"pub, beer_garden, cocktail_bar, gastropub, wedding_venue, event_venue, bar, historical_landmark, historical_place, restaurant, food, point_of_interest, service, establishment",OPERATIONAL,4.4,7070.0,PRICE_LEVEL_MODERATE,RESOLVED_FROM_URL
Hideaway Coffee House,,https://www.google.com/maps/place/Hideaway+Coffee+House/data=!4m2!3m1!1s0x4876057cc8805b41:0x60c897012e57e344,,,Wanna go,wanna_go,ChIJQVuAyHwFdkgRRONXLgGXyGA,Hideaway Coffee House,https://maps.google.com/?cid=6973990054311486276&g_mp=CiVnb29nbGUubWFwcy5wbGFjZXMudjEuUGxhY2VzLkdldFBsYWNlEAIYBCAA,"7 Farrier's Psge, London W1D 7DP, UK",,Greater London,England,United Kingdom,GB,W1D 7DP,51.511337499999996,-0.1352386,coffee_shop,"coffee_shop, cafe, food_store, food, store, point_of_interest, establishment",OPERATIONAL,4.8,1276.0,PRICE_LEVEL_INEXPENSIVE,RESOLVED_FROM_URL
The Connaught Bar,,https://www.google.com/maps/place/The+Connaught+Bar/data=!4m2!3m1!1s0x4876052c2ca3aad1:0x31d2bd6d7898f9b2,,,Wanna go,wanna_go,ChIJ0aqjLCwFdkgRsvmYeG290jE,The Connaught Bar,https://maps.google.com/?cid=3590140130840082866&g_mp=CiVnb29nbGUubWFwcy5wbGFjZXMudjEuUGxhY2VzLkdldFBsYWNlEAIYBCAA,"The Connaught, 16 Carlos Pl, London W1K 2AL, UK",,Greater London,England,United Kingdom,GB,W1K 2AL,51.5101813,-0.14968579999999998,cocktail_bar,"cocktail_bar, wine_bar, bar, food, point_of_interest, establishment",OPERATIONAL,4.6,1295.0,,RESOLVED_FROM_URL
St. John,,https://www.google.com/maps/place/St.+John/data=!4m2!3m1!1s0x48761b5161b93317:0x86773f8e76f37d7,,,Wanna go,wanna_go,ChIJFzO5YVEbdkgR1zdv5_hzZwg,St. John,https://maps.google.com/?cid=605580187776530391&g_mp=CiVnb29nbGUubWFwcy5wbGFjZXMudjEuUGxhY2VzLkdldFBsYWNlEAIYBCAA,"26 St John St, Barbican, London EC1M 4AY, UK",Barbican,Greater London,England,United Kingdom,GB,EC1M 4AY,51.5204534,-0.10143039999999999,british_restaurant,"british_restaurant, western_restaurant, fine_dining_restaurant, european_restaurant, bar, restaurant, food, point_of_interest, establishment",OPERATIONAL,4.5,3200.0,PRICE_LEVEL_EXPENSIVE,RESOLVED_FROM_URL
St John Bread and Wine,,https://www.google.com/maps/place/St+John+Bread+and+Wine/data=!4m2!3m1!1s0x48761cb4248df3e7:0xe804dfce31c7745b,,,Wanna go,wanna_go,ChIJ5_ONJLQcdkgRW3THMc7fBOg,St. JOHN Bread and Wine,https://maps.google.com/?cid=16718733793397535835&g_mp=CiVnb29nbGUubWFwcy5wbGFjZXMudjEuUGxhY2VzLkdldFBsYWNlEAIYBCAA,"94-96 Commercial St, London E1 6LZ, UK",,Greater London,England,United Kingdom,GB,E1 6LZ,51.519737299999996,-0.0742167,restaurant,"liquor_store, store, british_restaurant, restaurant, food, point_of_interest, establishment",OPERATIONAL,4.5,1297.0,PRICE_LEVEL_EXPENSIVE,RESOLVED_FROM_URL
STRAKER'S,,https://www.google.com/maps/place/STRAKER'S/data=!4m2!3m1!1s0x48761133abe90753:0xb014d965de61ff0e,,,Wanna go,wanna_go,ChIJUwfpqzMRdkgRDv9h3mXZFLA,STRAKER'S,https://maps.google.com/?cid=12688005081755418382&g_mp=CiVnb29nbGUubWFwcy5wbGFjZXMudjEuUGxhY2VzLkdldFBsYWNlEAIYBCAA,"91 Golborne Rd, London W10 5NL, UK",,Greater London,England,United Kingdom,GB,W10 5NL,51.521520599999995,-0.20870909999999998,restaurant,"restaurant, food, point_of_interest, establishment",OPERATIONAL,4.1,883.0,PRICE_LEVEL_VERY_EXPENSIVE,RESOLVED_FROM_URL
Black Bear Burger,,https://www.google.com/maps/place/Black+Bear+Burger/data=!4m2!3m1!1s0x487605d2742096c1:0x21f3aa3ba784beb7,,,Wanna go,wanna_go,ChIJwZYgdNIFdkgRt76Epzuq8yE,Black Bear Burger - Victoria,https://maps.google.com/?cid=2446486195782598327&g_mp=CiVnb29nbGUubWFwcy5wbGFjZXMudjEuUGxhY2VzLkdldFBsYWNlEAIYBCAA,"Market halls Victoria, 191 Victoria St, London SW1E 5NE, UK",,Greater London,England,United Kingdom,GB,SW1E 5NE,51.4962935,-0.1443739,hamburger_restaurant,"hamburger_restaurant, american_restaurant, restaurant, food, point_of_interest, establishment",OPERATIONAL,4.7,1052.0,PRICE_LEVEL_MODERATE,RESOLVED_FROM_URL
The River Café,,https://www.google.com/maps/place/The+River+Caf%C3%A9/data=!4m2!3m1!1s0x48760fb010bf16c7:0x26a2eb12ed316c17,,,Wanna go,wanna_go,ChIJxxa_ELAPdkgRF2wx7RLroiY,The River Café,https://maps.google.com/?cid=2784045986189765655&g_mp=CiVnb29nbGUubWFwcy5wbGFjZXMudjEuUGxhY2VzLkdldFBsYWNlEAIYBCAA,"Thames Wharf, Rainville Rd, London W6 9HA, UK",,Greater London,England,United Kingdom,GB,W6 9HA,51.483998799999995,-0.2242253,fine_dining_restaurant,"fine_dining_restaurant, bar, restaurant, food, point_of_interest, establishment",OPERATIONAL,4.2,2106.0,PRICE_LEVEL_VERY_EXPENSIVE,RESOLVED_FROM_URL
The Grenadier,,https://www.google.com/maps/place/The+Grenadier/data=!4m2!3m1!1s0x4876053b1b1d15bd:0xbd75c6e91cfcc68c,,,Wanna go,wanna_go,ChIJvRUdGzsFdkgRjMb8HOnGdb0,The Grenadier,https://maps.google.com/?cid=13652036549959534220&g_mp=CiVnb29nbGUubWFwcy5wbGFjZXMudjEuUGxhY2VzLkdldFBsYWNlEAIYBCAA,"18 Wilton Row, London SW1X 7NR, UK",,Greater London,England,United Kingdom,GB,SW1X 7NR,51.501493599999996,-0.15490109999999999,pub,"pub, bar, restaurant, food, point_of_interest, establishment",OPERATIONAL,4.6,2699.0,PRICE_LEVEL_MODERATE,RESOLVED_FROM_URL
Trullo,,https://www.google.com/maps/place/Trullo/data=!4m2!3m1!1s0x48761b64b5b2568d:0xf3e1468e90952e2a,,,Wanna go,wanna_go,ChIJjVaytWQbdkgRKi6VkI5G4fM,Trullo,https://maps.google.com/?cid=17573404799101382186&g_mp=CiVnb29nbGUubWFwcy5wbGFjZXMudjEuUGxhY2VzLkdldFBsYWNlEAIYBCAA,"300-302 St Paul's Rd, London N1 2LH, UK",,Greater London,England,United Kingdom,GB,N1 2LH,51.546265000000005,-0.10156989999999999,italian_restaurant,"italian_restaurant, bar, restaurant, point_of_interest, food, establishment",OPERATIONAL,4.5,1868.0,PRICE_LEVEL_EXPENSIVE,RESOLVED_FROM_URL
Leo's Restaurant & Bar,,https://www.google.com/maps/place/Leo's+Restaurant+%26+Bar/data=!4m2!3m1!1s0x48761dcf7511a801:0x2b08acb0cb2bc9e8,,,Wanna go,wanna_go,ChIJAagRdc8ddkgR6Mkry7CsCCs,Leo's Restaurant & Bar,https://maps.google.com/?cid=3100918218767452648&g_mp=CiVnb29nbGUubWFwcy5wbGFjZXMudjEuUGxhY2VzLkdldFBsYWNlEAIYBCAA,"59 Chatsworth Rd, Lower Clapton, London E5 0LH, UK",Lower Clapton,Greater London,England,United Kingdom,GB,E5 0LH,51.553444899999995,-0.0449619,italian_restaurant,"italian_restaurant, restaurant, food, point_of_interest, establishment",OPERATIONAL,4.3,318.0,PRICE_LEVEL_EXPENSIVE,RESOLVED_FROM_URL
